isic_id,lesion_id,image_type,diagnosis_1,dx,age_approx,sex,anatom_site_general
ISIC_8149219,IL_0000652,clinical: close-up,Malignant,BCC,70.0,male,head/neck
ISIC_4671410,IL_0000652,dermoscopic,Malignant,BCC,70.0,male,head/neck
ISIC_3904045,IL_0003176,clinical: close-up,Malignant,BCC,45.0,female,head/neck
ISIC_5371928,IL_0003176,dermoscopic,Malignant,BCC,45.0,female,head/neck
ISIC_0791494,IL_0004688,clinical: close-up,Malignant,BCC,50.0,male,lower extremity
ISIC_3624913,IL_0004688,dermoscopic,Malignant,BCC,50.0,male,lower extremity
ISIC_5667730,IL_0005081,clinical: close-up,Malignant,SCCKA,45.0,male,head/neck
ISIC_5186409,IL_0005081,dermoscopic,Malignant,SCCKA,45.0,male,head/neck
ISIC_2729538,IL_0006407,clinical: close-up,Malignant,AKIEC,45.0,female,upper extremity
ISIC_5107821,IL_0006407,dermoscopic,Malignant,AKIEC,45.0,female,upper extremity
ISIC_1498519,IL_0008891,clinical: close-up,Benign,NV,15.0,male,head/neck
ISIC_5916190,IL_0008891,dermoscopic,Benign,NV,15.0,male,head/neck
ISIC_3209508,IL_0008969,clinical: close-up,Malignant,BCC,75.0,male,upper extremity
ISIC_9546309,IL_0008969,dermoscopic,Malignant,BCC,75.0,male,upper extremity
ISIC_2978483,IL_0009339,clinical: close-up,Malignant,BCC,70.0,male,
ISIC_8325963,IL_0009339,dermoscopic,Malignant,BCC,70.0,male,
ISIC_8947496,IL_0012199,clinical: close-up,Malignant,SCCKA,65.0,male,upper extremity
ISIC_7213515,IL_0012199,dermoscopic,Malignant,SCCKA,65.0,male,upper extremity
ISIC_5881121,IL_0014412,clinical: close-up,Malignant,BCC,60.0,male,
ISIC_9803465,IL_0014412,dermoscopic,Malignant,BCC,60.0,male,
ISIC_8438197,IL_0019048,clinical: close-up,Malignant,BCC,65.0,female,
ISIC_6039074,IL_0019048,dermoscopic,Malignant,BCC,65.0,female,
ISIC_0652620,IL_0020208,clinical: close-up,Benign,BKL,60.0,male,lower extremity
ISIC_8615296,IL_0020208,dermoscopic,Benign,BKL,60.0,male,lower extremity
ISIC_0402893,IL_0029019,clinical: close-up,Malignant,MEL,75.0,female,
ISIC_5203599,IL_0029019,dermoscopic,Malignant,MEL,75.0,female,
ISIC_2944762,IL_0030541,clinical: close-up,Malignant,BCC,60.0,male,
ISIC_1347581,IL_0030541,dermoscopic,Malignant,BCC,60.0,male,
ISIC_8429141,IL_0039324,clinical: close-up,Malignant,BCC,60.0,female,
ISIC_1874410,IL_0039324,dermoscopic,Malignant,BCC,60.0,female,
ISIC_4499437,IL_0041758,clinical: close-up,Malignant,MEL,40.0,female,
ISIC_3704603,IL_0041758,dermoscopic,Malignant,MEL,40.0,female,
ISIC_5047383,IL_0044468,clinical: close-up,Malignant,MEL,75.0,male,
ISIC_6046943,IL_0044468,dermoscopic,Malignant,MEL,75.0,male,
ISIC_2308076,IL_0047878,clinical: close-up,Benign,NV,40.0,male,head/neck
ISIC_0433706,IL_0047878,dermoscopic,Benign,NV,40.0,male,head/neck
ISIC_4030094,IL_0053198,clinical: close-up,Malignant,BCC,75.0,female,head/neck
ISIC_8463837,IL_0053198,dermoscopic,Malignant,BCC,75.0,female,head/neck
ISIC_9191957,IL_0063537,clinical: close-up,Malignant,BCC,55.0,male,
ISIC_8370666,IL_0063537,dermoscopic,Malignant,BCC,55.0,male,
ISIC_1644500,IL_0075646,clinical: close-up,Malignant,BCC,80.0,male,
ISIC_4932148,IL_0075646,dermoscopic,Malignant,BCC,80.0,male,
ISIC_0512596,IL_0076321,clinical: close-up,Benign,NV,35.0,male,
ISIC_8015399,IL_0076321,dermoscopic,Benign,NV,35.0,male,
ISIC_1889858,IL_0076383,clinical: close-up,Benign,BKL,70.0,female,head/neck
ISIC_3175755,IL_0076383,dermoscopic,Benign,BKL,70.0,female,head/neck
ISIC_6171480,IL_0076523,clinical: close-up,Benign,BKL,60.0,male,
ISIC_3175480,IL_0076523,dermoscopic,Benign,BKL,60.0,male,
ISIC_2511643,IL_0079116,clinical: close-up,Malignant,BCC,50.0,female,
ISIC_5344273,IL_0079116,dermoscopic,Malignant,BCC,50.0,female,
ISIC_2453811,IL_0080050,clinical: close-up,Malignant,BCC,70.0,male,head/neck
ISIC_0813000,IL_0080050,dermoscopic,Malignant,BCC,70.0,male,head/neck
ISIC_5100065,IL_0080398,clinical: close-up,Malignant,MEL,70.0,male,lower extremity
ISIC_9206660,IL_0080398,dermoscopic,Malignant,MEL,70.0,male,lower extremity
ISIC_8453550,IL_0081442,clinical: close-up,Malignant,SCCKA,70.0,male,head/neck
ISIC_7606142,IL_0081442,dermoscopic,Malignant,SCCKA,70.0,male,head/neck
ISIC_4305600,IL_0082869,clinical: close-up,Benign,NV,5.0,female,lower extremity
ISIC_2473856,IL_0082869,dermoscopic,Benign,NV,5.0,female,lower extremity
ISIC_5016123,IL_0083505,clinical: close-up,Benign,NV,40.0,female,
ISIC_8736820,IL_0083505,dermoscopic,Benign,NV,40.0,female,
ISIC_6479651,IL_0087637,clinical: close-up,Benign,BKL,60.0,male,upper extremity
ISIC_0856370,IL_0087637,dermoscopic,Benign,BKL,60.0,male,upper extremity
ISIC_7184100,IL_0091633,clinical: close-up,Malignant,BCC,70.0,male,head/neck
ISIC_7507858,IL_0091633,dermoscopic,Malignant,BCC,70.0,male,head/neck
ISIC_5364143,IL_0092031,clinical: close-up,Malignant,BCC,65.0,male,
ISIC_5597650,IL_0092031,dermoscopic,Malignant,BCC,65.0,male,
ISIC_4065657,IL_0092622,clinical: close-up,Malignant,MEL,65.0,female,head/neck
ISIC_5144687,IL_0092622,dermoscopic,Malignant,MEL,65.0,female,head/neck
ISIC_0603409,IL_0097046,clinical: close-up,Malignant,BCC,65.0,male,
ISIC_3480084,IL_0097046,dermoscopic,Malignant,BCC,65.0,male,
ISIC_6364449,IL_0097908,clinical: close-up,Benign,BKL,75.0,male,upper extremity
ISIC_0107067,IL_0097908,dermoscopic,Benign,BKL,75.0,male,upper extremity
ISIC_4357109,IL_0098895,clinical: close-up,Benign,NV,50.0,male,upper extremity
ISIC_7778161,IL_0098895,dermoscopic,Benign,NV,50.0,male,upper extremity
ISIC_9379796,IL_0100733,clinical: close-up,Benign,BEN_OTH,30.0,female,
ISIC_3874242,IL_0100733,dermoscopic,Benign,BEN_OTH,30.0,female,
ISIC_3234625,IL_0105755,clinical: close-up,Malignant,BCC,65.0,female,head/neck
ISIC_3783885,IL_0105755,dermoscopic,Malignant,BCC,65.0,female,head/neck
ISIC_3483575,IL_0106085,clinical: close-up,Malignant,BCC,65.0,male,
ISIC_0933237,IL_0106085,dermoscopic,Malignant,BCC,65.0,male,
ISIC_9257390,IL_0107208,clinical: close-up,Malignant,BCC,50.0,male,head/neck
ISIC_3818927,IL_0107208,dermoscopic,Malignant,BCC,50.0,male,head/neck
ISIC_7405877,IL_0110620,clinical: close-up,Indeterminate,AKIEC,55.0,male,head/neck
ISIC_6391693,IL_0110620,dermoscopic,Indeterminate,AKIEC,55.0,male,head/neck
ISIC_5683123,IL_0113118,clinical: close-up,Malignant,BCC,65.0,female,lower extremity
ISIC_8483047,IL_0113118,dermoscopic,Malignant,BCC,65.0,female,lower extremity
ISIC_1660394,IL_0115590,clinical: close-up,Malignant,BCC,80.0,female,lower extremity
ISIC_0124081,IL_0115590,dermoscopic,Malignant,BCC,80.0,female,lower extremity
ISIC_9627993,IL_0121735,clinical: close-up,Benign,BKL,70.0,female,head/neck
ISIC_8494727,IL_0121735,dermoscopic,Benign,BKL,70.0,female,head/neck
ISIC_3845463,IL_0125182,clinical: close-up,Malignant,BCC,65.0,female,upper extremity
ISIC_2556147,IL_0125182,dermoscopic,Malignant,BCC,65.0,female,upper extremity
ISIC_1090102,IL_0125566,clinical: close-up,Malignant,BCC,70.0,male,
ISIC_0490468,IL_0125566,dermoscopic,Malignant,BCC,70.0,male,
ISIC_5817638,IL_0126015,clinical: close-up,Benign,BKL,50.0,male,lower extremity
ISIC_4742339,IL_0126015,dermoscopic,Benign,BKL,50.0,male,lower extremity
ISIC_5696217,IL_0134295,clinical: close-up,Malignant,BCC,65.0,male,head/neck
ISIC_7733305,IL_0134295,dermoscopic,Malignant,BCC,65.0,male,head/neck
ISIC_5232497,IL_0136746,clinical: close-up,Malignant,BCC,60.0,male,
ISIC_4749092,IL_0136746,dermoscopic,Malignant,BCC,60.0,male,
ISIC_5667513,IL_0137229,clinical: close-up,Malignant,SCCKA,65.0,male,head/neck
ISIC_0866079,IL_0137229,dermoscopic,Malignant,SCCKA,65.0,male,head/neck
ISIC_7335701,IL_0137493,clinical: close-up,Malignant,BCC,50.0,male,head/neck
ISIC_4135497,IL_0137493,dermoscopic,Malignant,BCC,50.0,male,head/neck
ISIC_8365952,IL_0138483,clinical: close-up,Malignant,BCC,60.0,male,
ISIC_9508636,IL_0138483,dermoscopic,Malignant,BCC,60.0,male,
ISIC_4783176,IL_0142779,clinical: close-up,Malignant,SCCKA,60.0,male,upper extremity
ISIC_0881081,IL_0142779,dermoscopic,Malignant,SCCKA,60.0,male,upper extremity
ISIC_6163759,IL_0143212,clinical: close-up,Indeterminate,AKIEC,60.0,male,head/neck
ISIC_9704524,IL_0143212,dermoscopic,Indeterminate,AKIEC,60.0,male,head/neck
ISIC_4140673,IL_0145900,clinical: close-up,Malignant,BCC,50.0,male,
ISIC_0215803,IL_0145900,dermoscopic,Malignant,BCC,50.0,male,
ISIC_4222996,IL_0147242,clinical: close-up,Malignant,BCC,80.0,male,head/neck
ISIC_7085591,IL_0147242,dermoscopic,Malignant,BCC,80.0,male,head/neck
ISIC_3701587,IL_0149726,clinical: close-up,Malignant,MEL,70.0,male,
ISIC_8667960,IL_0149726,dermoscopic,Malignant,MEL,70.0,male,
ISIC_9584532,IL_0152415,clinical: close-up,Malignant,BCC,70.0,female,lower extremity
ISIC_5006235,IL_0152415,dermoscopic,Malignant,BCC,70.0,female,lower extremity
ISIC_6748961,IL_0158496,clinical: close-up,Malignant,MEL,50.0,male,
ISIC_8918247,IL_0158496,dermoscopic,Malignant,MEL,50.0,male,
ISIC_0226793,IL_0159004,clinical: close-up,Malignant,SCCKA,70.0,female,head/neck
ISIC_0872036,IL_0159004,dermoscopic,Malignant,SCCKA,70.0,female,head/neck
ISIC_6465036,IL_0168605,clinical: close-up,Malignant,SCCKA,80.0,female,head/neck
ISIC_4829038,IL_0168605,dermoscopic,Malignant,SCCKA,80.0,female,head/neck
ISIC_0560217,IL_0169358,clinical: close-up,Benign,BKL,55.0,male,
ISIC_2799124,IL_0169358,dermoscopic,Benign,BKL,55.0,male,
ISIC_1432476,IL_0172774,clinical: close-up,Benign,BKL,85.0,male,head/neck
ISIC_4761686,IL_0172774,dermoscopic,Benign,BKL,85.0,male,head/neck
ISIC_2019971,IL_0177781,clinical: close-up,Malignant,BCC,60.0,male,
ISIC_3408779,IL_0177781,dermoscopic,Malignant,BCC,60.0,male,
ISIC_5748990,IL_0179071,clinical: close-up,Malignant,BCC,65.0,male,upper extremity
ISIC_6900958,IL_0179071,dermoscopic,Malignant,BCC,65.0,male,upper extremity
ISIC_0594231,IL_0181682,clinical: close-up,Malignant,MEL,80.0,female,lower extremity
ISIC_5436595,IL_0181682,dermoscopic,Malignant,MEL,80.0,female,lower extremity
ISIC_2085484,IL_0183140,clinical: close-up,Malignant,BCC,75.0,male,upper extremity
ISIC_1552060,IL_0183140,dermoscopic,Malignant,BCC,75.0,male,upper extremity
ISIC_4138716,IL_0183428,clinical: close-up,Malignant,BCC,70.0,female,lower extremity
ISIC_6121019,IL_0183428,dermoscopic,Malignant,BCC,70.0,female,lower extremity
ISIC_9833026,IL_0184125,clinical: close-up,Benign,DF,40.0,male,lower extremity
ISIC_0981335,IL_0184125,dermoscopic,Benign,DF,40.0,male,lower extremity
ISIC_2284535,IL_0185291,clinical: close-up,Benign,BKL,45.0,female,lower extremity
ISIC_8322623,IL_0185291,dermoscopic,Benign,BKL,45.0,female,lower extremity
ISIC_1666674,IL_0192026,clinical: close-up,Malignant,MEL,65.0,male,head/neck
ISIC_6581571,IL_0192026,dermoscopic,Malignant,MEL,65.0,male,head/neck
ISIC_5065727,IL_0199225,clinical: close-up,Malignant,BCC,75.0,male,
ISIC_1675235,IL_0199225,dermoscopic,Malignant,BCC,75.0,male,
ISIC_3734574,IL_0199785,clinical: close-up,Malignant,SCCKA,45.0,male,lower extremity
ISIC_8977908,IL_0199785,dermoscopic,Malignant,SCCKA,45.0,male,lower extremity
ISIC_9718735,IL_0200790,clinical: close-up,Malignant,BCC,75.0,male,lower extremity
ISIC_6250586,IL_0200790,dermoscopic,Malignant,BCC,75.0,male,lower extremity
ISIC_7381334,IL_0201884,clinical: close-up,Benign,BKL,55.0,female,upper extremity
ISIC_1718630,IL_0201884,dermoscopic,Benign,BKL,55.0,female,upper extremity
ISIC_3266019,IL_0203121,clinical: close-up,Malignant,BCC,70.0,female,upper extremity
ISIC_7153501,IL_0203121,dermoscopic,Malignant,BCC,70.0,female,upper extremity
ISIC_4597624,IL_0203872,clinical: close-up,Malignant,MEL,75.0,male,
ISIC_1923354,IL_0203872,dermoscopic,Malignant,MEL,75.0,male,
ISIC_7005663,IL_0205551,clinical: close-up,Malignant,BCC,50.0,male,head/neck
ISIC_2080755,IL_0205551,dermoscopic,Malignant,BCC,50.0,male,head/neck
ISIC_4145656,IL_0210304,clinical: close-up,Malignant,BCC,70.0,male,lower extremity
ISIC_3585425,IL_0210304,dermoscopic,Malignant,BCC,70.0,male,lower extremity
ISIC_0936650,IL_0210528,clinical: close-up,Benign,NV,20.0,female,head/neck
ISIC_5562336,IL_0210528,dermoscopic,Benign,NV,20.0,female,head/neck
ISIC_9619047,IL_0210628,clinical: close-up,Benign,BKL,85.0,male,
ISIC_3789455,IL_0210628,dermoscopic,Benign,BKL,85.0,male,
ISIC_3845941,IL_0211480,clinical: close-up,Malignant,BCC,65.0,female,
ISIC_1734487,IL_0211480,dermoscopic,Malignant,BCC,65.0,female,
ISIC_3843458,IL_0218048,clinical: close-up,Malignant,MEL,45.0,female,upper extremity
ISIC_8521879,IL_0218048,dermoscopic,Malignant,MEL,45.0,female,upper extremity
ISIC_5149059,IL_0218965,clinical: close-up,Benign,NV,50.0,male,
ISIC_9183794,IL_0218965,dermoscopic,Benign,NV,50.0,male,
ISIC_7385775,IL_0225213,clinical: close-up,Malignant,BCC,60.0,female,
ISIC_9195108,IL_0225213,dermoscopic,Malignant,BCC,60.0,female,
ISIC_4703455,IL_0226639,clinical: close-up,Malignant,BCC,85.0,male,lower extremity
ISIC_2755460,IL_0226639,dermoscopic,Malignant,BCC,85.0,male,lower extremity
ISIC_2214696,IL_0228777,clinical: close-up,Malignant,BCC,55.0,female,lower extremity
ISIC_9666538,IL_0228777,dermoscopic,Malignant,BCC,55.0,female,lower extremity
ISIC_1828288,IL_0233778,clinical: close-up,Malignant,BCC,50.0,male,
ISIC_1151008,IL_0233778,dermoscopic,Malignant,BCC,50.0,male,
ISIC_6402697,IL_0244045,clinical: close-up,Benign,BKL,80.0,male,
ISIC_4307786,IL_0244045,dermoscopic,Benign,BKL,80.0,male,
ISIC_1812439,IL_0246803,clinical: close-up,Malignant,BCC,60.0,male,head/neck
ISIC_7289001,IL_0246803,dermoscopic,Malignant,BCC,60.0,male,head/neck
ISIC_1455195,IL_0246907,clinical: close-up,Malignant,SCCKA,75.0,female,upper extremity
ISIC_2741027,IL_0246907,dermoscopic,Malignant,SCCKA,75.0,female,upper extremity
ISIC_5101364,IL_0249447,clinical: close-up,Malignant,BCC,60.0,male,
ISIC_6653595,IL_0249447,dermoscopic,Malignant,BCC,60.0,male,
ISIC_1058258,IL_0252336,clinical: close-up,Malignant,MAL_OTH,80.0,male,
ISIC_6543284,IL_0252336,dermoscopic,Malignant,MAL_OTH,80.0,male,
ISIC_4514529,IL_0256138,clinical: close-up,Benign,NV,70.0,male,
ISIC_1291833,IL_0256138,dermoscopic,Benign,NV,70.0,male,
ISIC_8351733,IL_0261809,clinical: close-up,Malignant,BCC,50.0,female,lower extremity
ISIC_9677476,IL_0261809,dermoscopic,Malignant,BCC,50.0,female,lower extremity
ISIC_6600474,IL_0262433,clinical: close-up,Indeterminate,AKIEC,70.0,male,head/neck
ISIC_2913187,IL_0262433,dermoscopic,Indeterminate,AKIEC,70.0,male,head/neck
ISIC_6315101,IL_0266844,clinical: close-up,Malignant,BCC,65.0,male,head/neck
ISIC_6342177,IL_0266844,dermoscopic,Malignant,BCC,65.0,male,head/neck
ISIC_0217198,IL_0267094,clinical: close-up,Malignant,BCC,75.0,male,head/neck
ISIC_1033249,IL_0267094,dermoscopic,Malignant,BCC,75.0,male,head/neck
ISIC_0948347,IL_0269822,clinical: close-up,Malignant,SCCKA,85.0,male,head/neck
ISIC_9090562,IL_0269822,dermoscopic,Malignant,SCCKA,85.0,male,head/neck
ISIC_4225100,IL_0271647,clinical: close-up,Malignant,BCC,55.0,male,
ISIC_9250721,IL_0271647,dermoscopic,Malignant,BCC,55.0,male,
ISIC_7106496,IL_0275953,clinical: close-up,Benign,BKL,70.0,male,
ISIC_7886221,IL_0275953,dermoscopic,Benign,BKL,70.0,male,
ISIC_6900639,IL_0281880,clinical: close-up,Malignant,BCC,55.0,male,upper extremity
ISIC_1799338,IL_0281880,dermoscopic,Malignant,BCC,55.0,male,upper extremity
ISIC_1175016,IL_0285359,clinical: close-up,Malignant,SCCKA,85.0,male,
ISIC_3199091,IL_0285359,dermoscopic,Malignant,SCCKA,85.0,male,
ISIC_5921357,IL_0291723,clinical: close-up,Malignant,BCC,65.0,male,upper extremity
ISIC_1171368,IL_0291723,dermoscopic,Malignant,BCC,65.0,male,upper extremity
ISIC_4337041,IL_0298578,clinical: close-up,Malignant,SCCKA,75.0,female,head/neck
ISIC_3885747,IL_0298578,dermoscopic,Malignant,SCCKA,75.0,female,head/neck
ISIC_8623171,IL_0298761,clinical: close-up,Indeterminate,AKIEC,75.0,female,head/neck
ISIC_4538438,IL_0298761,dermoscopic,Indeterminate,AKIEC,75.0,female,head/neck
ISIC_9936601,IL_0303759,clinical: close-up,Malignant,BCC,65.0,female,head/neck
ISIC_9185835,IL_0303759,dermoscopic,Malignant,BCC,65.0,female,head/neck
ISIC_1412567,IL_0304897,clinical: close-up,Malignant,BCC,60.0,male,lower extremity
ISIC_0138914,IL_0304897,dermoscopic,Malignant,BCC,60.0,male,lower extremity
ISIC_8373898,IL_0306410,clinical: close-up,Benign,BKL,70.0,male,
ISIC_8668865,IL_0306410,dermoscopic,Benign,BKL,70.0,male,
ISIC_7748940,IL_0306770,clinical: close-up,Malignant,BCC,60.0,female,head/neck
ISIC_6704813,IL_0306770,dermoscopic,Malignant,BCC,60.0,female,head/neck
ISIC_0713331,IL_0307289,clinical: close-up,Malignant,BCC,55.0,male,
ISIC_7119882,IL_0307289,dermoscopic,Malignant,BCC,55.0,male,
ISIC_0127217,IL_0311447,clinical: close-up,Malignant,BCC,65.0,male,lower extremity
ISIC_9916112,IL_0311447,dermoscopic,Malignant,BCC,65.0,male,lower extremity
ISIC_3237026,IL_0313389,clinical: close-up,Malignant,BCC,85.0,male,upper extremity
ISIC_1405571,IL_0313389,dermoscopic,Malignant,BCC,85.0,male,upper extremity
ISIC_4468146,IL_0313731,clinical: close-up,Malignant,BCC,75.0,male,head/neck
ISIC_4966803,IL_0313731,dermoscopic,Malignant,BCC,75.0,male,head/neck
ISIC_4885518,IL_0314873,clinical: close-up,Malignant,BCC,45.0,female,lower extremity
ISIC_3451684,IL_0314873,dermoscopic,Malignant,BCC,45.0,female,lower extremity
ISIC_8473068,IL_0318296,clinical: close-up,Malignant,SCCKA,55.0,male,head/neck
ISIC_9338482,IL_0318296,dermoscopic,Malignant,SCCKA,55.0,male,head/neck
ISIC_0233929,IL_0320467,clinical: close-up,Malignant,BCC,75.0,female,
ISIC_1149850,IL_0320467,dermoscopic,Malignant,BCC,75.0,female,
ISIC_9055453,IL_0321969,clinical: close-up,Benign,NV,45.0,male,
ISIC_9579888,IL_0321969,dermoscopic,Benign,NV,45.0,male,
ISIC_1843036,IL_0322831,clinical: close-up,Malignant,BCC,85.0,female,upper extremity
ISIC_5880013,IL_0322831,dermoscopic,Malignant,BCC,85.0,female,upper extremity
ISIC_9860654,IL_0327292,clinical: close-up,Malignant,BCC,70.0,male,
ISIC_3259414,IL_0327292,dermoscopic,Malignant,BCC,70.0,male,
ISIC_0473678,IL_0328020,clinical: close-up,Malignant,MEL,65.0,male,
ISIC_3636953,IL_0328020,dermoscopic,Malignant,MEL,65.0,male,
ISIC_8842467,IL_0330771,clinical: close-up,Malignant,BCC,55.0,male,head/neck
ISIC_5920610,IL_0330771,dermoscopic,Malignant,BCC,55.0,male,head/neck
ISIC_1850255,IL_0331680,clinical: close-up,Malignant,MEL,70.0,male,
ISIC_2604430,IL_0331680,dermoscopic,Malignant,MEL,70.0,male,
ISIC_4737794,IL_0332363,clinical: close-up,Malignant,BCC,70.0,male,head/neck
ISIC_5273681,IL_0332363,dermoscopic,Malignant,BCC,70.0,male,head/neck
ISIC_1607939,IL_0333209,clinical: close-up,Benign,BKL,65.0,male,lower extremity
ISIC_1403739,IL_0333209,dermoscopic,Benign,BKL,65.0,male,lower extremity
ISIC_0460690,IL_0345043,clinical: close-up,Malignant,BCC,50.0,female,head/neck
ISIC_3088358,IL_0345043,dermoscopic,Malignant,BCC,50.0,female,head/neck
ISIC_4558719,IL_0345607,clinical: close-up,Malignant,BCC,75.0,female,
ISIC_5979125,IL_0345607,dermoscopic,Malignant,BCC,75.0,female,
ISIC_4469500,IL_0347019,clinical: close-up,Malignant,BCC,60.0,female,lower extremity
ISIC_4218589,IL_0347019,dermoscopic,Malignant,BCC,60.0,female,lower extremity
ISIC_0608960,IL_0349058,clinical: close-up,Benign,NV,60.0,female,
ISIC_6339347,IL_0349058,dermoscopic,Benign,NV,60.0,female,
ISIC_7665860,IL_0355319,clinical: close-up,Malignant,BCC,50.0,male,
ISIC_5378716,IL_0355319,dermoscopic,Malignant,BCC,50.0,male,
ISIC_5933605,IL_0363698,clinical: close-up,Malignant,BCC,75.0,male,
ISIC_7282695,IL_0363698,dermoscopic,Malignant,BCC,75.0,male,
ISIC_4655906,IL_0364539,clinical: close-up,Malignant,BCC,75.0,male,lower extremity
ISIC_3782771,IL_0364539,dermoscopic,Malignant,BCC,75.0,male,lower extremity
ISIC_1747657,IL_0368835,clinical: close-up,Benign,BKL,65.0,male,
ISIC_3284879,IL_0368835,dermoscopic,Benign,BKL,65.0,male,
ISIC_3092576,IL_0371298,clinical: close-up,Malignant,BCC,60.0,male,head/neck
ISIC_8195612,IL_0371298,dermoscopic,Malignant,BCC,60.0,male,head/neck
ISIC_0490117,IL_0375356,clinical: close-up,Malignant,MEL,75.0,male,head/neck
ISIC_4117748,IL_0375356,dermoscopic,Malignant,MEL,75.0,male,head/neck
ISIC_6467926,IL_0382638,clinical: close-up,Malignant,MEL,45.0,female,
ISIC_3204703,IL_0382638,dermoscopic,Malignant,MEL,45.0,female,
ISIC_9401613,IL_0386446,clinical: close-up,Malignant,BCC,70.0,male,
ISIC_4020367,IL_0386446,dermoscopic,Malignant,BCC,70.0,male,
ISIC_3966507,IL_0387029,clinical: close-up,Malignant,MEL,35.0,male,
ISIC_5850719,IL_0387029,dermoscopic,Malignant,MEL,35.0,male,
ISIC_8367579,IL_0387507,clinical: close-up,Malignant,SCCKA,70.0,male,upper extremity
ISIC_7271787,IL_0387507,dermoscopic,Malignant,SCCKA,70.0,male,upper extremity
ISIC_8358187,IL_0391966,clinical: close-up,Benign,NV,10.0,female,
ISIC_6278944,IL_0391966,dermoscopic,Benign,NV,10.0,female,
ISIC_5760018,IL_0393808,clinical: close-up,Malignant,BCC,55.0,female,lower extremity
ISIC_9627594,IL_0393808,dermoscopic,Malignant,BCC,55.0,female,lower extremity
ISIC_8198645,IL_0395409,clinical: close-up,Benign,BKL,75.0,male,head/neck
ISIC_2779297,IL_0395409,dermoscopic,Benign,BKL,75.0,male,head/neck
ISIC_7343249,IL_0402026,clinical: close-up,Malignant,SCCKA,60.0,male,head/neck
ISIC_8243525,IL_0402026,dermoscopic,Malignant,SCCKA,60.0,male,head/neck
ISIC_7757000,IL_0404523,clinical: close-up,Malignant,MEL,70.0,female,head/neck
ISIC_4968641,IL_0404523,dermoscopic,Malignant,MEL,70.0,female,head/neck
ISIC_9850628,IL_0405680,clinical: close-up,Malignant,MEL,80.0,male,
ISIC_8197317,IL_0405680,dermoscopic,Malignant,MEL,80.0,male,
ISIC_5657135,IL_0409175,clinical: close-up,Benign,NV,45.0,male,
ISIC_3589220,IL_0409175,dermoscopic,Benign,NV,45.0,male,
ISIC_7697023,IL_0410887,clinical: close-up,Malignant,BCC,75.0,male,upper extremity
ISIC_0197900,IL_0410887,dermoscopic,Malignant,BCC,75.0,male,upper extremity
ISIC_4265404,IL_0416544,clinical: close-up,Benign,NV,40.0,female,
ISIC_1895471,IL_0416544,dermoscopic,Benign,NV,40.0,female,
ISIC_5612751,IL_0419273,clinical: close-up,Malignant,BCC,70.0,male,
ISIC_6144096,IL_0419273,dermoscopic,Malignant,BCC,70.0,male,
ISIC_0538851,IL_0419410,clinical: close-up,Benign,BKL,65.0,male,
ISIC_9126529,IL_0419410,dermoscopic,Benign,BKL,65.0,male,
ISIC_4331231,IL_0419934,clinical: close-up,Malignant,BCC,55.0,female,lower extremity
ISIC_1069165,IL_0419934,dermoscopic,Malignant,BCC,55.0,female,lower extremity
ISIC_5318502,IL_0424747,clinical: close-up,Benign,NV,25.0,male,lower extremity
ISIC_3642704,IL_0424747,dermoscopic,Benign,NV,25.0,male,lower extremity
ISIC_2475585,IL_0427467,clinical: close-up,Malignant,BCC,45.0,male,
ISIC_2393561,IL_0427467,dermoscopic,Malignant,BCC,45.0,male,
ISIC_6076241,IL_0428893,clinical: close-up,Malignant,BCC,70.0,male,
ISIC_3562485,IL_0428893,dermoscopic,Malignant,BCC,70.0,male,
ISIC_8828944,IL_0432586,clinical: close-up,Benign,NV,70.0,male,
ISIC_4442378,IL_0432586,dermoscopic,Benign,NV,70.0,male,
ISIC_4208233,IL_0432633,clinical: close-up,Malignant,BCC,75.0,male,upper extremity
ISIC_3861977,IL_0432633,dermoscopic,Malignant,BCC,75.0,male,upper extremity
ISIC_6343807,IL_0433789,clinical: close-up,Malignant,MEL,80.0,male,head/neck
ISIC_3642584,IL_0433789,dermoscopic,Malignant,MEL,80.0,male,head/neck
ISIC_6699904,IL_0434993,clinical: close-up,Benign,BKL,70.0,female,lower extremity
ISIC_9207099,IL_0434993,dermoscopic,Benign,BKL,70.0,female,lower extremity
ISIC_8463692,IL_0436411,clinical: close-up,Malignant,MEL,55.0,male,upper extremity
ISIC_4981008,IL_0436411,dermoscopic,Malignant,MEL,55.0,male,upper extremity
ISIC_3885798,IL_0444889,clinical: close-up,Benign,NV,,male,lower extremity
ISIC_3157648,IL_0444889,dermoscopic,Benign,NV,,male,lower extremity
ISIC_1571056,IL_0451875,clinical: close-up,Malignant,BCC,55.0,female,
ISIC_3480499,IL_0451875,dermoscopic,Malignant,BCC,55.0,female,
ISIC_7557765,IL_0455273,clinical: close-up,Benign,NV,35.0,female,
ISIC_4872496,IL_0455273,dermoscopic,Benign,NV,35.0,female,
ISIC_1362488,IL_0465605,clinical: close-up,Malignant,MEL,60.0,male,
ISIC_3045480,IL_0465605,dermoscopic,Malignant,MEL,60.0,male,
ISIC_4970657,IL_0466383,clinical: close-up,Malignant,BCC,65.0,male,head/neck
ISIC_9410235,IL_0466383,dermoscopic,Malignant,BCC,65.0,male,head/neck
ISIC_1537920,IL_0468810,clinical: close-up,Malignant,BCC,85.0,female,head/neck
ISIC_0863389,IL_0468810,dermoscopic,Malignant,BCC,85.0,female,head/neck
ISIC_5605406,IL_0469044,clinical: close-up,Malignant,BCC,85.0,male,lower extremity
ISIC_6416950,IL_0469044,dermoscopic,Malignant,BCC,85.0,male,lower extremity
ISIC_2756327,IL_0469511,clinical: close-up,Benign,NV,40.0,female,
ISIC_5475721,IL_0469511,dermoscopic,Benign,NV,40.0,female,
ISIC_0517354,IL_0469589,clinical: close-up,Malignant,SCCKA,80.0,female,upper extremity
ISIC_4602130,IL_0469589,dermoscopic,Malignant,SCCKA,80.0,female,upper extremity
ISIC_6393409,IL_0477847,clinical: close-up,Malignant,MEL,80.0,female,lower extremity
ISIC_6115342,IL_0477847,dermoscopic,Malignant,MEL,80.0,female,lower extremity
ISIC_2075270,IL_0478120,clinical: close-up,Malignant,SCCKA,85.0,female,lower extremity
ISIC_7415373,IL_0478120,dermoscopic,Malignant,SCCKA,85.0,female,lower extremity
ISIC_8376145,IL_0478451,clinical: close-up,Malignant,BCC,75.0,female,
ISIC_1569850,IL_0478451,dermoscopic,Malignant,BCC,75.0,female,
ISIC_1105520,IL_0479430,clinical: close-up,Malignant,BCC,80.0,male,head/neck
ISIC_5938313,IL_0479430,dermoscopic,Malignant,BCC,80.0,male,head/neck
ISIC_2809795,IL_0480697,clinical: close-up,Malignant,BCC,85.0,male,head/neck
ISIC_6305309,IL_0480697,dermoscopic,Malignant,BCC,85.0,male,head/neck
ISIC_0408941,IL_0482521,clinical: close-up,Malignant,BCC,75.0,male,
ISIC_2526104,IL_0482521,dermoscopic,Malignant,BCC,75.0,male,
ISIC_1831940,IL_0485034,clinical: close-up,Benign,INF,65.0,male,
ISIC_1673396,IL_0485034,dermoscopic,Benign,INF,65.0,male,
ISIC_6725643,IL_0486701,clinical: close-up,Benign,NV,45.0,female,head/neck
ISIC_2765997,IL_0486701,dermoscopic,Benign,NV,45.0,female,head/neck
ISIC_5456124,IL_0487689,clinical: close-up,Benign,NV,65.0,female,
ISIC_4640009,IL_0487689,dermoscopic,Benign,NV,65.0,female,
ISIC_9178156,IL_0489772,clinical: close-up,Malignant,BCC,65.0,female,head/neck
ISIC_9471648,IL_0489772,dermoscopic,Malignant,BCC,65.0,female,head/neck
ISIC_8793818,IL_0490724,clinical: close-up,Malignant,BCC,65.0,female,
ISIC_5030934,IL_0490724,dermoscopic,Malignant,BCC,65.0,female,
ISIC_2543052,IL_0496664,clinical: close-up,Benign,BKL,75.0,male,head/neck
ISIC_0780544,IL_0496664,dermoscopic,Benign,BKL,75.0,male,head/neck
ISIC_8273914,IL_0499462,clinical: close-up,Malignant,MEL,75.0,male,
ISIC_6780849,IL_0499462,dermoscopic,Malignant,MEL,75.0,male,
ISIC_4268989,IL_0503827,clinical: close-up,Malignant,AKIEC,60.0,male,
ISIC_9502415,IL_0503827,dermoscopic,Malignant,AKIEC,60.0,male,
ISIC_5313507,IL_0507774,clinical: close-up,Malignant,BCC,60.0,female,lower extremity
ISIC_2601363,IL_0507774,dermoscopic,Malignant,BCC,60.0,female,lower extremity
ISIC_1684388,IL_0508901,clinical: close-up,Benign,BKL,45.0,female,
ISIC_8558850,IL_0508901,dermoscopic,Benign,BKL,45.0,female,
ISIC_7207962,IL_0515398,clinical: close-up,Benign,NV,35.0,male,head/neck
ISIC_8509874,IL_0515398,dermoscopic,Benign,NV,35.0,male,head/neck
ISIC_8492315,IL_0515477,clinical: close-up,Malignant,BCC,70.0,female,
ISIC_4216162,IL_0515477,dermoscopic,Malignant,BCC,70.0,female,
ISIC_7450315,IL_0519375,clinical: close-up,Benign,NV,35.0,female,
ISIC_2577644,IL_0519375,dermoscopic,Benign,NV,35.0,female,
ISIC_0872284,IL_0521402,clinical: close-up,Malignant,BCC,70.0,male,head/neck
ISIC_8979849,IL_0521402,dermoscopic,Malignant,BCC,70.0,male,head/neck
ISIC_3491804,IL_0521541,clinical: close-up,Malignant,BCC,65.0,male,
ISIC_0926891,IL_0521541,dermoscopic,Malignant,BCC,65.0,male,
ISIC_4620865,IL_0528768,clinical: close-up,Malignant,BCC,75.0,male,upper extremity
ISIC_0507021,IL_0528768,dermoscopic,Malignant,BCC,75.0,male,upper extremity
ISIC_3841279,IL_0532409,clinical: close-up,Malignant,BCC,80.0,female,head/neck
ISIC_5893482,IL_0532409,dermoscopic,Malignant,BCC,80.0,female,head/neck
ISIC_0195347,IL_0533923,clinical: close-up,Malignant,BCC,70.0,male,
ISIC_1761597,IL_0533923,dermoscopic,Malignant,BCC,70.0,male,
ISIC_3739337,IL_0538845,clinical: close-up,Malignant,BCC,55.0,male,head/neck
ISIC_0195795,IL_0538845,dermoscopic,Malignant,BCC,55.0,male,head/neck
ISIC_2384908,IL_0541036,clinical: close-up,Malignant,AKIEC,60.0,male,
ISIC_8274863,IL_0541036,dermoscopic,Malignant,AKIEC,60.0,male,
ISIC_9785301,IL_0541600,clinical: close-up,Malignant,AKIEC,80.0,male,head/neck
ISIC_1749481,IL_0541600,dermoscopic,Malignant,AKIEC,80.0,male,head/neck
ISIC_1301371,IL_0541987,clinical: close-up,Malignant,BCC,65.0,female,
ISIC_4169509,IL_0541987,dermoscopic,Malignant,BCC,65.0,female,
ISIC_2271068,IL_0542551,clinical: close-up,Benign,BKL,70.0,male,head/neck
ISIC_5933489,IL_0542551,dermoscopic,Benign,BKL,70.0,male,head/neck
ISIC_6239096,IL_0548137,clinical: close-up,Malignant,AKIEC,55.0,male,upper extremity
ISIC_2501939,IL_0548137,dermoscopic,Malignant,AKIEC,55.0,male,upper extremity
ISIC_5366005,IL_0549669,clinical: close-up,Malignant,BCC,55.0,male,lower extremity
ISIC_0958977,IL_0549669,dermoscopic,Malignant,BCC,55.0,male,lower extremity
ISIC_7273851,IL_0549977,clinical: close-up,Malignant,BCC,80.0,male,
ISIC_4506914,IL_0549977,dermoscopic,Malignant,BCC,80.0,male,
ISIC_8793103,IL_0550268,clinical: close-up,Benign,NV,70.0,female,
ISIC_8815245,IL_0550268,dermoscopic,Benign,NV,70.0,female,
ISIC_5218432,IL_0552883,clinical: close-up,Malignant,BCC,60.0,female,head/neck
ISIC_1421371,IL_0552883,dermoscopic,Malignant,BCC,60.0,female,head/neck
ISIC_9443349,IL_0559300,clinical: close-up,Benign,BKL,55.0,male,upper extremity
ISIC_5534471,IL_0559300,dermoscopic,Benign,BKL,55.0,male,upper extremity
ISIC_4896772,IL_0564162,clinical: close-up,Malignant,BCC,70.0,male,head/neck
ISIC_5492973,IL_0564162,dermoscopic,Malignant,BCC,70.0,male,head/neck
ISIC_4685270,IL_0572339,clinical: close-up,Malignant,BCC,45.0,male,
ISIC_8180766,IL_0572339,dermoscopic,Malignant,BCC,45.0,male,
ISIC_5110123,IL_0576358,clinical: close-up,Indeterminate,AKIEC,75.0,male,head/neck
ISIC_4842466,IL_0576358,dermoscopic,Indeterminate,AKIEC,75.0,male,head/neck
ISIC_1221863,IL_0583979,clinical: close-up,Benign,NV,40.0,male,
ISIC_6420151,IL_0583979,dermoscopic,Benign,NV,40.0,male,
ISIC_9258794,IL_0584464,clinical: close-up,Benign,BKL,75.0,male,
ISIC_4380028,IL_0584464,dermoscopic,Benign,BKL,75.0,male,
ISIC_4984580,IL_0586975,clinical: close-up,Malignant,AKIEC,45.0,female,head/neck
ISIC_3004699,IL_0586975,dermoscopic,Malignant,AKIEC,45.0,female,head/neck
ISIC_2016658,IL_0588181,clinical: close-up,Malignant,MEL,85.0,male,
ISIC_0598387,IL_0588181,dermoscopic,Malignant,MEL,85.0,male,
ISIC_5168853,IL_0588245,clinical: close-up,Malignant,BCC,75.0,male,
ISIC_2485182,IL_0588245,dermoscopic,Malignant,BCC,75.0,male,
ISIC_0210906,IL_0592358,clinical: close-up,Malignant,BCC,50.0,male,head/neck
ISIC_5352383,IL_0592358,dermoscopic,Malignant,BCC,50.0,male,head/neck
ISIC_0384010,IL_0592984,clinical: close-up,Malignant,BCC,65.0,male,lower extremity
ISIC_5711226,IL_0592984,dermoscopic,Malignant,BCC,65.0,male,lower extremity
ISIC_0812659,IL_0596418,clinical: close-up,Malignant,BCC,70.0,male,head/neck
ISIC_9712861,IL_0596418,dermoscopic,Malignant,BCC,70.0,male,head/neck
ISIC_8485230,IL_0596741,clinical: close-up,Malignant,BCC,60.0,female,head/neck
ISIC_2895427,IL_0596741,dermoscopic,Malignant,BCC,60.0,female,head/neck
ISIC_9144551,IL_0605964,clinical: close-up,Benign,NV,45.0,female,head/neck
ISIC_8294897,IL_0605964,dermoscopic,Benign,NV,45.0,female,head/neck
ISIC_8895973,IL_0607268,clinical: close-up,Malignant,BCC,75.0,male,head/neck
ISIC_1080345,IL_0607268,dermoscopic,Malignant,BCC,75.0,male,head/neck
ISIC_8150619,IL_0607639,clinical: close-up,Indeterminate,AKIEC,70.0,male,head/neck
ISIC_5425962,IL_0607639,dermoscopic,Indeterminate,AKIEC,70.0,male,head/neck
ISIC_4989932,IL_0610224,clinical: close-up,Malignant,SCCKA,75.0,female,
ISIC_2204119,IL_0610224,dermoscopic,Malignant,SCCKA,75.0,female,
ISIC_5602590,IL_0610322,clinical: close-up,Malignant,BCC,80.0,male,
ISIC_7200132,IL_0610322,dermoscopic,Malignant,BCC,80.0,male,
ISIC_6971136,IL_0610557,clinical: close-up,Benign,NV,20.0,female,oral/genital
ISIC_9011764,IL_0610557,dermoscopic,Benign,NV,20.0,female,oral/genital
ISIC_9250445,IL_0617635,clinical: close-up,Benign,BKL,80.0,male,upper extremity
ISIC_2471655,IL_0617635,dermoscopic,Benign,BKL,80.0,male,upper extremity
ISIC_2926621,IL_0618534,clinical: close-up,Benign,NV,35.0,female,
ISIC_5017355,IL_0618534,dermoscopic,Benign,NV,35.0,female,
ISIC_1618649,IL_0620338,clinical: close-up,Malignant,BCC,55.0,male,lower extremity
ISIC_4898917,IL_0620338,dermoscopic,Malignant,BCC,55.0,male,lower extremity
ISIC_0125513,IL_0621333,clinical: close-up,Benign,NV,60.0,female,
ISIC_3558339,IL_0621333,dermoscopic,Benign,NV,60.0,female,
ISIC_4194491,IL_0624945,clinical: close-up,Malignant,MEL,65.0,female,
ISIC_5937588,IL_0624945,dermoscopic,Malignant,MEL,65.0,female,
ISIC_7033406,IL_0625469,clinical: close-up,Malignant,MEL,80.0,male,
ISIC_1970988,IL_0625469,dermoscopic,Malignant,MEL,80.0,male,
ISIC_7520189,IL_0630515,clinical: close-up,Benign,NV,25.0,male,
ISIC_6972742,IL_0630515,dermoscopic,Benign,NV,25.0,male,
ISIC_8744831,IL_0632998,clinical: close-up,Malignant,BCC,85.0,male,lower extremity
ISIC_0210672,IL_0632998,dermoscopic,Malignant,BCC,85.0,male,lower extremity
ISIC_1433868,IL_0633979,clinical: close-up,Malignant,BCC,80.0,male,head/neck
ISIC_6915298,IL_0633979,dermoscopic,Malignant,BCC,80.0,male,head/neck
ISIC_3369700,IL_0636154,clinical: close-up,Benign,BKL,55.0,male,
ISIC_7910863,IL_0636154,dermoscopic,Benign,BKL,55.0,male,
ISIC_2704661,IL_0640013,clinical: close-up,Malignant,SCCKA,70.0,male,lower extremity
ISIC_2168892,IL_0640013,dermoscopic,Malignant,SCCKA,70.0,male,lower extremity
ISIC_3369429,IL_0653434,clinical: close-up,Malignant,MEL,65.0,male,
ISIC_3073821,IL_0653434,dermoscopic,Malignant,MEL,65.0,male,
ISIC_8748477,IL_0662515,clinical: close-up,Benign,NV,35.0,male,
ISIC_7278376,IL_0662515,dermoscopic,Benign,NV,35.0,male,
ISIC_0849646,IL_0663202,clinical: close-up,Malignant,BCC,65.0,male,
ISIC_9521441,IL_0663202,dermoscopic,Malignant,BCC,65.0,male,
ISIC_5173419,IL_0664842,clinical: close-up,Malignant,BCC,65.0,male,head/neck
ISIC_8943527,IL_0664842,dermoscopic,Malignant,BCC,65.0,male,head/neck
ISIC_7506601,IL_0668310,clinical: close-up,Benign,BKL,65.0,female,lower extremity
ISIC_8699233,IL_0668310,dermoscopic,Benign,BKL,65.0,female,lower extremity
ISIC_8565468,IL_0679783,clinical: close-up,Benign,BKL,75.0,male,head/neck
ISIC_9561756,IL_0679783,dermoscopic,Benign,BKL,75.0,male,head/neck
ISIC_3590185,IL_0681349,clinical: close-up,Benign,NV,15.0,female,lower extremity
ISIC_7647712,IL_0681349,dermoscopic,Benign,NV,15.0,female,lower extremity
ISIC_8969336,IL_0684409,clinical: close-up,Benign,BKL,80.0,male,lower extremity
ISIC_8650326,IL_0684409,dermoscopic,Benign,BKL,80.0,male,lower extremity
ISIC_8943266,IL_0685418,clinical: close-up,Malignant,AKIEC,45.0,male,lower extremity
ISIC_6614498,IL_0685418,dermoscopic,Malignant,AKIEC,45.0,male,lower extremity
ISIC_0349437,IL_0686767,clinical: close-up,Indeterminate,AKIEC,70.0,female,lower extremity
ISIC_6170751,IL_0686767,dermoscopic,Indeterminate,AKIEC,70.0,female,lower extremity
ISIC_5529151,IL_0691529,clinical: close-up,Malignant,BCC,75.0,male,upper extremity
ISIC_4348115,IL_0691529,dermoscopic,Malignant,BCC,75.0,male,upper extremity
ISIC_6771167,IL_0693769,clinical: close-up,Benign,BKL,55.0,male,head/neck
ISIC_0403826,IL_0693769,dermoscopic,Benign,BKL,55.0,male,head/neck
ISIC_0826708,IL_0697059,clinical: close-up,Malignant,BCC,65.0,male,
ISIC_0817051,IL_0697059,dermoscopic,Malignant,BCC,65.0,male,
ISIC_3746960,IL_0699958,clinical: close-up,Benign,NV,45.0,female,
ISIC_0815023,IL_0699958,dermoscopic,Benign,NV,45.0,female,
ISIC_9320577,IL_0700053,clinical: close-up,Malignant,BCC,65.0,female,
ISIC_2522593,IL_0700053,dermoscopic,Malignant,BCC,65.0,female,
ISIC_4566511,IL_0700399,clinical: close-up,Benign,BKL,65.0,female,
ISIC_2531111,IL_0700399,dermoscopic,Benign,BKL,65.0,female,
ISIC_6705033,IL_0701362,clinical: close-up,Malignant,MEL,85.0,male,head/neck
ISIC_3500691,IL_0701362,dermoscopic,Malignant,MEL,85.0,male,head/neck
ISIC_1989317,IL_0702204,clinical: close-up,Benign,BEN_OTH,20.0,female,head/neck
ISIC_4310588,IL_0702204,dermoscopic,Benign,BEN_OTH,20.0,female,head/neck
ISIC_3055420,IL_0702834,clinical: close-up,Malignant,BCC,65.0,female,lower extremity
ISIC_9987719,IL_0702834,dermoscopic,Malignant,BCC,65.0,female,lower extremity
ISIC_2415100,IL_0705529,clinical: close-up,Malignant,BCC,60.0,male,
ISIC_0598709,IL_0705529,dermoscopic,Malignant,BCC,60.0,male,
ISIC_6361233,IL_0706157,clinical: close-up,Benign,BEN_OTH,,female,lower extremity
ISIC_6679588,IL_0706157,dermoscopic,Benign,BEN_OTH,,female,lower extremity
ISIC_2473287,IL_0710738,clinical: close-up,Malignant,BCC,70.0,male,
ISIC_1890330,IL_0710738,dermoscopic,Malignant,BCC,70.0,male,
ISIC_1546433,IL_0710877,clinical: close-up,Malignant,BCC,70.0,male,
ISIC_2553729,IL_0710877,dermoscopic,Malignant,BCC,70.0,male,
ISIC_0385678,IL_0712386,clinical: close-up,Malignant,BCC,55.0,female,lower extremity
ISIC_9390963,IL_0712386,dermoscopic,Malignant,BCC,55.0,female,lower extremity
ISIC_4794988,IL_0717553,clinical: close-up,Benign,NV,30.0,female,
ISIC_1536397,IL_0717553,dermoscopic,Benign,NV,30.0,female,
ISIC_6576845,IL_0720862,clinical: close-up,Benign,INF,80.0,male,
ISIC_4576379,IL_0720862,dermoscopic,Benign,INF,80.0,male,
ISIC_4793381,IL_0721541,clinical: close-up,Benign,BKL,50.0,female,upper extremity
ISIC_2472012,IL_0721541,dermoscopic,Benign,BKL,50.0,female,upper extremity
ISIC_8324607,IL_0721578,clinical: close-up,Benign,INF,65.0,female,lower extremity
ISIC_5830124,IL_0721578,dermoscopic,Benign,INF,65.0,female,lower extremity
ISIC_5708137,IL_0732764,clinical: close-up,Benign,BKL,70.0,female,head/neck
ISIC_2777762,IL_0732764,dermoscopic,Benign,BKL,70.0,female,head/neck
ISIC_9167637,IL_0736879,clinical: close-up,Malignant,BCC,55.0,female,head/neck
ISIC_5441520,IL_0736879,dermoscopic,Malignant,BCC,55.0,female,head/neck
ISIC_2439944,IL_0739664,clinical: close-up,Benign,DF,60.0,male,lower extremity
ISIC_5714368,IL_0739664,dermoscopic,Benign,DF,60.0,male,lower extremity
ISIC_5716450,IL_0739777,clinical: close-up,Benign,NV,40.0,male,
ISIC_1756915,IL_0739777,dermoscopic,Benign,NV,40.0,male,
ISIC_4420449,IL_0740796,clinical: close-up,Malignant,BCC,80.0,female,head/neck
ISIC_0497911,IL_0740796,dermoscopic,Malignant,BCC,80.0,female,head/neck
ISIC_0891621,IL_0741650,clinical: close-up,Malignant,BCC,60.0,female,upper extremity
ISIC_5925251,IL_0741650,dermoscopic,Malignant,BCC,60.0,female,upper extremity
ISIC_1376355,IL_0743381,clinical: close-up,Malignant,BCC,35.0,female,
ISIC_6989617,IL_0743381,dermoscopic,Malignant,BCC,35.0,female,
ISIC_7324772,IL_0751731,clinical: close-up,Malignant,BCC,50.0,male,upper extremity
ISIC_1859150,IL_0751731,dermoscopic,Malignant,BCC,50.0,male,upper extremity
ISIC_0727105,IL_0751879,clinical: close-up,Indeterminate,AKIEC,65.0,male,head/neck
ISIC_9152345,IL_0751879,dermoscopic,Indeterminate,AKIEC,65.0,male,head/neck
ISIC_2508558,IL_0752303,clinical: close-up,Malignant,MEL,65.0,female,head/neck
ISIC_1729396,IL_0752303,dermoscopic,Malignant,MEL,65.0,female,head/neck
ISIC_2595169,IL_0753013,clinical: close-up,Malignant,BCC,80.0,male,upper extremity
ISIC_7563649,IL_0753013,dermoscopic,Malignant,BCC,80.0,male,upper extremity
ISIC_0263121,IL_0753658,clinical: close-up,Malignant,AKIEC,85.0,female,lower extremity
ISIC_8356711,IL_0753658,dermoscopic,Malignant,AKIEC,85.0,female,lower extremity
ISIC_1357348,IL_0758142,clinical: close-up,Malignant,BCC,75.0,male,upper extremity
ISIC_9896561,IL_0758142,dermoscopic,Malignant,BCC,75.0,male,upper extremity
ISIC_5120336,IL_0758206,clinical: close-up,Malignant,MEL,30.0,male,
ISIC_4601154,IL_0758206,dermoscopic,Malignant,MEL,30.0,male,
ISIC_7382599,IL_0758607,clinical: close-up,Malignant,BCC,55.0,female,
ISIC_7645103,IL_0758607,dermoscopic,Malignant,BCC,55.0,female,
ISIC_8818884,IL_0761140,clinical: close-up,Malignant,BCC,70.0,male,head/neck
ISIC_4186883,IL_0761140,dermoscopic,Malignant,BCC,70.0,male,head/neck
ISIC_4637590,IL_0762658,clinical: close-up,Malignant,BCC,45.0,male,head/neck
ISIC_3859478,IL_0762658,dermoscopic,Malignant,BCC,45.0,male,head/neck
ISIC_3959224,IL_0765772,clinical: close-up,Malignant,BCC,55.0,male,
ISIC_3942613,IL_0765772,dermoscopic,Malignant,BCC,55.0,male,
ISIC_7627574,IL_0770460,clinical: close-up,Malignant,BCC,60.0,male,
ISIC_6173661,IL_0770460,dermoscopic,Malignant,BCC,60.0,male,
ISIC_3905379,IL_0770948,clinical: close-up,Malignant,SCCKA,80.0,female,lower extremity
ISIC_5225765,IL_0770948,dermoscopic,Malignant,SCCKA,80.0,female,lower extremity
ISIC_5720812,IL_0772858,clinical: close-up,Benign,NV,50.0,female,upper extremity
ISIC_3288032,IL_0772858,dermoscopic,Benign,NV,50.0,female,upper extremity
ISIC_1243982,IL_0773095,clinical: close-up,Malignant,BCC,65.0,male,lower extremity
ISIC_0835682,IL_0773095,dermoscopic,Malignant,BCC,65.0,male,lower extremity
ISIC_0805815,IL_0773379,clinical: close-up,Malignant,BCC,60.0,female,head/neck
ISIC_7510898,IL_0773379,dermoscopic,Malignant,BCC,60.0,female,head/neck
ISIC_9116920,IL_0778720,clinical: close-up,Malignant,BCC,60.0,male,lower extremity
ISIC_3807348,IL_0778720,dermoscopic,Malignant,BCC,60.0,male,lower extremity
ISIC_4146599,IL_0780596,clinical: close-up,Benign,BKL,75.0,male,
ISIC_1430231,IL_0780596,dermoscopic,Benign,BKL,75.0,male,
ISIC_8178616,IL_0783886,clinical: close-up,Malignant,MEL,75.0,female,head/neck
ISIC_8379235,IL_0783886,dermoscopic,Malignant,MEL,75.0,female,head/neck
ISIC_8237625,IL_0784156,clinical: close-up,Malignant,BCC,65.0,female,lower extremity
ISIC_3457455,IL_0784156,dermoscopic,Malignant,BCC,65.0,female,lower extremity
ISIC_7326413,IL_0784671,clinical: close-up,Malignant,BCC,50.0,male,
ISIC_8234371,IL_0784671,dermoscopic,Malignant,BCC,50.0,male,
ISIC_1816990,IL_0786469,clinical: close-up,Benign,NV,20.0,female,
ISIC_5052804,IL_0786469,dermoscopic,Benign,NV,20.0,female,
ISIC_9376271,IL_0788438,clinical: close-up,Benign,NV,45.0,male,
ISIC_6987320,IL_0788438,dermoscopic,Benign,NV,45.0,male,
ISIC_9001724,IL_0788459,clinical: close-up,Malignant,BCC,65.0,female,head/neck
ISIC_6428254,IL_0788459,dermoscopic,Malignant,BCC,65.0,female,head/neck
ISIC_6609894,IL_0793440,clinical: close-up,Benign,NV,55.0,male,lower extremity
ISIC_1815891,IL_0793440,dermoscopic,Benign,NV,55.0,male,lower extremity
ISIC_3496143,IL_0793725,clinical: close-up,Malignant,AKIEC,60.0,female,lower extremity
ISIC_3538568,IL_0793725,dermoscopic,Malignant,AKIEC,60.0,female,lower extremity
ISIC_7813552,IL_0797165,clinical: close-up,Benign,NV,5.0,female,lower extremity
ISIC_0597607,IL_0797165,dermoscopic,Benign,NV,5.0,female,lower extremity
ISIC_4229574,IL_0807184,clinical: close-up,Indeterminate,AKIEC,85.0,male,
ISIC_7509328,IL_0807184,dermoscopic,Indeterminate,AKIEC,85.0,male,
ISIC_1926637,IL_0807223,clinical: close-up,Malignant,MEL,40.0,female,
ISIC_1126401,IL_0807223,dermoscopic,Malignant,MEL,40.0,female,
ISIC_5835836,IL_0808533,clinical: close-up,Benign,BKL,55.0,female,upper extremity
ISIC_3507614,IL_0808533,dermoscopic,Benign,BKL,55.0,female,upper extremity
ISIC_1740662,IL_0809191,clinical: close-up,Benign,NV,,female,lower extremity
ISIC_8199024,IL_0809191,dermoscopic,Benign,NV,,female,lower extremity
ISIC_4040199,IL_0810155,clinical: close-up,Malignant,MEL,60.0,female,lower extremity
ISIC_5230761,IL_0810155,dermoscopic,Malignant,MEL,60.0,female,lower extremity
ISIC_3708140,IL_0811004,clinical: close-up,Malignant,BCC,75.0,male,
ISIC_0828276,IL_0811004,dermoscopic,Malignant,BCC,75.0,male,
ISIC_8754137,IL_0814216,clinical: close-up,Malignant,SCCKA,70.0,male,upper extremity
ISIC_8344818,IL_0814216,dermoscopic,Malignant,SCCKA,70.0,male,upper extremity
ISIC_0826007,IL_0815342,clinical: close-up,Malignant,BCC,85.0,male,
ISIC_9821910,IL_0815342,dermoscopic,Malignant,BCC,85.0,male,
ISIC_5985397,IL_0816967,clinical: close-up,Malignant,BCC,55.0,male,
ISIC_8079864,IL_0816967,dermoscopic,Malignant,BCC,55.0,male,
ISIC_3644112,IL_0817869,clinical: close-up,Benign,NV,35.0,male,upper extremity
ISIC_5587236,IL_0817869,dermoscopic,Benign,NV,35.0,male,upper extremity
ISIC_1858790,IL_0819034,clinical: close-up,Malignant,MEL,55.0,female,lower extremity
ISIC_7851081,IL_0819034,dermoscopic,Malignant,MEL,55.0,female,lower extremity
ISIC_9223565,IL_0820798,clinical: close-up,Malignant,AKIEC,70.0,male,lower extremity
ISIC_1982635,IL_0820798,dermoscopic,Malignant,AKIEC,70.0,male,lower extremity
ISIC_9344767,IL_0823685,clinical: close-up,Malignant,MEL,40.0,female,
ISIC_6562442,IL_0823685,dermoscopic,Malignant,MEL,40.0,female,
ISIC_0733275,IL_0826473,clinical: close-up,Benign,NV,30.0,female,lower extremity
ISIC_5194644,IL_0826473,dermoscopic,Benign,NV,30.0,female,lower extremity
ISIC_7641847,IL_0828910,clinical: close-up,Malignant,BCC,65.0,male,head/neck
ISIC_1350051,IL_0828910,dermoscopic,Malignant,BCC,65.0,male,head/neck
ISIC_8645743,IL_0834716,clinical: close-up,Malignant,BCC,65.0,male,head/neck
ISIC_8810920,IL_0834716,dermoscopic,Malignant,BCC,65.0,male,head/neck
ISIC_9552131,IL_0835315,clinical: close-up,Malignant,SCCKA,85.0,female,lower extremity
ISIC_0802648,IL_0835315,dermoscopic,Malignant,SCCKA,85.0,female,lower extremity
ISIC_7803895,IL_0835355,clinical: close-up,Malignant,BCC,65.0,male,head/neck
ISIC_4192230,IL_0835355,dermoscopic,Malignant,BCC,65.0,male,head/neck
ISIC_6037847,IL_0836583,clinical: close-up,Malignant,BCC,65.0,female,lower extremity
ISIC_2088803,IL_0836583,dermoscopic,Malignant,BCC,65.0,female,lower extremity
ISIC_4806633,IL_0837149,clinical: close-up,Malignant,BCC,65.0,male,lower extremity
ISIC_2564687,IL_0837149,dermoscopic,Malignant,BCC,65.0,male,lower extremity
ISIC_4303207,IL_0838598,clinical: close-up,Malignant,SCCKA,75.0,male,lower extremity
ISIC_2352288,IL_0838598,dermoscopic,Malignant,SCCKA,75.0,male,lower extremity
ISIC_4509723,IL_0844801,clinical: close-up,Benign,NV,35.0,female,
ISIC_4112456,IL_0844801,dermoscopic,Benign,NV,35.0,female,
ISIC_2395293,IL_0848676,clinical: close-up,Malignant,MEL,30.0,female,upper extremity
ISIC_7695263,IL_0848676,dermoscopic,Malignant,MEL,30.0,female,upper extremity
ISIC_7926021,IL_0848948,clinical: close-up,Benign,NV,40.0,female,
ISIC_7876616,IL_0848948,dermoscopic,Benign,NV,40.0,female,
ISIC_9285479,IL_0850065,clinical: close-up,Malignant,BCC,55.0,male,
ISIC_0467628,IL_0850065,dermoscopic,Malignant,BCC,55.0,male,
ISIC_3778059,IL_0850769,clinical: close-up,Malignant,SCCKA,75.0,male,head/neck
ISIC_6782031,IL_0850769,dermoscopic,Malignant,SCCKA,75.0,male,head/neck
ISIC_1677408,IL_0853673,clinical: close-up,Malignant,BCC,50.0,male,
ISIC_1033453,IL_0853673,dermoscopic,Malignant,BCC,50.0,male,
ISIC_5364113,IL_0860042,clinical: close-up,Benign,NV,35.0,male,lower extremity
ISIC_8660210,IL_0860042,dermoscopic,Benign,NV,35.0,male,lower extremity
ISIC_6843004,IL_0861940,clinical: close-up,Malignant,BCC,65.0,male,lower extremity
ISIC_9336765,IL_0861940,dermoscopic,Malignant,BCC,65.0,male,lower extremity
ISIC_5318655,IL_0864051,clinical: close-up,Malignant,BCC,40.0,male,head/neck
ISIC_3820500,IL_0864051,dermoscopic,Malignant,BCC,40.0,male,head/neck
ISIC_6480550,IL_0869160,clinical: close-up,Malignant,BCC,70.0,female,head/neck
ISIC_5266605,IL_0869160,dermoscopic,Malignant,BCC,70.0,female,head/neck
ISIC_6166836,IL_0872477,clinical: close-up,Benign,NV,20.0,female,
ISIC_8771453,IL_0872477,dermoscopic,Benign,NV,20.0,female,
ISIC_3595673,IL_0872966,clinical: close-up,Benign,NV,50.0,male,
ISIC_8837131,IL_0872966,dermoscopic,Benign,NV,50.0,male,
ISIC_7982662,IL_0877533,clinical: close-up,Malignant,MEL,70.0,female,head/neck
ISIC_4375866,IL_0877533,dermoscopic,Malignant,MEL,70.0,female,head/neck
ISIC_9629139,IL_0882854,clinical: close-up,Malignant,AKIEC,55.0,male,head/neck
ISIC_3887050,IL_0882854,dermoscopic,Malignant,AKIEC,55.0,male,head/neck
ISIC_9043368,IL_0883387,clinical: close-up,Benign,NV,35.0,male,
ISIC_4246393,IL_0883387,dermoscopic,Benign,NV,35.0,male,
ISIC_5259848,IL_0890305,clinical: close-up,Benign,NV,60.0,male,
ISIC_3468757,IL_0890305,dermoscopic,Benign,NV,60.0,male,
ISIC_4484543,IL_0894322,clinical: close-up,Malignant,BCC,65.0,male,upper extremity
ISIC_3307579,IL_0894322,dermoscopic,Malignant,BCC,65.0,male,upper extremity
ISIC_1474193,IL_0895262,clinical: close-up,Benign,BKL,60.0,male,
ISIC_2190119,IL_0895262,dermoscopic,Benign,BKL,60.0,male,
ISIC_1181087,IL_0898594,clinical: close-up,Malignant,BCC,70.0,female,head/neck
ISIC_1741197,IL_0898594,dermoscopic,Malignant,BCC,70.0,female,head/neck
ISIC_8344038,IL_0901496,clinical: close-up,Malignant,BCC,35.0,male,head/neck
ISIC_0805951,IL_0901496,dermoscopic,Malignant,BCC,35.0,male,head/neck
ISIC_2405387,IL_0909624,clinical: close-up,Malignant,SCCKA,80.0,female,upper extremity
ISIC_4310927,IL_0909624,dermoscopic,Malignant,SCCKA,80.0,female,upper extremity
ISIC_7904583,IL_0911506,clinical: close-up,Malignant,MEL,50.0,female,lower extremity
ISIC_5628874,IL_0911506,dermoscopic,Malignant,MEL,50.0,female,lower extremity
ISIC_6491752,IL_0913190,clinical: close-up,Benign,NV,40.0,female,head/neck
ISIC_9415992,IL_0913190,dermoscopic,Benign,NV,40.0,female,head/neck
ISIC_0526168,IL_0913483,clinical: close-up,Benign,NV,45.0,female,upper extremity
ISIC_4622192,IL_0913483,dermoscopic,Benign,NV,45.0,female,upper extremity
ISIC_4175612,IL_0915251,clinical: close-up,Benign,VASC,80.0,female,upper extremity
ISIC_1609351,IL_0915251,dermoscopic,Benign,VASC,80.0,female,upper extremity
ISIC_4275620,IL_0919212,clinical: close-up,Malignant,BCC,70.0,male,
ISIC_6417205,IL_0919212,dermoscopic,Malignant,BCC,70.0,male,
ISIC_0275196,IL_0921105,clinical: close-up,Malignant,BCC,65.0,male,head/neck
ISIC_8614302,IL_0921105,dermoscopic,Malignant,BCC,65.0,male,head/neck
ISIC_1079378,IL_0926236,clinical: close-up,Benign,NV,40.0,female,
ISIC_2745537,IL_0926236,dermoscopic,Benign,NV,40.0,female,
ISIC_5367270,IL_0927709,clinical: close-up,Malignant,MEL,70.0,male,head/neck
ISIC_3535882,IL_0927709,dermoscopic,Malignant,MEL,70.0,male,head/neck
ISIC_9513437,IL_0928846,clinical: close-up,Benign,BKL,45.0,female,head/neck
ISIC_2288200,IL_0928846,dermoscopic,Benign,BKL,45.0,female,head/neck
ISIC_9442170,IL_0930071,clinical: close-up,Benign,NV,75.0,male,
ISIC_5766792,IL_0930071,dermoscopic,Benign,NV,75.0,male,
ISIC_2365922,IL_0931113,clinical: close-up,Malignant,SCCKA,60.0,male,head/neck
ISIC_5630379,IL_0931113,dermoscopic,Malignant,SCCKA,60.0,male,head/neck
ISIC_5083538,IL_0932905,clinical: close-up,Malignant,BCC,60.0,female,upper extremity
ISIC_1317686,IL_0932905,dermoscopic,Malignant,BCC,60.0,female,upper extremity
ISIC_3312614,IL_0933213,clinical: close-up,Malignant,BCC,50.0,female,upper extremity
ISIC_5925562,IL_0933213,dermoscopic,Malignant,BCC,50.0,female,upper extremity
ISIC_4873477,IL_0937448,clinical: close-up,Malignant,BCC,80.0,male,upper extremity
ISIC_5842460,IL_0937448,dermoscopic,Malignant,BCC,80.0,male,upper extremity
ISIC_7993187,IL_0949755,clinical: close-up,Malignant,BCC,65.0,female,
ISIC_3981430,IL_0949755,dermoscopic,Malignant,BCC,65.0,female,
ISIC_7512401,IL_0952894,clinical: close-up,Benign,NV,25.0,female,head/neck
ISIC_5063002,IL_0952894,dermoscopic,Benign,NV,25.0,female,head/neck
ISIC_7676731,IL_0956761,clinical: close-up,Malignant,BCC,65.0,male,upper extremity
ISIC_3568310,IL_0956761,dermoscopic,Malignant,BCC,65.0,male,upper extremity
ISIC_1038282,IL_0960760,clinical: close-up,Benign,NV,50.0,male,
ISIC_7452466,IL_0960760,dermoscopic,Benign,NV,50.0,male,
ISIC_3574989,IL_0962219,clinical: close-up,Malignant,BCC,75.0,male,
ISIC_9479710,IL_0962219,dermoscopic,Malignant,BCC,75.0,male,
ISIC_2878962,IL_0963446,clinical: close-up,Malignant,BCC,65.0,female,head/neck
ISIC_3918888,IL_0963446,dermoscopic,Malignant,BCC,65.0,female,head/neck
ISIC_9148166,IL_0965927,clinical: close-up,Benign,NV,45.0,male,
ISIC_5713218,IL_0965927,dermoscopic,Benign,NV,45.0,male,
ISIC_9008854,IL_0966706,clinical: close-up,Malignant,BCC,65.0,female,lower extremity
ISIC_7727795,IL_0966706,dermoscopic,Malignant,BCC,65.0,female,lower extremity
ISIC_7382876,IL_0966806,clinical: close-up,Benign,NV,65.0,male,
ISIC_7116014,IL_0966806,dermoscopic,Benign,NV,65.0,male,
ISIC_8740093,IL_0967038,clinical: close-up,Benign,BKL,85.0,male,
ISIC_5310379,IL_0967038,dermoscopic,Benign,BKL,85.0,male,
ISIC_1727938,IL_0967073,clinical: close-up,Malignant,SCCKA,70.0,male,head/neck
ISIC_3252559,IL_0967073,dermoscopic,Malignant,SCCKA,70.0,male,head/neck
ISIC_7756269,IL_0970556,clinical: close-up,Malignant,BCC,75.0,male,
ISIC_0147255,IL_0970556,dermoscopic,Malignant,BCC,75.0,male,
ISIC_6617227,IL_0974592,clinical: close-up,Benign,NV,10.0,male,
ISIC_7231732,IL_0974592,dermoscopic,Benign,NV,10.0,male,
ISIC_0616115,IL_0977537,clinical: close-up,Benign,BKL,65.0,male,
ISIC_0187220,IL_0977537,dermoscopic,Benign,BKL,65.0,male,
ISIC_4557470,IL_0980631,clinical: close-up,Malignant,BCC,80.0,male,head/neck
ISIC_6124320,IL_0980631,dermoscopic,Malignant,BCC,80.0,male,head/neck
ISIC_0368075,IL_0982091,clinical: close-up,Malignant,BCC,45.0,male,head/neck
ISIC_2654339,IL_0982091,dermoscopic,Malignant,BCC,45.0,male,head/neck
ISIC_2548075,IL_0987624,clinical: close-up,Malignant,BCC,55.0,male,head/neck
ISIC_2090799,IL_0987624,dermoscopic,Malignant,BCC,55.0,male,head/neck
ISIC_5058087,IL_0994070,clinical: close-up,Benign,BKL,65.0,male,head/neck
ISIC_4421697,IL_0994070,dermoscopic,Benign,BKL,65.0,male,head/neck
ISIC_5409281,IL_0996879,clinical: close-up,Benign,BEN_OTH,70.0,male,
ISIC_3477325,IL_0996879,dermoscopic,Benign,BEN_OTH,70.0,male,
ISIC_1823276,IL_1001591,clinical: close-up,Malignant,MEL,80.0,female,head/neck
ISIC_3709727,IL_1001591,dermoscopic,Malignant,MEL,80.0,female,head/neck
ISIC_8186312,IL_1002499,clinical: close-up,Benign,BKL,45.0,female,lower extremity
ISIC_1987185,IL_1002499,dermoscopic,Benign,BKL,45.0,female,lower extremity
ISIC_3308945,IL_1003728,clinical: close-up,Malignant,MEL,30.0,female,lower extremity
ISIC_8601570,IL_1003728,dermoscopic,Malignant,MEL,30.0,female,lower extremity
ISIC_0919015,IL_1006446,clinical: close-up,Malignant,BCC,65.0,male,
ISIC_0091092,IL_1006446,dermoscopic,Malignant,BCC,65.0,male,
ISIC_8635734,IL_1016151,clinical: close-up,Malignant,MEL,80.0,female,head/neck
ISIC_2415589,IL_1016151,dermoscopic,Malignant,MEL,80.0,female,head/neck
ISIC_1963504,IL_1020269,clinical: close-up,Malignant,BCC,65.0,female,
ISIC_3103756,IL_1020269,dermoscopic,Malignant,BCC,65.0,female,
ISIC_7497769,IL_1021886,clinical: close-up,Benign,BKL,55.0,female,
ISIC_2320914,IL_1021886,dermoscopic,Benign,BKL,55.0,female,
ISIC_7853714,IL_1024518,clinical: close-up,Benign,NV,5.0,female,lower extremity
ISIC_6195604,IL_1024518,dermoscopic,Benign,NV,5.0,female,lower extremity
ISIC_0282478,IL_1025341,clinical: close-up,Malignant,BCC,70.0,male,
ISIC_5033470,IL_1025341,dermoscopic,Malignant,BCC,70.0,male,
ISIC_1037712,IL_1026804,clinical: close-up,Malignant,MEL,75.0,female,
ISIC_8687675,IL_1026804,dermoscopic,Malignant,MEL,75.0,female,
ISIC_3225587,IL_1027638,clinical: close-up,Malignant,MEL,55.0,female,
ISIC_5093839,IL_1027638,dermoscopic,Malignant,MEL,55.0,female,
ISIC_5314319,IL_1030040,clinical: close-up,Benign,NV,65.0,male,
ISIC_1408695,IL_1030040,dermoscopic,Benign,NV,65.0,male,
ISIC_3906432,IL_1030535,clinical: close-up,Malignant,BCC,70.0,female,upper extremity
ISIC_1740962,IL_1030535,dermoscopic,Malignant,BCC,70.0,female,upper extremity
ISIC_1610798,IL_1036024,clinical: close-up,Malignant,BCC,75.0,male,
ISIC_9317670,IL_1036024,dermoscopic,Malignant,BCC,75.0,male,
ISIC_8815763,IL_1036573,clinical: close-up,Malignant,BCC,55.0,male,head/neck
ISIC_9436084,IL_1036573,dermoscopic,Malignant,BCC,55.0,male,head/neck
ISIC_3290988,IL_1037405,clinical: close-up,Benign,INF,25.0,female,head/neck
ISIC_6323263,IL_1037405,dermoscopic,Benign,INF,25.0,female,head/neck
ISIC_8159044,IL_1037790,clinical: close-up,Benign,NV,45.0,female,lower extremity
ISIC_4700918,IL_1037790,dermoscopic,Benign,NV,45.0,female,lower extremity
ISIC_2949444,IL_1038225,clinical: close-up,Benign,NV,55.0,female,
ISIC_7272469,IL_1038225,dermoscopic,Benign,NV,55.0,female,
ISIC_9310886,IL_1042146,clinical: close-up,Malignant,BCC,55.0,female,upper extremity
ISIC_3158315,IL_1042146,dermoscopic,Malignant,BCC,55.0,female,upper extremity
ISIC_3273746,IL_1046735,clinical: close-up,Malignant,BCC,75.0,female,head/neck
ISIC_4277959,IL_1046735,dermoscopic,Malignant,BCC,75.0,female,head/neck
ISIC_8209412,IL_1050335,clinical: close-up,Benign,NV,25.0,male,
ISIC_9853363,IL_1050335,dermoscopic,Benign,NV,25.0,male,
ISIC_6483899,IL_1051456,clinical: close-up,Malignant,BCC,70.0,female,head/neck
ISIC_1567381,IL_1051456,dermoscopic,Malignant,BCC,70.0,female,head/neck
ISIC_6846246,IL_1057278,clinical: close-up,Malignant,BCC,70.0,male,upper extremity
ISIC_1485174,IL_1057278,dermoscopic,Malignant,BCC,70.0,male,upper extremity
ISIC_3994760,IL_1057711,clinical: close-up,Benign,NV,35.0,male,
ISIC_8012264,IL_1057711,dermoscopic,Benign,NV,35.0,male,
ISIC_5423101,IL_1058871,clinical: close-up,Malignant,BCC,35.0,female,head/neck
ISIC_0777452,IL_1058871,dermoscopic,Malignant,BCC,35.0,female,head/neck
ISIC_0363002,IL_1059300,clinical: close-up,Benign,BKL,75.0,male,
ISIC_5854998,IL_1059300,dermoscopic,Benign,BKL,75.0,male,
ISIC_0240393,IL_1060778,clinical: close-up,Malignant,BCC,65.0,female,lower extremity
ISIC_7567589,IL_1060778,dermoscopic,Malignant,BCC,65.0,female,lower extremity
ISIC_5494808,IL_1062117,clinical: close-up,Malignant,MEL,80.0,male,
ISIC_7922830,IL_1062117,dermoscopic,Malignant,MEL,80.0,male,
ISIC_0572831,IL_1062224,clinical: close-up,Benign,NV,30.0,female,
ISIC_5744011,IL_1062224,dermoscopic,Benign,NV,30.0,female,
ISIC_9776410,IL_1065158,clinical: close-up,Malignant,MEL,50.0,male,
ISIC_9875364,IL_1065158,dermoscopic,Malignant,MEL,50.0,male,
ISIC_7789919,IL_1065532,clinical: close-up,Malignant,BCC,80.0,female,head/neck
ISIC_3003010,IL_1065532,dermoscopic,Malignant,BCC,80.0,female,head/neck
ISIC_8830776,IL_1066260,clinical: close-up,Benign,NV,25.0,female,
ISIC_4228893,IL_1066260,dermoscopic,Benign,NV,25.0,female,
ISIC_3836605,IL_1066401,clinical: close-up,Malignant,SCCKA,70.0,male,head/neck
ISIC_3040289,IL_1066401,dermoscopic,Malignant,SCCKA,70.0,male,head/neck
ISIC_2952159,IL_1066586,clinical: close-up,Malignant,BCC,60.0,male,head/neck
ISIC_2945370,IL_1066586,dermoscopic,Malignant,BCC,60.0,male,head/neck
ISIC_5137393,IL_1072966,clinical: close-up,Benign,BKL,65.0,female,
ISIC_8870190,IL_1072966,dermoscopic,Benign,BKL,65.0,female,
ISIC_8949240,IL_1075649,clinical: close-up,Malignant,MEL,40.0,female,lower extremity
ISIC_2337998,IL_1075649,dermoscopic,Malignant,MEL,40.0,female,lower extremity
ISIC_6977117,IL_1077349,clinical: close-up,Benign,NV,10.0,male,lower extremity
ISIC_1859626,IL_1077349,dermoscopic,Benign,NV,10.0,male,lower extremity
ISIC_3861067,IL_1077791,clinical: close-up,Malignant,SCCKA,80.0,male,head/neck
ISIC_3445145,IL_1077791,dermoscopic,Malignant,SCCKA,80.0,male,head/neck
ISIC_4529704,IL_1081068,clinical: close-up,Malignant,BCC,80.0,male,lower extremity
ISIC_3983224,IL_1081068,dermoscopic,Malignant,BCC,80.0,male,lower extremity
ISIC_4759275,IL_1082732,clinical: close-up,Benign,BKL,60.0,male,lower extremity
ISIC_7516346,IL_1082732,dermoscopic,Benign,BKL,60.0,male,lower extremity
ISIC_0754291,IL_1085478,clinical: close-up,Indeterminate,AKIEC,35.0,female,head/neck
ISIC_1338697,IL_1085478,dermoscopic,Indeterminate,AKIEC,35.0,female,head/neck
ISIC_6187812,IL_1087504,clinical: close-up,Benign,NV,45.0,female,lower extremity
ISIC_1763947,IL_1087504,dermoscopic,Benign,NV,45.0,female,lower extremity
ISIC_7500706,IL_1088813,clinical: close-up,Malignant,BCC,75.0,female,lower extremity
ISIC_5780488,IL_1088813,dermoscopic,Malignant,BCC,75.0,female,lower extremity
ISIC_8861411,IL_1089053,clinical: close-up,Malignant,AKIEC,75.0,male,head/neck
ISIC_9578110,IL_1089053,dermoscopic,Malignant,AKIEC,75.0,male,head/neck
ISIC_9643087,IL_1090086,clinical: close-up,Malignant,BCC,35.0,female,head/neck
ISIC_4674125,IL_1090086,dermoscopic,Malignant,BCC,35.0,female,head/neck
ISIC_5662432,IL_1093822,clinical: close-up,Malignant,BCC,85.0,female,upper extremity
ISIC_6860247,IL_1093822,dermoscopic,Malignant,BCC,85.0,female,upper extremity
ISIC_5881643,IL_1094162,clinical: close-up,Malignant,BCC,65.0,male,lower extremity
ISIC_6457111,IL_1094162,dermoscopic,Malignant,BCC,65.0,male,lower extremity
ISIC_3195835,IL_1097416,clinical: close-up,Malignant,MEL,65.0,female,lower extremity
ISIC_4969277,IL_1097416,dermoscopic,Malignant,MEL,65.0,female,lower extremity
ISIC_2495960,IL_1098569,clinical: close-up,Malignant,BCC,60.0,female,head/neck
ISIC_2324691,IL_1098569,dermoscopic,Malignant,BCC,60.0,female,head/neck
ISIC_4900087,IL_1099248,clinical: close-up,Malignant,BCC,55.0,male,upper extremity
ISIC_4494886,IL_1099248,dermoscopic,Malignant,BCC,55.0,male,upper extremity
ISIC_6041310,IL_1101904,clinical: close-up,Benign,BKL,85.0,female,upper extremity
ISIC_0426131,IL_1101904,dermoscopic,Benign,BKL,85.0,female,upper extremity
ISIC_3408726,IL_1102266,clinical: close-up,Malignant,MEL,85.0,female,lower extremity
ISIC_0450792,IL_1102266,dermoscopic,Malignant,MEL,85.0,female,lower extremity
ISIC_4488663,IL_1104611,clinical: close-up,Malignant,SCCKA,70.0,male,
ISIC_9536837,IL_1104611,dermoscopic,Malignant,SCCKA,70.0,male,
ISIC_8648920,IL_1104647,clinical: close-up,Malignant,BCC,50.0,male,
ISIC_5616230,IL_1104647,dermoscopic,Malignant,BCC,50.0,male,
ISIC_2585061,IL_1105307,clinical: close-up,Benign,NV,45.0,male,upper extremity
ISIC_8121619,IL_1105307,dermoscopic,Benign,NV,45.0,male,upper extremity
ISIC_9790247,IL_1114001,clinical: close-up,Indeterminate,AKIEC,80.0,male,head/neck
ISIC_0855384,IL_1114001,dermoscopic,Indeterminate,AKIEC,80.0,male,head/neck
ISIC_9107874,IL_1116868,clinical: close-up,Benign,BKL,45.0,male,
ISIC_2183795,IL_1116868,dermoscopic,Benign,BKL,45.0,male,
ISIC_8097656,IL_1118259,clinical: close-up,Malignant,BCC,65.0,male,upper extremity
ISIC_2671356,IL_1118259,dermoscopic,Malignant,BCC,65.0,male,upper extremity
ISIC_6556418,IL_1118490,clinical: close-up,Malignant,BCC,80.0,male,
ISIC_9268464,IL_1118490,dermoscopic,Malignant,BCC,80.0,male,
ISIC_8443887,IL_1120917,clinical: close-up,Benign,NV,35.0,male,
ISIC_3869104,IL_1120917,dermoscopic,Benign,NV,35.0,male,
ISIC_0719228,IL_1122341,clinical: close-up,Malignant,BCC,70.0,female,lower extremity
ISIC_0666405,IL_1122341,dermoscopic,Malignant,BCC,70.0,female,lower extremity
ISIC_4480429,IL_1122729,clinical: close-up,Malignant,AKIEC,75.0,male,
ISIC_6938390,IL_1122729,dermoscopic,Malignant,AKIEC,75.0,male,
ISIC_3496072,IL_1127308,clinical: close-up,Malignant,SCCKA,65.0,male,head/neck
ISIC_5064865,IL_1127308,dermoscopic,Malignant,SCCKA,65.0,male,head/neck
ISIC_2579863,IL_1128310,clinical: close-up,Malignant,BCC,55.0,male,
ISIC_7504308,IL_1128310,dermoscopic,Malignant,BCC,55.0,male,
ISIC_8597788,IL_1131642,clinical: close-up,Malignant,BCC,50.0,male,
ISIC_2567925,IL_1131642,dermoscopic,Malignant,BCC,50.0,male,
ISIC_1990181,IL_1133754,clinical: close-up,Malignant,BCC,75.0,male,
ISIC_1379351,IL_1133754,dermoscopic,Malignant,BCC,75.0,male,
ISIC_2188105,IL_1139231,clinical: close-up,Benign,NV,55.0,male,
ISIC_3866655,IL_1139231,dermoscopic,Benign,NV,55.0,male,
ISIC_2903873,IL_1140654,clinical: close-up,Malignant,BCC,70.0,female,
ISIC_6638547,IL_1140654,dermoscopic,Malignant,BCC,70.0,female,
ISIC_1154405,IL_1141738,clinical: close-up,Malignant,BCC,75.0,male,head/neck
ISIC_1102101,IL_1141738,dermoscopic,Malignant,BCC,75.0,male,head/neck
ISIC_5018607,IL_1141889,clinical: close-up,Benign,BKL,80.0,male,head/neck
ISIC_3265817,IL_1141889,dermoscopic,Benign,BKL,80.0,male,head/neck
ISIC_1282117,IL_1151731,clinical: close-up,Malignant,BCC,70.0,male,head/neck
ISIC_3468250,IL_1151731,dermoscopic,Malignant,BCC,70.0,male,head/neck
ISIC_7761513,IL_1152647,clinical: close-up,Benign,BKL,60.0,female,lower extremity
ISIC_0314216,IL_1152647,dermoscopic,Benign,BKL,60.0,female,lower extremity
ISIC_1525827,IL_1154245,clinical: close-up,Malignant,SCCKA,45.0,male,head/neck
ISIC_5610942,IL_1154245,dermoscopic,Malignant,SCCKA,45.0,male,head/neck
ISIC_9486029,IL_1159424,clinical: close-up,Malignant,MEL,60.0,male,
ISIC_4312494,IL_1159424,dermoscopic,Malignant,MEL,60.0,male,
ISIC_3491198,IL_1166072,clinical: close-up,Malignant,BCC,65.0,male,
ISIC_7110025,IL_1166072,dermoscopic,Malignant,BCC,65.0,male,
ISIC_0229794,IL_1167409,clinical: close-up,Malignant,BCC,75.0,male,upper extremity
ISIC_6982597,IL_1167409,dermoscopic,Malignant,BCC,75.0,male,upper extremity
ISIC_3295711,IL_1173774,clinical: close-up,Malignant,BCC,65.0,female,head/neck
ISIC_8389918,IL_1173774,dermoscopic,Malignant,BCC,65.0,female,head/neck
ISIC_1212172,IL_1175004,clinical: close-up,Malignant,BCC,25.0,male,head/neck
ISIC_5132630,IL_1175004,dermoscopic,Malignant,BCC,25.0,male,head/neck
ISIC_0114709,IL_1176036,clinical: close-up,Malignant,SCCKA,65.0,female,lower extremity
ISIC_4911521,IL_1176036,dermoscopic,Malignant,SCCKA,65.0,female,lower extremity
ISIC_1347975,IL_1178215,clinical: close-up,Benign,NV,40.0,female,
ISIC_6503533,IL_1178215,dermoscopic,Benign,NV,40.0,female,
ISIC_9083944,IL_1178770,clinical: close-up,Malignant,SCCKA,80.0,female,upper extremity
ISIC_9447454,IL_1178770,dermoscopic,Malignant,SCCKA,80.0,female,upper extremity
ISIC_3433968,IL_1181749,clinical: close-up,Malignant,SCCKA,75.0,female,lower extremity
ISIC_7832392,IL_1181749,dermoscopic,Malignant,SCCKA,75.0,female,lower extremity
ISIC_9642154,IL_1185786,clinical: close-up,Benign,BKL,85.0,female,
ISIC_9700218,IL_1185786,dermoscopic,Benign,BKL,85.0,female,
ISIC_6566937,IL_1192220,clinical: close-up,Malignant,BCC,70.0,male,lower extremity
ISIC_2321009,IL_1192220,dermoscopic,Malignant,BCC,70.0,male,lower extremity
ISIC_1487636,IL_1207845,clinical: close-up,Benign,VASC,55.0,male,
ISIC_0686612,IL_1207845,dermoscopic,Benign,VASC,55.0,male,
ISIC_1949396,IL_1209024,clinical: close-up,Malignant,BCC,40.0,female,lower extremity
ISIC_8976041,IL_1209024,dermoscopic,Malignant,BCC,40.0,female,lower extremity
ISIC_6866490,IL_1211911,clinical: close-up,Malignant,SCCKA,80.0,male,upper extremity
ISIC_9003113,IL_1211911,dermoscopic,Malignant,SCCKA,80.0,male,upper extremity
ISIC_2784330,IL_1212389,clinical: close-up,Malignant,MEL,60.0,male,upper extremity
ISIC_7656591,IL_1212389,dermoscopic,Malignant,MEL,60.0,male,upper extremity
ISIC_2733086,IL_1218660,clinical: close-up,Malignant,BCC,80.0,female,
ISIC_3185277,IL_1218660,dermoscopic,Malignant,BCC,80.0,female,
ISIC_1916171,IL_1222046,clinical: close-up,Benign,BEN_OTH,70.0,male,head/neck
ISIC_4385584,IL_1222046,dermoscopic,Benign,BEN_OTH,70.0,male,head/neck
ISIC_2704222,IL_1222860,clinical: close-up,Malignant,BCC,60.0,male,
ISIC_4885574,IL_1222860,dermoscopic,Malignant,BCC,60.0,male,
ISIC_9956546,IL_1223574,clinical: close-up,Malignant,BCC,60.0,female,
ISIC_8365405,IL_1223574,dermoscopic,Malignant,BCC,60.0,female,
ISIC_9121967,IL_1225900,clinical: close-up,Malignant,BCC,55.0,male,head/neck
ISIC_2847750,IL_1225900,dermoscopic,Malignant,BCC,55.0,male,head/neck
ISIC_8358325,IL_1230964,clinical: close-up,Malignant,BCC,45.0,female,
ISIC_6582004,IL_1230964,dermoscopic,Malignant,BCC,45.0,female,
ISIC_8660310,IL_1238733,clinical: close-up,Malignant,SCCKA,80.0,male,upper extremity
ISIC_0780574,IL_1238733,dermoscopic,Malignant,SCCKA,80.0,male,upper extremity
ISIC_4923148,IL_1239256,clinical: close-up,Malignant,SCCKA,60.0,female,head/neck
ISIC_7604705,IL_1239256,dermoscopic,Malignant,SCCKA,60.0,female,head/neck
ISIC_0755062,IL_1240049,clinical: close-up,Benign,NV,75.0,male,
ISIC_8307786,IL_1240049,dermoscopic,Benign,NV,75.0,male,
ISIC_1624532,IL_1242369,clinical: close-up,Malignant,MEL,80.0,male,
ISIC_2851725,IL_1242369,dermoscopic,Malignant,MEL,80.0,male,
ISIC_0552716,IL_1243946,clinical: close-up,Benign,BKL,60.0,female,lower extremity
ISIC_7965372,IL_1243946,dermoscopic,Benign,BKL,60.0,female,lower extremity
ISIC_6005822,IL_1251030,clinical: close-up,Malignant,BCC,55.0,male,upper extremity
ISIC_4381662,IL_1251030,dermoscopic,Malignant,BCC,55.0,male,upper extremity
ISIC_4509507,IL_1252231,clinical: close-up,Malignant,BCC,75.0,male,lower extremity
ISIC_5373218,IL_1252231,dermoscopic,Malignant,BCC,75.0,male,lower extremity
ISIC_8236818,IL_1259120,clinical: close-up,Malignant,BCC,65.0,male,upper extremity
ISIC_7362585,IL_1259120,dermoscopic,Malignant,BCC,65.0,male,upper extremity
ISIC_9747544,IL_1263439,clinical: close-up,Benign,NV,50.0,male,
ISIC_2100757,IL_1263439,dermoscopic,Benign,NV,50.0,male,
ISIC_3289736,IL_1264405,clinical: close-up,Benign,NV,25.0,male,head/neck
ISIC_2235918,IL_1264405,dermoscopic,Benign,NV,25.0,male,head/neck
ISIC_4343032,IL_1267317,clinical: close-up,Malignant,AKIEC,55.0,male,
ISIC_9560618,IL_1267317,dermoscopic,Malignant,AKIEC,55.0,male,
ISIC_1947250,IL_1272170,clinical: close-up,Malignant,BCC,65.0,male,
ISIC_6771998,IL_1272170,dermoscopic,Malignant,BCC,65.0,male,
ISIC_5373976,IL_1273535,clinical: close-up,Benign,BKL,50.0,male,head/neck
ISIC_7630309,IL_1273535,dermoscopic,Benign,BKL,50.0,male,head/neck
ISIC_5918971,IL_1274050,clinical: close-up,Benign,BKL,40.0,male,upper extremity
ISIC_6470630,IL_1274050,dermoscopic,Benign,BKL,40.0,male,upper extremity
ISIC_2427847,IL_1274055,clinical: close-up,Benign,DF,30.0,male,lower extremity
ISIC_1724838,IL_1274055,dermoscopic,Benign,DF,30.0,male,lower extremity
ISIC_9250861,IL_1275816,clinical: close-up,Malignant,MEL,35.0,male,lower extremity
ISIC_5047162,IL_1275816,dermoscopic,Malignant,MEL,35.0,male,lower extremity
ISIC_5803437,IL_1277363,clinical: close-up,Malignant,BCC,65.0,female,
ISIC_1373637,IL_1277363,dermoscopic,Malignant,BCC,65.0,female,
ISIC_0210682,IL_1280440,clinical: close-up,Benign,BEN_OTH,70.0,male,
ISIC_0640031,IL_1280440,dermoscopic,Benign,BEN_OTH,70.0,male,
ISIC_0612793,IL_1283249,clinical: close-up,Malignant,BCC,75.0,male,
ISIC_6970909,IL_1283249,dermoscopic,Malignant,BCC,75.0,male,
ISIC_8685078,IL_1286984,clinical: close-up,Benign,NV,15.0,female,
ISIC_3094215,IL_1286984,dermoscopic,Benign,NV,15.0,female,
ISIC_6359039,IL_1288672,clinical: close-up,Malignant,BCC,60.0,male,
ISIC_4729676,IL_1288672,dermoscopic,Malignant,BCC,60.0,male,
ISIC_6277936,IL_1289201,clinical: close-up,Malignant,AKIEC,60.0,male,upper extremity
ISIC_9989889,IL_1289201,dermoscopic,Malignant,AKIEC,60.0,male,upper extremity
ISIC_5352485,IL_1293344,clinical: close-up,Malignant,BCC,85.0,male,lower extremity
ISIC_3028893,IL_1293344,dermoscopic,Malignant,BCC,85.0,male,lower extremity
ISIC_9544557,IL_1300499,clinical: close-up,Malignant,MEL,55.0,male,upper extremity
ISIC_4282506,IL_1300499,dermoscopic,Malignant,MEL,55.0,male,upper extremity
ISIC_3460349,IL_1303481,clinical: close-up,Malignant,SCCKA,80.0,female,lower extremity
ISIC_7388680,IL_1303481,dermoscopic,Malignant,SCCKA,80.0,female,lower extremity
ISIC_6893384,IL_1303773,clinical: close-up,Malignant,BCC,70.0,male,
ISIC_7668131,IL_1303773,dermoscopic,Malignant,BCC,70.0,male,
ISIC_3785448,IL_1304235,clinical: close-up,Malignant,BCC,65.0,female,lower extremity
ISIC_3730545,IL_1304235,dermoscopic,Malignant,BCC,65.0,female,lower extremity
ISIC_2714655,IL_1305031,clinical: close-up,Malignant,BCC,80.0,female,head/neck
ISIC_4857268,IL_1305031,dermoscopic,Malignant,BCC,80.0,female,head/neck
ISIC_7390604,IL_1311157,clinical: close-up,Malignant,BCC,70.0,male,
ISIC_3504270,IL_1311157,dermoscopic,Malignant,BCC,70.0,male,
ISIC_3877894,IL_1313145,clinical: close-up,Benign,BKL,55.0,male,
ISIC_2846167,IL_1313145,dermoscopic,Benign,BKL,55.0,male,
ISIC_0149062,IL_1314107,clinical: close-up,Malignant,BCC,85.0,female,lower extremity
ISIC_6028688,IL_1314107,dermoscopic,Malignant,BCC,85.0,female,lower extremity
ISIC_0463510,IL_1314832,clinical: close-up,Malignant,SCCKA,75.0,female,head/neck
ISIC_9945392,IL_1314832,dermoscopic,Malignant,SCCKA,75.0,female,head/neck
ISIC_0284963,IL_1319352,clinical: close-up,Malignant,BCC,30.0,female,lower extremity
ISIC_8812260,IL_1319352,dermoscopic,Malignant,BCC,30.0,female,lower extremity
ISIC_6862130,IL_1320390,clinical: close-up,Malignant,MEL,55.0,male,
ISIC_2930366,IL_1320390,dermoscopic,Malignant,MEL,55.0,male,
ISIC_6595434,IL_1320717,clinical: close-up,Malignant,SCCKA,85.0,male,head/neck
ISIC_7359025,IL_1320717,dermoscopic,Malignant,SCCKA,85.0,male,head/neck
ISIC_4811323,IL_1326669,clinical: close-up,Malignant,SCCKA,80.0,female,upper extremity
ISIC_9092057,IL_1326669,dermoscopic,Malignant,SCCKA,80.0,female,upper extremity
ISIC_5542563,IL_1327367,clinical: close-up,Benign,BKL,65.0,female,lower extremity
ISIC_9411450,IL_1327367,dermoscopic,Benign,BKL,65.0,female,lower extremity
ISIC_3303900,IL_1330840,clinical: close-up,Malignant,BCC,85.0,male,head/neck
ISIC_8516115,IL_1330840,dermoscopic,Malignant,BCC,85.0,male,head/neck
ISIC_0911271,IL_1332909,clinical: close-up,Malignant,AKIEC,50.0,female,head/neck
ISIC_1795097,IL_1332909,dermoscopic,Malignant,AKIEC,50.0,female,head/neck
ISIC_4439069,IL_1334935,clinical: close-up,Benign,NV,15.0,female,upper extremity
ISIC_3597945,IL_1334935,dermoscopic,Benign,NV,15.0,female,upper extremity
ISIC_3590619,IL_1337093,clinical: close-up,Malignant,BCC,75.0,male,
ISIC_0822220,IL_1337093,dermoscopic,Malignant,BCC,75.0,male,
ISIC_2959823,IL_1337756,clinical: close-up,Benign,BKL,60.0,female,head/neck
ISIC_0174755,IL_1337756,dermoscopic,Benign,BKL,60.0,female,head/neck
ISIC_0658837,IL_1345766,clinical: close-up,Benign,BEN_OTH,50.0,male,
ISIC_0423217,IL_1345766,dermoscopic,Benign,BEN_OTH,50.0,male,
ISIC_9640973,IL_1348391,clinical: close-up,Malignant,BCC,60.0,male,head/neck
ISIC_9586937,IL_1348391,dermoscopic,Malignant,BCC,60.0,male,head/neck
ISIC_5674733,IL_1353481,clinical: close-up,Malignant,BCC,60.0,male,lower extremity
ISIC_4442146,IL_1353481,dermoscopic,Malignant,BCC,60.0,male,lower extremity
ISIC_5403927,IL_1353803,clinical: close-up,Benign,BKL,70.0,male,
ISIC_5995935,IL_1353803,dermoscopic,Benign,BKL,70.0,male,
ISIC_7497017,IL_1356310,clinical: close-up,Malignant,BCC,65.0,male,
ISIC_4471113,IL_1356310,dermoscopic,Malignant,BCC,65.0,male,
ISIC_3211369,IL_1361358,clinical: close-up,Malignant,BCC,60.0,female,upper extremity
ISIC_2832853,IL_1361358,dermoscopic,Malignant,BCC,60.0,female,upper extremity
ISIC_1166255,IL_1364035,clinical: close-up,Malignant,BCC,70.0,female,
ISIC_4875335,IL_1364035,dermoscopic,Malignant,BCC,70.0,female,
ISIC_2455305,IL_1366322,clinical: close-up,Malignant,BCC,80.0,female,head/neck
ISIC_1209022,IL_1366322,dermoscopic,Malignant,BCC,80.0,female,head/neck
ISIC_7342682,IL_1367516,clinical: close-up,Malignant,SCCKA,80.0,female,upper extremity
ISIC_0442866,IL_1367516,dermoscopic,Malignant,SCCKA,80.0,female,upper extremity
ISIC_9060326,IL_1378003,clinical: close-up,Benign,NV,45.0,female,upper extremity
ISIC_8312363,IL_1378003,dermoscopic,Benign,NV,45.0,female,upper extremity
ISIC_2148940,IL_1379461,clinical: close-up,Malignant,BCC,30.0,male,head/neck
ISIC_3304699,IL_1379461,dermoscopic,Malignant,BCC,30.0,male,head/neck
ISIC_0381913,IL_1381975,clinical: close-up,Malignant,BCC,60.0,male,
ISIC_6325623,IL_1381975,dermoscopic,Malignant,BCC,60.0,male,
ISIC_7971759,IL_1387239,clinical: close-up,Malignant,BCC,70.0,male,
ISIC_9468437,IL_1387239,dermoscopic,Malignant,BCC,70.0,male,
ISIC_3657842,IL_1392309,clinical: close-up,Malignant,BCC,60.0,male,
ISIC_4204828,IL_1392309,dermoscopic,Malignant,BCC,60.0,male,
ISIC_4683384,IL_1393183,clinical: close-up,Malignant,BCC,60.0,female,
ISIC_7464071,IL_1393183,dermoscopic,Malignant,BCC,60.0,female,
ISIC_4066448,IL_1393794,clinical: close-up,Malignant,BCC,75.0,female,
ISIC_1409004,IL_1393794,dermoscopic,Malignant,BCC,75.0,female,
ISIC_6023822,IL_1396679,clinical: close-up,Malignant,BCC,60.0,male,head/neck
ISIC_9275120,IL_1396679,dermoscopic,Malignant,BCC,60.0,male,head/neck
ISIC_1539068,IL_1397250,clinical: close-up,Malignant,BCC,80.0,female,
ISIC_2322494,IL_1397250,dermoscopic,Malignant,BCC,80.0,female,
ISIC_6336649,IL_1397522,clinical: close-up,Malignant,BCC,70.0,female,lower extremity
ISIC_2590426,IL_1397522,dermoscopic,Malignant,BCC,70.0,female,lower extremity
ISIC_1757520,IL_1403088,clinical: close-up,Malignant,BCC,45.0,male,
ISIC_6367931,IL_1403088,dermoscopic,Malignant,BCC,45.0,male,
ISIC_2684838,IL_1404122,clinical: close-up,Benign,NV,15.0,male,
ISIC_0101767,IL_1404122,dermoscopic,Benign,NV,15.0,male,
ISIC_0338353,IL_1405632,clinical: close-up,Malignant,BCC,65.0,male,
ISIC_5089274,IL_1405632,dermoscopic,Malignant,BCC,65.0,male,
ISIC_3389976,IL_1406578,clinical: close-up,Malignant,BCC,70.0,female,upper extremity
ISIC_6672065,IL_1406578,dermoscopic,Malignant,BCC,70.0,female,upper extremity
ISIC_1902287,IL_1407853,clinical: close-up,Benign,NV,30.0,female,
ISIC_9030826,IL_1407853,dermoscopic,Benign,NV,30.0,female,
ISIC_2546414,IL_1409066,clinical: close-up,Malignant,BCC,80.0,male,
ISIC_8549775,IL_1409066,dermoscopic,Malignant,BCC,80.0,male,
ISIC_6534601,IL_1416084,clinical: close-up,Malignant,BCC,45.0,female,head/neck
ISIC_2440983,IL_1416084,dermoscopic,Malignant,BCC,45.0,female,head/neck
ISIC_8846852,IL_1418098,clinical: close-up,Benign,BEN_OTH,70.0,female,lower extremity
ISIC_0735025,IL_1418098,dermoscopic,Benign,BEN_OTH,70.0,female,lower extremity
ISIC_4597915,IL_1418511,clinical: close-up,Benign,NV,,male,head/neck
ISIC_1817453,IL_1418511,dermoscopic,Benign,NV,,male,head/neck
ISIC_1622952,IL_1418667,clinical: close-up,Indeterminate,AKIEC,65.0,male,head/neck
ISIC_2987179,IL_1418667,dermoscopic,Indeterminate,AKIEC,65.0,male,head/neck
ISIC_6484434,IL_1422027,clinical: close-up,Malignant,BCC,80.0,female,
ISIC_6730946,IL_1422027,dermoscopic,Malignant,BCC,80.0,female,
ISIC_2052135,IL_1423650,clinical: close-up,Benign,BKL,55.0,female,upper extremity
ISIC_7945457,IL_1423650,dermoscopic,Benign,BKL,55.0,female,upper extremity
ISIC_0765311,IL_1427039,clinical: close-up,Malignant,MEL,55.0,female,head/neck
ISIC_2220505,IL_1427039,dermoscopic,Malignant,MEL,55.0,female,head/neck
ISIC_4375630,IL_1427561,clinical: close-up,Benign,NV,45.0,female,head/neck
ISIC_0700335,IL_1427561,dermoscopic,Benign,NV,45.0,female,head/neck
ISIC_5607974,IL_1434019,clinical: close-up,Benign,NV,30.0,female,head/neck
ISIC_3687721,IL_1434019,dermoscopic,Benign,NV,30.0,female,head/neck
ISIC_6072439,IL_1437147,clinical: close-up,Benign,NV,50.0,male,
ISIC_8783624,IL_1437147,dermoscopic,Benign,NV,50.0,male,
ISIC_5306039,IL_1438127,clinical: close-up,Malignant,BCC,70.0,male,head/neck
ISIC_4934707,IL_1438127,dermoscopic,Malignant,BCC,70.0,male,head/neck
ISIC_0823916,IL_1439879,clinical: close-up,Malignant,BCC,50.0,male,
ISIC_8288141,IL_1439879,dermoscopic,Malignant,BCC,50.0,male,
ISIC_7996471,IL_1442151,clinical: close-up,Benign,NV,35.0,female,
ISIC_9697273,IL_1442151,dermoscopic,Benign,NV,35.0,female,
ISIC_2396618,IL_1445099,clinical: close-up,Malignant,MEL,70.0,male,
ISIC_5509679,IL_1445099,dermoscopic,Malignant,MEL,70.0,male,
ISIC_5953696,IL_1446570,clinical: close-up,Malignant,MEL,70.0,male,
ISIC_5240279,IL_1446570,dermoscopic,Malignant,MEL,70.0,male,
ISIC_0659229,IL_1448486,clinical: close-up,Malignant,BCC,65.0,male,head/neck
ISIC_7297776,IL_1448486,dermoscopic,Malignant,BCC,65.0,male,head/neck
ISIC_8325885,IL_1452313,clinical: close-up,Malignant,BCC,50.0,female,
ISIC_6783253,IL_1452313,dermoscopic,Malignant,BCC,50.0,female,
ISIC_4194507,IL_1453755,clinical: close-up,Malignant,SCCKA,70.0,male,
ISIC_0100523,IL_1453755,dermoscopic,Malignant,SCCKA,70.0,male,
ISIC_1575643,IL_1461373,clinical: close-up,Malignant,BCC,60.0,male,
ISIC_2492745,IL_1461373,dermoscopic,Malignant,BCC,60.0,male,
ISIC_8732830,IL_1468442,clinical: close-up,Malignant,SCCKA,75.0,male,upper extremity
ISIC_1001492,IL_1468442,dermoscopic,Malignant,SCCKA,75.0,male,upper extremity
ISIC_8357175,IL_1469055,clinical: close-up,Malignant,BCC,80.0,male,
ISIC_5968779,IL_1469055,dermoscopic,Malignant,BCC,80.0,male,
ISIC_1172471,IL_1477835,clinical: close-up,Benign,DF,35.0,male,
ISIC_7077229,IL_1477835,dermoscopic,Benign,DF,35.0,male,
ISIC_6857013,IL_1478833,clinical: close-up,Malignant,MEL,85.0,male,lower extremity
ISIC_7200761,IL_1478833,dermoscopic,Malignant,MEL,85.0,male,lower extremity
ISIC_3845812,IL_1480174,clinical: close-up,Malignant,BCC,80.0,male,
ISIC_2247564,IL_1480174,dermoscopic,Malignant,BCC,80.0,male,
ISIC_1432273,IL_1482319,clinical: close-up,Malignant,BCC,75.0,female,
ISIC_6155449,IL_1482319,dermoscopic,Malignant,BCC,75.0,female,
ISIC_5675115,IL_1484044,clinical: close-up,Benign,BKL,65.0,male,head/neck
ISIC_7374556,IL_1484044,dermoscopic,Benign,BKL,65.0,male,head/neck
ISIC_4350109,IL_1485026,clinical: close-up,Malignant,BCC,60.0,male,head/neck
ISIC_0745953,IL_1485026,dermoscopic,Malignant,BCC,60.0,male,head/neck
ISIC_2425477,IL_1486691,clinical: close-up,Indeterminate,AKIEC,75.0,male,head/neck
ISIC_0141634,IL_1486691,dermoscopic,Indeterminate,AKIEC,75.0,male,head/neck
ISIC_0522356,IL_1492358,clinical: close-up,Malignant,BCC,75.0,male,head/neck
ISIC_0694740,IL_1492358,dermoscopic,Malignant,BCC,75.0,male,head/neck
ISIC_4291408,IL_1495229,clinical: close-up,Malignant,BCC,55.0,female,upper extremity
ISIC_3347493,IL_1495229,dermoscopic,Malignant,BCC,55.0,female,upper extremity
ISIC_1529815,IL_1501227,clinical: close-up,Malignant,BCC,75.0,female,head/neck
ISIC_7261525,IL_1501227,dermoscopic,Malignant,BCC,75.0,female,head/neck
ISIC_8953004,IL_1501614,clinical: close-up,Malignant,AKIEC,80.0,male,head/neck
ISIC_6561654,IL_1501614,dermoscopic,Malignant,AKIEC,80.0,male,head/neck
ISIC_4484804,IL_1504585,clinical: close-up,Benign,NV,50.0,male,
ISIC_5512440,IL_1504585,dermoscopic,Benign,NV,50.0,male,
ISIC_0813563,IL_1504921,clinical: close-up,Malignant,AKIEC,65.0,male,head/neck
ISIC_7063713,IL_1504921,dermoscopic,Malignant,AKIEC,65.0,male,head/neck
ISIC_6914473,IL_1509738,clinical: close-up,Malignant,BCC,60.0,female,head/neck
ISIC_9038494,IL_1509738,dermoscopic,Malignant,BCC,60.0,female,head/neck
ISIC_3833952,IL_1509760,clinical: close-up,Malignant,BCC,85.0,female,head/neck
ISIC_5901436,IL_1509760,dermoscopic,Malignant,BCC,85.0,female,head/neck
ISIC_2706513,IL_1510919,clinical: close-up,Malignant,BCC,30.0,female,
ISIC_5399025,IL_1510919,dermoscopic,Malignant,BCC,30.0,female,
ISIC_7744368,IL_1511744,clinical: close-up,Malignant,BCC,80.0,male,
ISIC_4306480,IL_1511744,dermoscopic,Malignant,BCC,80.0,male,
ISIC_1386630,IL_1512724,clinical: close-up,Benign,NV,80.0,male,upper extremity
ISIC_7335595,IL_1512724,dermoscopic,Benign,NV,80.0,male,upper extremity
ISIC_2380836,IL_1517338,clinical: close-up,Malignant,SCCKA,60.0,male,head/neck
ISIC_2302262,IL_1517338,dermoscopic,Malignant,SCCKA,60.0,male,head/neck
ISIC_4640643,IL_1529488,clinical: close-up,Malignant,BCC,75.0,female,head/neck
ISIC_3002045,IL_1529488,dermoscopic,Malignant,BCC,75.0,female,head/neck
ISIC_1059467,IL_1530235,clinical: close-up,Benign,BKL,60.0,male,
ISIC_2355114,IL_1530235,dermoscopic,Benign,BKL,60.0,male,
ISIC_5902397,IL_1535763,clinical: close-up,Malignant,SCCKA,70.0,male,
ISIC_7311133,IL_1535763,dermoscopic,Malignant,SCCKA,70.0,male,
ISIC_7051147,IL_1537266,clinical: close-up,Malignant,BCC,70.0,male,
ISIC_6508139,IL_1537266,dermoscopic,Malignant,BCC,70.0,male,
ISIC_1711494,IL_1538395,clinical: close-up,Malignant,SCCKA,85.0,female,head/neck
ISIC_8619763,IL_1538395,dermoscopic,Malignant,SCCKA,85.0,female,head/neck
ISIC_0907716,IL_1539562,clinical: close-up,Benign,BKL,65.0,male,head/neck
ISIC_0950495,IL_1539562,dermoscopic,Benign,BKL,65.0,male,head/neck
ISIC_2706078,IL_1539688,clinical: close-up,Benign,NV,,male,head/neck
ISIC_8604474,IL_1539688,dermoscopic,Benign,NV,,male,head/neck
ISIC_5965144,IL_1543931,clinical: close-up,Malignant,BCC,55.0,female,
ISIC_8695455,IL_1543931,dermoscopic,Malignant,BCC,55.0,female,
ISIC_5135848,IL_1544139,clinical: close-up,Malignant,SCCKA,50.0,male,
ISIC_2919752,IL_1544139,dermoscopic,Malignant,SCCKA,50.0,male,
ISIC_6115571,IL_1549960,clinical: close-up,Benign,NV,15.0,male,upper extremity
ISIC_7322599,IL_1549960,dermoscopic,Benign,NV,15.0,male,upper extremity
ISIC_0377418,IL_1555108,clinical: close-up,Benign,BEN_OTH,75.0,male,
ISIC_4216061,IL_1555108,dermoscopic,Benign,BEN_OTH,75.0,male,
ISIC_6318075,IL_1556034,clinical: close-up,Benign,VASC,85.0,male,lower extremity
ISIC_7134919,IL_1556034,dermoscopic,Benign,VASC,85.0,male,lower extremity
ISIC_8390299,IL_1557433,clinical: close-up,Malignant,BCC,70.0,male,
ISIC_1826564,IL_1557433,dermoscopic,Malignant,BCC,70.0,male,
ISIC_1908460,IL_1558479,clinical: close-up,Benign,BKL,75.0,male,
ISIC_2214376,IL_1558479,dermoscopic,Benign,BKL,75.0,male,
ISIC_3459198,IL_1558791,clinical: close-up,Malignant,BCC,80.0,male,head/neck
ISIC_0519768,IL_1558791,dermoscopic,Malignant,BCC,80.0,male,head/neck
ISIC_2281577,IL_1559121,clinical: close-up,Benign,INF,50.0,female,
ISIC_6365088,IL_1559121,dermoscopic,Benign,INF,50.0,female,
ISIC_0914299,IL_1561326,clinical: close-up,Malignant,BCC,65.0,female,
ISIC_3965502,IL_1561326,dermoscopic,Malignant,BCC,65.0,female,
ISIC_1557842,IL_1564314,clinical: close-up,Malignant,BCC,85.0,male,lower extremity
ISIC_9570770,IL_1564314,dermoscopic,Malignant,BCC,85.0,male,lower extremity
ISIC_1492266,IL_1565112,clinical: close-up,Benign,BEN_OTH,70.0,male,
ISIC_1646339,IL_1565112,dermoscopic,Benign,BEN_OTH,70.0,male,
ISIC_9489767,IL_1565255,clinical: close-up,Malignant,BCC,50.0,male,
ISIC_0881507,IL_1565255,dermoscopic,Malignant,BCC,50.0,male,
ISIC_4313961,IL_1565429,clinical: close-up,Malignant,BCC,70.0,male,
ISIC_9424882,IL_1565429,dermoscopic,Malignant,BCC,70.0,male,
ISIC_9011999,IL_1567374,clinical: close-up,Malignant,BCC,55.0,male,
ISIC_5124607,IL_1567374,dermoscopic,Malignant,BCC,55.0,male,
ISIC_5588711,IL_1569334,clinical: close-up,Benign,NV,35.0,male,
ISIC_1821539,IL_1569334,dermoscopic,Benign,NV,35.0,male,
ISIC_2762745,IL_1571556,clinical: close-up,Benign,BKL,70.0,female,
ISIC_8832843,IL_1571556,dermoscopic,Benign,BKL,70.0,female,
ISIC_1496714,IL_1572038,clinical: close-up,Malignant,AKIEC,65.0,male,lower extremity
ISIC_0497851,IL_1572038,dermoscopic,Malignant,AKIEC,65.0,male,lower extremity
ISIC_8318215,IL_1587748,clinical: close-up,Malignant,BCC,70.0,male,head/neck
ISIC_2868713,IL_1587748,dermoscopic,Malignant,BCC,70.0,male,head/neck
ISIC_9269238,IL_1592850,clinical: close-up,Benign,BKL,70.0,male,head/neck
ISIC_9139090,IL_1592850,dermoscopic,Benign,BKL,70.0,male,head/neck
ISIC_6044984,IL_1595494,clinical: close-up,Benign,BKL,80.0,male,
ISIC_2796878,IL_1595494,dermoscopic,Benign,BKL,80.0,male,
ISIC_2462068,IL_1606035,clinical: close-up,Malignant,SCCKA,65.0,male,
ISIC_7614845,IL_1606035,dermoscopic,Malignant,SCCKA,65.0,male,
ISIC_4171479,IL_1606661,clinical: close-up,Benign,NV,25.0,male,
ISIC_2174727,IL_1606661,dermoscopic,Benign,NV,25.0,male,
ISIC_6908565,IL_1608004,clinical: close-up,Indeterminate,AKIEC,60.0,male,upper extremity
ISIC_8254063,IL_1608004,dermoscopic,Indeterminate,AKIEC,60.0,male,upper extremity
ISIC_4071634,IL_1608100,clinical: close-up,Benign,NV,45.0,female,upper extremity
ISIC_2970971,IL_1608100,dermoscopic,Benign,NV,45.0,female,upper extremity
ISIC_7778485,IL_1609531,clinical: close-up,Malignant,BCC,55.0,male,upper extremity
ISIC_5224246,IL_1609531,dermoscopic,Malignant,BCC,55.0,male,upper extremity
ISIC_9069540,IL_1609893,clinical: close-up,Malignant,AKIEC,70.0,female,upper extremity
ISIC_0913438,IL_1609893,dermoscopic,Malignant,AKIEC,70.0,female,upper extremity
ISIC_3021033,IL_1610839,clinical: close-up,Malignant,BCC,65.0,female,
ISIC_9518414,IL_1610839,dermoscopic,Malignant,BCC,65.0,female,
ISIC_0259020,IL_1617304,clinical: close-up,Malignant,BCC,50.0,female,lower extremity
ISIC_1806373,IL_1617304,dermoscopic,Malignant,BCC,50.0,female,lower extremity
ISIC_6705726,IL_1618148,clinical: close-up,Malignant,BCC,70.0,female,
ISIC_7949818,IL_1618148,dermoscopic,Malignant,BCC,70.0,female,
ISIC_7559808,IL_1618777,clinical: close-up,Benign,BKL,75.0,female,
ISIC_5255131,IL_1618777,dermoscopic,Benign,BKL,75.0,female,
ISIC_1129242,IL_1621058,clinical: close-up,Malignant,MEL,50.0,male,
ISIC_9658944,IL_1621058,dermoscopic,Malignant,MEL,50.0,male,
ISIC_9308029,IL_1622119,clinical: close-up,Malignant,MEL,50.0,female,
ISIC_4168419,IL_1622119,dermoscopic,Malignant,MEL,50.0,female,
ISIC_9617606,IL_1623050,clinical: close-up,Benign,BKL,55.0,female,upper extremity
ISIC_7943939,IL_1623050,dermoscopic,Benign,BKL,55.0,female,upper extremity
ISIC_9673021,IL_1623659,clinical: close-up,Malignant,BCC,65.0,female,
ISIC_1966383,IL_1623659,dermoscopic,Malignant,BCC,65.0,female,
ISIC_9513919,IL_1629455,clinical: close-up,Malignant,BCC,60.0,female,lower extremity
ISIC_7424370,IL_1629455,dermoscopic,Malignant,BCC,60.0,female,lower extremity
ISIC_8424294,IL_1633502,clinical: close-up,Malignant,BCC,65.0,female,lower extremity
ISIC_0727761,IL_1633502,dermoscopic,Malignant,BCC,65.0,female,lower extremity
ISIC_3725108,IL_1641261,clinical: close-up,Benign,INF,55.0,male,lower extremity
ISIC_5072182,IL_1641261,dermoscopic,Benign,INF,55.0,male,lower extremity
ISIC_4722161,IL_1641908,clinical: close-up,Malignant,BCC,65.0,male,lower extremity
ISIC_2320348,IL_1641908,dermoscopic,Malignant,BCC,65.0,male,lower extremity
ISIC_6933511,IL_1644397,clinical: close-up,Malignant,BCC,75.0,male,
ISIC_7592017,IL_1644397,dermoscopic,Malignant,BCC,75.0,male,
ISIC_0387025,IL_1653926,clinical: close-up,Malignant,BCC,70.0,male,
ISIC_3034439,IL_1653926,dermoscopic,Malignant,BCC,70.0,male,
ISIC_2036187,IL_1655178,clinical: close-up,Malignant,BCC,60.0,male,upper extremity
ISIC_0298744,IL_1655178,dermoscopic,Malignant,BCC,60.0,male,upper extremity
ISIC_1237876,IL_1655830,clinical: close-up,Benign,BKL,55.0,male,head/neck
ISIC_3708334,IL_1655830,dermoscopic,Benign,BKL,55.0,male,head/neck
ISIC_7522903,IL_1658282,clinical: close-up,Malignant,BCC,65.0,female,
ISIC_1455660,IL_1658282,dermoscopic,Malignant,BCC,65.0,female,
ISIC_2449826,IL_1659172,clinical: close-up,Benign,BKL,70.0,male,
ISIC_9791119,IL_1659172,dermoscopic,Benign,BKL,70.0,male,
ISIC_2123542,IL_1659933,clinical: close-up,Malignant,AKIEC,75.0,female,head/neck
ISIC_2259826,IL_1659933,dermoscopic,Malignant,AKIEC,75.0,female,head/neck
ISIC_8715920,IL_1660797,clinical: close-up,Benign,NV,50.0,female,head/neck
ISIC_0570697,IL_1660797,dermoscopic,Benign,NV,50.0,female,head/neck
ISIC_5227758,IL_1664257,clinical: close-up,Benign,NV,75.0,female,lower extremity
ISIC_9427744,IL_1664257,dermoscopic,Benign,NV,75.0,female,lower extremity
ISIC_6875484,IL_1669635,clinical: close-up,Benign,NV,40.0,female,
ISIC_9280729,IL_1669635,dermoscopic,Benign,NV,40.0,female,
ISIC_5891979,IL_1670186,clinical: close-up,Malignant,BCC,85.0,male,
ISIC_3577478,IL_1670186,dermoscopic,Malignant,BCC,85.0,male,
ISIC_0693344,IL_1671184,clinical: close-up,Malignant,SCCKA,75.0,male,lower extremity
ISIC_6475622,IL_1671184,dermoscopic,Malignant,SCCKA,75.0,male,lower extremity
ISIC_3676848,IL_1671392,clinical: close-up,Benign,NV,40.0,male,
ISIC_0768895,IL_1671392,dermoscopic,Benign,NV,40.0,male,
ISIC_6291927,IL_1672894,clinical: close-up,Benign,NV,30.0,female,
ISIC_9569749,IL_1672894,dermoscopic,Benign,NV,30.0,female,
ISIC_0786863,IL_1682958,clinical: close-up,Malignant,BCC,60.0,male,head/neck
ISIC_6221556,IL_1682958,dermoscopic,Malignant,BCC,60.0,male,head/neck
ISIC_7733845,IL_1684898,clinical: close-up,Malignant,BCC,70.0,male,upper extremity
ISIC_8975655,IL_1684898,dermoscopic,Malignant,BCC,70.0,male,upper extremity
ISIC_2194211,IL_1693296,clinical: close-up,Benign,VASC,40.0,female,lower extremity
ISIC_4517185,IL_1693296,dermoscopic,Benign,VASC,40.0,female,lower extremity
ISIC_5019273,IL_1693887,clinical: close-up,Malignant,SCCKA,85.0,male,lower extremity
ISIC_9080829,IL_1693887,dermoscopic,Malignant,SCCKA,85.0,male,lower extremity
ISIC_1021842,IL_1696405,clinical: close-up,Benign,NV,30.0,male,lower extremity
ISIC_9809557,IL_1696405,dermoscopic,Benign,NV,30.0,male,lower extremity
ISIC_2469277,IL_1701401,clinical: close-up,Malignant,SCCKA,80.0,female,upper extremity
ISIC_1160288,IL_1701401,dermoscopic,Malignant,SCCKA,80.0,female,upper extremity
ISIC_9140869,IL_1703552,clinical: close-up,Malignant,BCC,65.0,male,
ISIC_0977792,IL_1703552,dermoscopic,Malignant,BCC,65.0,male,
ISIC_5696393,IL_1711365,clinical: close-up,Benign,BKL,70.0,male,head/neck
ISIC_6846051,IL_1711365,dermoscopic,Benign,BKL,70.0,male,head/neck
ISIC_4871864,IL_1712969,clinical: close-up,Malignant,BCC,65.0,male,upper extremity
ISIC_4407417,IL_1712969,dermoscopic,Malignant,BCC,65.0,male,upper extremity
ISIC_6583340,IL_1713775,clinical: close-up,Malignant,BCC,70.0,male,
ISIC_1557986,IL_1713775,dermoscopic,Malignant,BCC,70.0,male,
ISIC_1225707,IL_1717004,clinical: close-up,Benign,BKL,60.0,female,upper extremity
ISIC_1222720,IL_1717004,dermoscopic,Benign,BKL,60.0,female,upper extremity
ISIC_4349051,IL_1717276,clinical: close-up,Benign,BKL,50.0,male,
ISIC_9571862,IL_1717276,dermoscopic,Benign,BKL,50.0,male,
ISIC_6957886,IL_1720611,clinical: close-up,Malignant,AKIEC,45.0,male,head/neck
ISIC_8145823,IL_1720611,dermoscopic,Malignant,AKIEC,45.0,male,head/neck
ISIC_3304492,IL_1724111,clinical: close-up,Malignant,BCC,50.0,male,head/neck
ISIC_7266198,IL_1724111,dermoscopic,Malignant,BCC,50.0,male,head/neck
ISIC_4668728,IL_1726538,clinical: close-up,Benign,NV,45.0,female,
ISIC_4490295,IL_1726538,dermoscopic,Benign,NV,45.0,female,
ISIC_2026823,IL_1732835,clinical: close-up,Malignant,SCCKA,65.0,male,upper extremity
ISIC_8925555,IL_1732835,dermoscopic,Malignant,SCCKA,65.0,male,upper extremity
ISIC_4594517,IL_1733952,clinical: close-up,Malignant,SCCKA,85.0,male,head/neck
ISIC_8762355,IL_1733952,dermoscopic,Malignant,SCCKA,85.0,male,head/neck
ISIC_8979429,IL_1735251,clinical: close-up,Malignant,BCC,45.0,female,lower extremity
ISIC_2456679,IL_1735251,dermoscopic,Malignant,BCC,45.0,female,lower extremity
ISIC_3483843,IL_1735486,clinical: close-up,Malignant,BCC,60.0,male,head/neck
ISIC_1694966,IL_1735486,dermoscopic,Malignant,BCC,60.0,male,head/neck
ISIC_0294743,IL_1739101,clinical: close-up,Malignant,BCC,50.0,male,
ISIC_2352071,IL_1739101,dermoscopic,Malignant,BCC,50.0,male,
ISIC_2077819,IL_1739769,clinical: close-up,Benign,BKL,65.0,male,upper extremity
ISIC_6330968,IL_1739769,dermoscopic,Benign,BKL,65.0,male,upper extremity
ISIC_3258327,IL_1740748,clinical: close-up,Benign,NV,45.0,male,
ISIC_2778083,IL_1740748,dermoscopic,Benign,NV,45.0,male,
ISIC_3462970,IL_1741364,clinical: close-up,Malignant,SCCKA,75.0,male,head/neck
ISIC_7059546,IL_1741364,dermoscopic,Malignant,SCCKA,75.0,male,head/neck
ISIC_5474962,IL_1741464,clinical: close-up,Benign,BKL,60.0,female,
ISIC_9886654,IL_1741464,dermoscopic,Benign,BKL,60.0,female,
ISIC_0290702,IL_1741530,clinical: close-up,Benign,BKL,65.0,male,head/neck
ISIC_0909697,IL_1741530,dermoscopic,Benign,BKL,65.0,male,head/neck
ISIC_7100479,IL_1743491,clinical: close-up,Malignant,BCC,70.0,male,
ISIC_6639957,IL_1743491,dermoscopic,Malignant,BCC,70.0,male,
ISIC_2114789,IL_1744023,clinical: close-up,Malignant,AKIEC,60.0,male,head/neck
ISIC_0129379,IL_1744023,dermoscopic,Malignant,AKIEC,60.0,male,head/neck
ISIC_5443280,IL_1746833,clinical: close-up,Malignant,BCC,60.0,male,
ISIC_1398132,IL_1746833,dermoscopic,Malignant,BCC,60.0,male,
ISIC_9927143,IL_1748759,clinical: close-up,Malignant,BCC,65.0,female,
ISIC_9142036,IL_1748759,dermoscopic,Malignant,BCC,65.0,female,
ISIC_2906597,IL_1752331,clinical: close-up,Malignant,BCC,85.0,male,head/neck
ISIC_7754022,IL_1752331,dermoscopic,Malignant,BCC,85.0,male,head/neck
ISIC_2571592,IL_1753473,clinical: close-up,Benign,NV,,male,lower extremity
ISIC_7278433,IL_1753473,dermoscopic,Benign,NV,,male,lower extremity
ISIC_0332749,IL_1756405,clinical: close-up,Malignant,BCC,45.0,male,head/neck
ISIC_1029056,IL_1756405,dermoscopic,Malignant,BCC,45.0,male,head/neck
ISIC_1649393,IL_1758628,clinical: close-up,Benign,BKL,80.0,female,upper extremity
ISIC_2527161,IL_1758628,dermoscopic,Benign,BKL,80.0,female,upper extremity
ISIC_6573433,IL_1758673,clinical: close-up,Malignant,BCC,80.0,male,
ISIC_1255149,IL_1758673,dermoscopic,Malignant,BCC,80.0,male,
ISIC_7004185,IL_1765810,clinical: close-up,Indeterminate,AKIEC,60.0,male,lower extremity
ISIC_3064112,IL_1765810,dermoscopic,Indeterminate,AKIEC,60.0,male,lower extremity
ISIC_9076757,IL_1766125,clinical: close-up,Benign,NV,35.0,female,
ISIC_0866932,IL_1766125,dermoscopic,Benign,NV,35.0,female,
ISIC_2446716,IL_1770771,clinical: close-up,Benign,NV,50.0,male,head/neck
ISIC_0811514,IL_1770771,dermoscopic,Benign,NV,50.0,male,head/neck
ISIC_6196224,IL_1773483,clinical: close-up,Malignant,BCC,70.0,male,head/neck
ISIC_9733625,IL_1773483,dermoscopic,Malignant,BCC,70.0,male,head/neck
ISIC_4046643,IL_1778367,clinical: close-up,Malignant,BCC,45.0,male,head/neck
ISIC_2102002,IL_1778367,dermoscopic,Malignant,BCC,45.0,male,head/neck
ISIC_4613132,IL_1779696,clinical: close-up,Benign,BKL,50.0,female,lower extremity
ISIC_8830839,IL_1779696,dermoscopic,Benign,BKL,50.0,female,lower extremity
ISIC_4978173,IL_1779871,clinical: close-up,Benign,BKL,75.0,male,head/neck
ISIC_5825703,IL_1779871,dermoscopic,Benign,BKL,75.0,male,head/neck
ISIC_7729398,IL_1782345,clinical: close-up,Malignant,MEL,50.0,female,head/neck
ISIC_4740515,IL_1782345,dermoscopic,Malignant,MEL,50.0,female,head/neck
ISIC_5441652,IL_1796652,clinical: close-up,Malignant,BCC,70.0,male,
ISIC_3961718,IL_1796652,dermoscopic,Malignant,BCC,70.0,male,
ISIC_5150525,IL_1797280,clinical: close-up,Benign,BKL,60.0,male,
ISIC_0082674,IL_1797280,dermoscopic,Benign,BKL,60.0,male,
ISIC_3521430,IL_1801069,clinical: close-up,Benign,NV,45.0,female,
ISIC_8603109,IL_1801069,dermoscopic,Benign,NV,45.0,female,
ISIC_8778268,IL_1801204,clinical: close-up,Malignant,BCC,75.0,male,lower extremity
ISIC_1101076,IL_1801204,dermoscopic,Malignant,BCC,75.0,male,lower extremity
ISIC_5084322,IL_1801280,clinical: close-up,Malignant,SCCKA,50.0,male,head/neck
ISIC_7090951,IL_1801280,dermoscopic,Malignant,SCCKA,50.0,male,head/neck
ISIC_1441997,IL_1804750,clinical: close-up,Indeterminate,AKIEC,70.0,male,head/neck
ISIC_8870317,IL_1804750,dermoscopic,Indeterminate,AKIEC,70.0,male,head/neck
ISIC_8821083,IL_1804830,clinical: close-up,Malignant,BCC,70.0,male,upper extremity
ISIC_8254014,IL_1804830,dermoscopic,Malignant,BCC,70.0,male,upper extremity
ISIC_4701849,IL_1808002,clinical: close-up,Malignant,BCC,75.0,female,
ISIC_6221334,IL_1808002,dermoscopic,Malignant,BCC,75.0,female,
ISIC_8402218,IL_1813183,clinical: close-up,Malignant,BCC,55.0,female,lower extremity
ISIC_4763505,IL_1813183,dermoscopic,Malignant,BCC,55.0,female,lower extremity
ISIC_7047367,IL_1815141,clinical: close-up,Benign,NV,35.0,male,
ISIC_2036689,IL_1815141,dermoscopic,Benign,NV,35.0,male,
ISIC_7384185,IL_1818431,clinical: close-up,Malignant,BCC,70.0,male,head/neck
ISIC_8362273,IL_1818431,dermoscopic,Malignant,BCC,70.0,male,head/neck
ISIC_7891302,IL_1821378,clinical: close-up,Malignant,BCC,65.0,female,
ISIC_7520217,IL_1821378,dermoscopic,Malignant,BCC,65.0,female,
ISIC_7387118,IL_1824943,clinical: close-up,Malignant,SCCKA,80.0,female,
ISIC_3905888,IL_1824943,dermoscopic,Malignant,SCCKA,80.0,female,
ISIC_2244475,IL_1827145,clinical: close-up,Benign,VASC,70.0,male,head/neck
ISIC_3129795,IL_1827145,dermoscopic,Benign,VASC,70.0,male,head/neck
ISIC_2225323,IL_1836211,clinical: close-up,Malignant,SCCKA,85.0,female,head/neck
ISIC_8511040,IL_1836211,dermoscopic,Malignant,SCCKA,85.0,female,head/neck
ISIC_0605402,IL_1839563,clinical: close-up,Malignant,BCC,80.0,male,
ISIC_7461810,IL_1839563,dermoscopic,Malignant,BCC,80.0,male,
ISIC_9832783,IL_1843719,clinical: close-up,Malignant,BCC,75.0,male,lower extremity
ISIC_8060479,IL_1843719,dermoscopic,Malignant,BCC,75.0,male,lower extremity
ISIC_7563753,IL_1843945,clinical: close-up,Malignant,BCC,70.0,female,head/neck
ISIC_0154826,IL_1843945,dermoscopic,Malignant,BCC,70.0,female,head/neck
ISIC_5475497,IL_1844435,clinical: close-up,Malignant,MEL,80.0,male,upper extremity
ISIC_3627672,IL_1844435,dermoscopic,Malignant,MEL,80.0,male,upper extremity
ISIC_7002238,IL_1845648,clinical: close-up,Benign,NV,15.0,male,
ISIC_3482891,IL_1845648,dermoscopic,Benign,NV,15.0,male,
ISIC_4156101,IL_1846045,clinical: close-up,Malignant,BCC,70.0,male,head/neck
ISIC_3986538,IL_1846045,dermoscopic,Malignant,BCC,70.0,male,head/neck
ISIC_2802992,IL_1846294,clinical: close-up,Malignant,BCC,85.0,female,
ISIC_0283929,IL_1846294,dermoscopic,Malignant,BCC,85.0,female,
ISIC_3416227,IL_1848591,clinical: close-up,Malignant,SCCKA,80.0,female,upper extremity
ISIC_0151603,IL_1848591,dermoscopic,Malignant,SCCKA,80.0,female,upper extremity
ISIC_4960789,IL_1849535,clinical: close-up,Malignant,BCC,60.0,female,
ISIC_8143135,IL_1849535,dermoscopic,Malignant,BCC,60.0,female,
ISIC_5478943,IL_1857472,clinical: close-up,Malignant,MEL,70.0,male,lower extremity
ISIC_3344295,IL_1857472,dermoscopic,Malignant,MEL,70.0,male,lower extremity
ISIC_0587530,IL_1858396,clinical: close-up,Benign,NV,75.0,female,head/neck
ISIC_1689523,IL_1858396,dermoscopic,Benign,NV,75.0,female,head/neck
ISIC_6914066,IL_1858834,clinical: close-up,Malignant,BCC,55.0,male,
ISIC_7677176,IL_1858834,dermoscopic,Malignant,BCC,55.0,male,
ISIC_0091477,IL_1858842,clinical: close-up,Benign,VASC,55.0,female,
ISIC_1708907,IL_1858842,dermoscopic,Benign,VASC,55.0,female,
ISIC_5975267,IL_1860378,clinical: close-up,Malignant,BCC,75.0,male,head/neck
ISIC_1018753,IL_1860378,dermoscopic,Malignant,BCC,75.0,male,head/neck
ISIC_5642029,IL_1861078,clinical: close-up,Malignant,BCC,60.0,male,upper extremity
ISIC_5249321,IL_1861078,dermoscopic,Malignant,BCC,60.0,male,upper extremity
ISIC_6241776,IL_1861400,clinical: close-up,Malignant,BCC,70.0,female,lower extremity
ISIC_3365437,IL_1861400,dermoscopic,Malignant,BCC,70.0,female,lower extremity
ISIC_7550834,IL_1861760,clinical: close-up,Benign,DF,55.0,female,lower extremity
ISIC_3540017,IL_1861760,dermoscopic,Benign,DF,55.0,female,lower extremity
ISIC_0993471,IL_1866416,clinical: close-up,Malignant,BCC,65.0,female,lower extremity
ISIC_7047621,IL_1866416,dermoscopic,Malignant,BCC,65.0,female,lower extremity
ISIC_5645178,IL_1866823,clinical: close-up,Malignant,BCC,60.0,male,head/neck
ISIC_9060041,IL_1866823,dermoscopic,Malignant,BCC,60.0,male,head/neck
ISIC_3885903,IL_1871141,clinical: close-up,Malignant,AKIEC,65.0,female,lower extremity
ISIC_8545164,IL_1871141,dermoscopic,Malignant,AKIEC,65.0,female,lower extremity
ISIC_5527895,IL_1873116,clinical: close-up,Malignant,BCC,65.0,female,lower extremity
ISIC_1063001,IL_1873116,dermoscopic,Malignant,BCC,65.0,female,lower extremity
ISIC_2640875,IL_1873727,clinical: close-up,Benign,BKL,65.0,male,head/neck
ISIC_5728121,IL_1873727,dermoscopic,Benign,BKL,65.0,male,head/neck
ISIC_6790299,IL_1873832,clinical: close-up,Benign,NV,45.0,female,
ISIC_7531562,IL_1873832,dermoscopic,Benign,NV,45.0,female,
ISIC_3261040,IL_1874719,clinical: close-up,Benign,BKL,70.0,male,head/neck
ISIC_4445549,IL_1874719,dermoscopic,Benign,BKL,70.0,male,head/neck
ISIC_0755454,IL_1874896,clinical: close-up,Malignant,BCC,80.0,male,head/neck
ISIC_0773145,IL_1874896,dermoscopic,Malignant,BCC,80.0,male,head/neck
ISIC_8180126,IL_1877456,clinical: close-up,Malignant,SCCKA,75.0,female,head/neck
ISIC_6161217,IL_1877456,dermoscopic,Malignant,SCCKA,75.0,female,head/neck
ISIC_4043337,IL_1879101,clinical: close-up,Indeterminate,AKIEC,80.0,female,head/neck
ISIC_1887239,IL_1879101,dermoscopic,Indeterminate,AKIEC,80.0,female,head/neck
ISIC_3897642,IL_1880052,clinical: close-up,Malignant,BCC,70.0,female,head/neck
ISIC_2944495,IL_1880052,dermoscopic,Malignant,BCC,70.0,female,head/neck
ISIC_4071700,IL_1882056,clinical: close-up,Malignant,MEL,60.0,male,
ISIC_2195775,IL_1882056,dermoscopic,Malignant,MEL,60.0,male,
ISIC_7784358,IL_1882623,clinical: close-up,Malignant,BCC,80.0,female,head/neck
ISIC_6294166,IL_1882623,dermoscopic,Malignant,BCC,80.0,female,head/neck
ISIC_3890513,IL_1886112,clinical: close-up,Malignant,MEL,65.0,male,
ISIC_2374466,IL_1886112,dermoscopic,Malignant,MEL,65.0,male,
ISIC_6221926,IL_1891015,clinical: close-up,Malignant,SCCKA,70.0,male,upper extremity
ISIC_1143783,IL_1891015,dermoscopic,Malignant,SCCKA,70.0,male,upper extremity
ISIC_5923764,IL_1891845,clinical: close-up,Malignant,BCC,65.0,female,upper extremity
ISIC_8400472,IL_1891845,dermoscopic,Malignant,BCC,65.0,female,upper extremity
ISIC_6336489,IL_1906171,clinical: close-up,Benign,NV,25.0,female,lower extremity
ISIC_7176466,IL_1906171,dermoscopic,Benign,NV,25.0,female,lower extremity
ISIC_5977035,IL_1911635,clinical: close-up,Malignant,BCC,85.0,male,head/neck
ISIC_7374719,IL_1911635,dermoscopic,Malignant,BCC,85.0,male,head/neck
ISIC_9859487,IL_1921779,clinical: close-up,Malignant,BCC,40.0,male,
ISIC_5191763,IL_1921779,dermoscopic,Malignant,BCC,40.0,male,
ISIC_1932617,IL_1928434,clinical: close-up,Malignant,BCC,75.0,female,head/neck
ISIC_3235167,IL_1928434,dermoscopic,Malignant,BCC,75.0,female,head/neck
ISIC_8147299,IL_1930653,clinical: close-up,Malignant,BCC,50.0,male,upper extremity
ISIC_0772947,IL_1930653,dermoscopic,Malignant,BCC,50.0,male,upper extremity
ISIC_4045666,IL_1933864,clinical: close-up,Malignant,BCC,60.0,male,
ISIC_2149064,IL_1933864,dermoscopic,Malignant,BCC,60.0,male,
ISIC_7227276,IL_1936294,clinical: close-up,Malignant,BCC,60.0,female,lower extremity
ISIC_5044856,IL_1936294,dermoscopic,Malignant,BCC,60.0,female,lower extremity
ISIC_4179757,IL_1943405,clinical: close-up,Malignant,BCC,65.0,female,head/neck
ISIC_5188025,IL_1943405,dermoscopic,Malignant,BCC,65.0,female,head/neck
ISIC_8417980,IL_1943704,clinical: close-up,Malignant,MEL,35.0,male,lower extremity
ISIC_6924218,IL_1943704,dermoscopic,Malignant,MEL,35.0,male,lower extremity
ISIC_2346201,IL_1950813,clinical: close-up,Malignant,BCC,85.0,male,upper extremity
ISIC_4213914,IL_1950813,dermoscopic,Malignant,BCC,85.0,male,upper extremity
ISIC_8903447,IL_1958887,clinical: close-up,Malignant,BCC,75.0,female,
ISIC_6747915,IL_1958887,dermoscopic,Malignant,BCC,75.0,female,
ISIC_1494360,IL_1962885,clinical: close-up,Malignant,MEL,75.0,male,head/neck
ISIC_8056158,IL_1962885,dermoscopic,Malignant,MEL,75.0,male,head/neck
ISIC_2712947,IL_1963304,clinical: close-up,Malignant,SCCKA,60.0,female,lower extremity
ISIC_6860570,IL_1963304,dermoscopic,Malignant,SCCKA,60.0,female,lower extremity
ISIC_3489797,IL_1965425,clinical: close-up,Malignant,BCC,55.0,female,upper extremity
ISIC_4272095,IL_1965425,dermoscopic,Malignant,BCC,55.0,female,upper extremity
ISIC_0699287,IL_1966288,clinical: close-up,Malignant,BCC,75.0,male,head/neck
ISIC_9982272,IL_1966288,dermoscopic,Malignant,BCC,75.0,male,head/neck
ISIC_2454008,IL_1967474,clinical: close-up,Benign,VASC,15.0,male,
ISIC_5099169,IL_1967474,dermoscopic,Benign,VASC,15.0,male,
ISIC_6603218,IL_1969159,clinical: close-up,Malignant,BCC,85.0,female,lower extremity
ISIC_3835932,IL_1969159,dermoscopic,Malignant,BCC,85.0,female,lower extremity
ISIC_6834207,IL_1970176,clinical: close-up,Malignant,MEL,70.0,female,lower extremity
ISIC_1978418,IL_1970176,dermoscopic,Malignant,MEL,70.0,female,lower extremity
ISIC_6733219,IL_1981700,clinical: close-up,Malignant,BCC,85.0,male,
ISIC_2601487,IL_1981700,dermoscopic,Malignant,BCC,85.0,male,
ISIC_8120806,IL_1987842,clinical: close-up,Malignant,BCC,60.0,female,head/neck
ISIC_9496310,IL_1987842,dermoscopic,Malignant,BCC,60.0,female,head/neck
ISIC_2410425,IL_1989864,clinical: close-up,Malignant,BCC,60.0,male,head/neck
ISIC_0096543,IL_1989864,dermoscopic,Malignant,BCC,60.0,male,head/neck
ISIC_9812075,IL_1994469,clinical: close-up,Malignant,BCC,70.0,male,
ISIC_8565474,IL_1994469,dermoscopic,Malignant,BCC,70.0,male,
ISIC_2199778,IL_2006449,clinical: close-up,Malignant,BCC,75.0,male,lower extremity
ISIC_1428490,IL_2006449,dermoscopic,Malignant,BCC,75.0,male,lower extremity
ISIC_1360383,IL_2012452,clinical: close-up,Benign,NV,15.0,female,upper extremity
ISIC_1741107,IL_2012452,dermoscopic,Benign,NV,15.0,female,upper extremity
ISIC_5782959,IL_2014821,clinical: close-up,Benign,DF,70.0,male,lower extremity
ISIC_4607649,IL_2014821,dermoscopic,Benign,DF,70.0,male,lower extremity
ISIC_8052182,IL_2015219,clinical: close-up,Benign,BKL,75.0,female,head/neck
ISIC_2554103,IL_2015219,dermoscopic,Benign,BKL,75.0,female,head/neck
ISIC_7364575,IL_2027967,clinical: close-up,Malignant,BCC,65.0,male,
ISIC_8260534,IL_2027967,dermoscopic,Malignant,BCC,65.0,male,
ISIC_6183477,IL_2031934,clinical: close-up,Malignant,BCC,60.0,female,lower extremity
ISIC_9350105,IL_2031934,dermoscopic,Malignant,BCC,60.0,female,lower extremity
ISIC_9276683,IL_2032936,clinical: close-up,Malignant,BCC,50.0,male,lower extremity
ISIC_6116093,IL_2032936,dermoscopic,Malignant,BCC,50.0,male,lower extremity
ISIC_9965584,IL_2033265,clinical: close-up,Benign,BKL,65.0,female,upper extremity
ISIC_4056904,IL_2033265,dermoscopic,Benign,BKL,65.0,female,upper extremity
ISIC_8669887,IL_2040419,clinical: close-up,Malignant,BCC,45.0,male,
ISIC_7869069,IL_2040419,dermoscopic,Malignant,BCC,45.0,male,
ISIC_2368759,IL_2040993,clinical: close-up,Malignant,BCC,60.0,male,
ISIC_6261700,IL_2040993,dermoscopic,Malignant,BCC,60.0,male,
ISIC_8674473,IL_2041854,clinical: close-up,Malignant,BCC,60.0,male,
ISIC_3023607,IL_2041854,dermoscopic,Malignant,BCC,60.0,male,
ISIC_9130589,IL_2045312,clinical: close-up,Benign,BKL,75.0,male,upper extremity
ISIC_7176434,IL_2045312,dermoscopic,Benign,BKL,75.0,male,upper extremity
ISIC_3563806,IL_2048295,clinical: close-up,Benign,NV,40.0,male,
ISIC_1526527,IL_2048295,dermoscopic,Benign,NV,40.0,male,
ISIC_9444018,IL_2048772,clinical: close-up,Malignant,BCC,60.0,female,head/neck
ISIC_1424974,IL_2048772,dermoscopic,Malignant,BCC,60.0,female,head/neck
ISIC_8509933,IL_2049093,clinical: close-up,Malignant,BCC,65.0,male,head/neck
ISIC_4399830,IL_2049093,dermoscopic,Malignant,BCC,65.0,male,head/neck
ISIC_3171197,IL_2053741,clinical: close-up,Malignant,SCCKA,50.0,female,head/neck
ISIC_1295245,IL_2053741,dermoscopic,Malignant,SCCKA,50.0,female,head/neck
ISIC_8198425,IL_2055704,clinical: close-up,Benign,NV,40.0,female,head/neck
ISIC_4584962,IL_2055704,dermoscopic,Benign,NV,40.0,female,head/neck
ISIC_6677597,IL_2055749,clinical: close-up,Malignant,MEL,75.0,female,
ISIC_8261347,IL_2055749,dermoscopic,Malignant,MEL,75.0,female,
ISIC_1355713,IL_2057238,clinical: close-up,Malignant,SCCKA,85.0,male,upper extremity
ISIC_6991585,IL_2057238,dermoscopic,Malignant,SCCKA,85.0,male,upper extremity
ISIC_3220827,IL_2058691,clinical: close-up,Malignant,BCC,75.0,male,
ISIC_6881977,IL_2058691,dermoscopic,Malignant,BCC,75.0,male,
ISIC_3233781,IL_2066626,clinical: close-up,Malignant,BCC,50.0,female,head/neck
ISIC_1146954,IL_2066626,dermoscopic,Malignant,BCC,50.0,female,head/neck
ISIC_3011830,IL_2080493,clinical: close-up,Malignant,BCC,75.0,male,upper extremity
ISIC_0289289,IL_2080493,dermoscopic,Malignant,BCC,75.0,male,upper extremity
ISIC_9812459,IL_2082500,clinical: close-up,Malignant,BCC,60.0,female,head/neck
ISIC_1906798,IL_2082500,dermoscopic,Malignant,BCC,60.0,female,head/neck
ISIC_2495535,IL_2087483,clinical: close-up,Benign,DF,40.0,female,lower extremity
ISIC_9157592,IL_2087483,dermoscopic,Benign,DF,40.0,female,lower extremity
ISIC_8160587,IL_2088373,clinical: close-up,Benign,NV,,female,lower extremity
ISIC_9313746,IL_2088373,dermoscopic,Benign,NV,,female,lower extremity
ISIC_1504731,IL_2088463,clinical: close-up,Malignant,BCC,60.0,female,lower extremity
ISIC_2873988,IL_2088463,dermoscopic,Malignant,BCC,60.0,female,lower extremity
ISIC_5400013,IL_2093270,clinical: close-up,Benign,NV,40.0,male,
ISIC_9156154,IL_2093270,dermoscopic,Benign,NV,40.0,male,
ISIC_7162704,IL_2094234,clinical: close-up,Malignant,MEL,80.0,female,head/neck
ISIC_5566320,IL_2094234,dermoscopic,Malignant,MEL,80.0,female,head/neck
ISIC_1124387,IL_2095785,clinical: close-up,Malignant,BCC,60.0,female,head/neck
ISIC_1570827,IL_2095785,dermoscopic,Malignant,BCC,60.0,female,head/neck
ISIC_2915605,IL_2096357,clinical: close-up,Malignant,BCC,50.0,male,upper extremity
ISIC_8462208,IL_2096357,dermoscopic,Malignant,BCC,50.0,male,upper extremity
ISIC_7285238,IL_2096474,clinical: close-up,Malignant,SCCKA,50.0,male,head/neck
ISIC_2872052,IL_2096474,dermoscopic,Malignant,SCCKA,50.0,male,head/neck
ISIC_2846740,IL_2103836,clinical: close-up,Benign,DF,70.0,male,lower extremity
ISIC_1972798,IL_2103836,dermoscopic,Benign,DF,70.0,male,lower extremity
ISIC_7711097,IL_2104146,clinical: close-up,Malignant,BCC,60.0,male,lower extremity
ISIC_0533507,IL_2104146,dermoscopic,Malignant,BCC,60.0,male,lower extremity
ISIC_8827860,IL_2104820,clinical: close-up,Benign,NV,65.0,female,
ISIC_2594634,IL_2104820,dermoscopic,Benign,NV,65.0,female,
ISIC_7989237,IL_2107598,clinical: close-up,Benign,BKL,65.0,male,upper extremity
ISIC_1517003,IL_2107598,dermoscopic,Benign,BKL,65.0,male,upper extremity
ISIC_6904480,IL_2109163,clinical: close-up,Indeterminate,AKIEC,70.0,male,head/neck
ISIC_2459161,IL_2109163,dermoscopic,Indeterminate,AKIEC,70.0,male,head/neck
ISIC_4373192,IL_2110181,clinical: close-up,Malignant,BCC,60.0,female,
ISIC_6614371,IL_2110181,dermoscopic,Malignant,BCC,60.0,female,
ISIC_9850356,IL_2111173,clinical: close-up,Malignant,BCC,55.0,female,head/neck
ISIC_8995161,IL_2111173,dermoscopic,Malignant,BCC,55.0,female,head/neck
ISIC_2869457,IL_2124181,clinical: close-up,Malignant,SCCKA,75.0,male,upper extremity
ISIC_9132006,IL_2124181,dermoscopic,Malignant,SCCKA,75.0,male,upper extremity
ISIC_3744853,IL_2128198,clinical: close-up,Benign,DF,60.0,female,upper extremity
ISIC_9612446,IL_2128198,dermoscopic,Benign,DF,60.0,female,upper extremity
ISIC_1338973,IL_2134316,clinical: close-up,Malignant,BCC,60.0,male,
ISIC_2237025,IL_2134316,dermoscopic,Malignant,BCC,60.0,male,
ISIC_3430375,IL_2135126,clinical: close-up,Benign,BKL,65.0,female,upper extremity
ISIC_8195917,IL_2135126,dermoscopic,Benign,BKL,65.0,female,upper extremity
ISIC_5342997,IL_2139485,clinical: close-up,Malignant,BCC,65.0,female,
ISIC_4360620,IL_2139485,dermoscopic,Malignant,BCC,65.0,female,
ISIC_9024518,IL_2141966,clinical: close-up,Malignant,BCC,70.0,male,
ISIC_3183046,IL_2141966,dermoscopic,Malignant,BCC,70.0,male,
ISIC_5570534,IL_2150976,clinical: close-up,Benign,BEN_OTH,45.0,female,
ISIC_1683950,IL_2150976,dermoscopic,Benign,BEN_OTH,45.0,female,
ISIC_9446110,IL_2160413,clinical: close-up,Benign,VASC,65.0,male,
ISIC_0417486,IL_2160413,dermoscopic,Benign,VASC,65.0,male,
ISIC_1316170,IL_2163482,clinical: close-up,Malignant,BCC,55.0,female,
ISIC_3281875,IL_2163482,dermoscopic,Malignant,BCC,55.0,female,
ISIC_3338902,IL_2166765,clinical: close-up,Benign,BKL,15.0,female,lower extremity
ISIC_6020001,IL_2166765,dermoscopic,Benign,BKL,15.0,female,lower extremity
ISIC_2496144,IL_2167276,clinical: close-up,Malignant,BCC,65.0,female,lower extremity
ISIC_8495426,IL_2167276,dermoscopic,Malignant,BCC,65.0,female,lower extremity
ISIC_2994885,IL_2167719,clinical: close-up,Benign,BKL,50.0,female,
ISIC_1103956,IL_2167719,dermoscopic,Benign,BKL,50.0,female,
ISIC_2320067,IL_2171810,clinical: close-up,Malignant,SCCKA,60.0,male,
ISIC_3429549,IL_2171810,dermoscopic,Malignant,SCCKA,60.0,male,
ISIC_7453335,IL_2172033,clinical: close-up,Malignant,BCC,60.0,male,head/neck
ISIC_3327943,IL_2172033,dermoscopic,Malignant,BCC,60.0,male,head/neck
ISIC_2260950,IL_2176807,clinical: close-up,Malignant,BCC,75.0,male,upper extremity
ISIC_3472228,IL_2176807,dermoscopic,Malignant,BCC,75.0,male,upper extremity
ISIC_5647684,IL_2190163,clinical: close-up,Benign,BKL,45.0,male,
ISIC_0965546,IL_2190163,dermoscopic,Benign,BKL,45.0,male,
ISIC_3786263,IL_2194640,clinical: close-up,Malignant,BCC,70.0,female,head/neck
ISIC_4964428,IL_2194640,dermoscopic,Malignant,BCC,70.0,female,head/neck
ISIC_8893011,IL_2197335,clinical: close-up,Malignant,SCCKA,85.0,male,head/neck
ISIC_9005347,IL_2197335,dermoscopic,Malignant,SCCKA,85.0,male,head/neck
ISIC_0444685,IL_2198915,clinical: close-up,Malignant,SCCKA,65.0,male,lower extremity
ISIC_7442526,IL_2198915,dermoscopic,Malignant,SCCKA,65.0,male,lower extremity
ISIC_3262933,IL_2201077,clinical: close-up,Benign,NV,30.0,female,lower extremity
ISIC_1280046,IL_2201077,dermoscopic,Benign,NV,30.0,female,lower extremity
ISIC_8942421,IL_2201458,clinical: close-up,Benign,NV,30.0,female,
ISIC_8701478,IL_2201458,dermoscopic,Benign,NV,30.0,female,
ISIC_0813313,IL_2205080,clinical: close-up,Benign,NV,10.0,female,lower extremity
ISIC_6355154,IL_2205080,dermoscopic,Benign,NV,10.0,female,lower extremity
ISIC_4345873,IL_2206044,clinical: close-up,Benign,NV,30.0,male,
ISIC_0356038,IL_2206044,dermoscopic,Benign,NV,30.0,male,
ISIC_9650776,IL_2208727,clinical: close-up,Malignant,BCC,60.0,male,head/neck
ISIC_5548095,IL_2208727,dermoscopic,Malignant,BCC,60.0,male,head/neck
ISIC_9829558,IL_2211543,clinical: close-up,Malignant,BCC,65.0,female,head/neck
ISIC_3118860,IL_2211543,dermoscopic,Malignant,BCC,65.0,female,head/neck
ISIC_1200835,IL_2211559,clinical: close-up,Malignant,BCC,50.0,female,upper extremity
ISIC_4598485,IL_2211559,dermoscopic,Malignant,BCC,50.0,female,upper extremity
ISIC_2443446,IL_2216444,clinical: close-up,Malignant,BCC,65.0,male,
ISIC_1436009,IL_2216444,dermoscopic,Malignant,BCC,65.0,male,
ISIC_0922807,IL_2218203,clinical: close-up,Malignant,BCC,65.0,male,
ISIC_2160854,IL_2218203,dermoscopic,Malignant,BCC,65.0,male,
ISIC_6921970,IL_2218575,clinical: close-up,Malignant,BCC,60.0,male,
ISIC_5992562,IL_2218575,dermoscopic,Malignant,BCC,60.0,male,
ISIC_2620875,IL_2222251,clinical: close-up,Benign,NV,40.0,male,
ISIC_0825152,IL_2222251,dermoscopic,Benign,NV,40.0,male,
ISIC_2482765,IL_2227490,clinical: close-up,Malignant,BCC,65.0,male,lower extremity
ISIC_0518723,IL_2227490,dermoscopic,Malignant,BCC,65.0,male,lower extremity
ISIC_2490336,IL_2228009,clinical: close-up,Benign,NV,40.0,male,
ISIC_1231719,IL_2228009,dermoscopic,Benign,NV,40.0,male,
ISIC_3102873,IL_2228452,clinical: close-up,Malignant,BCC,60.0,female,lower extremity
ISIC_0383910,IL_2228452,dermoscopic,Malignant,BCC,60.0,female,lower extremity
ISIC_4429526,IL_2229268,clinical: close-up,Malignant,MEL,60.0,male,lower extremity
ISIC_7784876,IL_2229268,dermoscopic,Malignant,MEL,60.0,male,lower extremity
ISIC_0688926,IL_2234007,clinical: close-up,Malignant,BCC,65.0,male,
ISIC_0799155,IL_2234007,dermoscopic,Malignant,BCC,65.0,male,
ISIC_2378355,IL_2234057,clinical: close-up,Malignant,SCCKA,70.0,male,upper extremity
ISIC_4647126,IL_2234057,dermoscopic,Malignant,SCCKA,70.0,male,upper extremity
ISIC_5894257,IL_2236716,clinical: close-up,Benign,NV,20.0,male,
ISIC_6550491,IL_2236716,dermoscopic,Benign,NV,20.0,male,
ISIC_5074726,IL_2237445,clinical: close-up,Benign,NV,30.0,female,upper extremity
ISIC_2713587,IL_2237445,dermoscopic,Benign,NV,30.0,female,upper extremity
ISIC_7188142,IL_2239570,clinical: close-up,Malignant,BCC,75.0,female,upper extremity
ISIC_4796147,IL_2239570,dermoscopic,Malignant,BCC,75.0,female,upper extremity
ISIC_4128998,IL_2241538,clinical: close-up,Malignant,MEL,80.0,male,
ISIC_3665449,IL_2241538,dermoscopic,Malignant,MEL,80.0,male,
ISIC_1364491,IL_2242136,clinical: close-up,Malignant,MEL,85.0,male,
ISIC_5541499,IL_2242136,dermoscopic,Malignant,MEL,85.0,male,
ISIC_1365903,IL_2247062,clinical: close-up,Benign,NV,25.0,female,lower extremity
ISIC_5173718,IL_2247062,dermoscopic,Benign,NV,25.0,female,lower extremity
ISIC_1253452,IL_2251187,clinical: close-up,Malignant,MEL,60.0,male,
ISIC_7045012,IL_2251187,dermoscopic,Malignant,MEL,60.0,male,
ISIC_7475784,IL_2251689,clinical: close-up,Benign,NV,35.0,female,lower extremity
ISIC_4737695,IL_2251689,dermoscopic,Benign,NV,35.0,female,lower extremity
ISIC_6810466,IL_2257224,clinical: close-up,Indeterminate,AKIEC,70.0,male,head/neck
ISIC_2129613,IL_2257224,dermoscopic,Indeterminate,AKIEC,70.0,male,head/neck
ISIC_9995901,IL_2263451,clinical: close-up,Malignant,BCC,60.0,male,
ISIC_4822631,IL_2263451,dermoscopic,Malignant,BCC,60.0,male,
ISIC_2437960,IL_2265683,clinical: close-up,Malignant,MEL,60.0,female,head/neck
ISIC_7839162,IL_2265683,dermoscopic,Malignant,MEL,60.0,female,head/neck
ISIC_7376317,IL_2272404,clinical: close-up,Benign,NV,40.0,male,
ISIC_4330964,IL_2272404,dermoscopic,Benign,NV,40.0,male,
ISIC_4631892,IL_2273559,clinical: close-up,Malignant,BCC,75.0,male,head/neck
ISIC_5120362,IL_2273559,dermoscopic,Malignant,BCC,75.0,male,head/neck
ISIC_4696657,IL_2273712,clinical: close-up,Malignant,MEL,55.0,female,lower extremity
ISIC_7733999,IL_2273712,dermoscopic,Malignant,MEL,55.0,female,lower extremity
ISIC_0627627,IL_2274387,clinical: close-up,Malignant,BCC,85.0,female,
ISIC_8032040,IL_2274387,dermoscopic,Malignant,BCC,85.0,female,
ISIC_9562131,IL_2274698,clinical: close-up,Malignant,BCC,50.0,female,
ISIC_3689085,IL_2274698,dermoscopic,Malignant,BCC,50.0,female,
ISIC_4929016,IL_2276592,clinical: close-up,Malignant,BCC,75.0,female,head/neck
ISIC_7278817,IL_2276592,dermoscopic,Malignant,BCC,75.0,female,head/neck
ISIC_0457897,IL_2283112,clinical: close-up,Malignant,BCC,35.0,male,head/neck
ISIC_7813760,IL_2283112,dermoscopic,Malignant,BCC,35.0,male,head/neck
ISIC_5644081,IL_2286275,clinical: close-up,Malignant,BCC,60.0,male,head/neck
ISIC_4733429,IL_2286275,dermoscopic,Malignant,BCC,60.0,male,head/neck
ISIC_0920625,IL_2289243,clinical: close-up,Benign,BKL,75.0,male,
ISIC_7171875,IL_2289243,dermoscopic,Benign,BKL,75.0,male,
ISIC_6869534,IL_2291153,clinical: close-up,Malignant,BCC,60.0,male,lower extremity
ISIC_1594005,IL_2291153,dermoscopic,Malignant,BCC,60.0,male,lower extremity
ISIC_1904660,IL_2291194,clinical: close-up,Benign,BKL,25.0,female,lower extremity
ISIC_9467983,IL_2291194,dermoscopic,Benign,BKL,25.0,female,lower extremity
ISIC_1315894,IL_2291869,clinical: close-up,Benign,BKL,60.0,male,
ISIC_3431989,IL_2291869,dermoscopic,Benign,BKL,60.0,male,
ISIC_1468180,IL_2292995,clinical: close-up,Malignant,BCC,80.0,male,
ISIC_2215653,IL_2292995,dermoscopic,Malignant,BCC,80.0,male,
ISIC_2463268,IL_2293895,clinical: close-up,Benign,DF,40.0,male,
ISIC_0411397,IL_2293895,dermoscopic,Benign,DF,40.0,male,
ISIC_9831096,IL_2295141,clinical: close-up,Malignant,BCC,80.0,male,head/neck
ISIC_6314890,IL_2295141,dermoscopic,Malignant,BCC,80.0,male,head/neck
ISIC_6361677,IL_2298931,clinical: close-up,Benign,NV,30.0,female,
ISIC_9172274,IL_2298931,dermoscopic,Benign,NV,30.0,female,
ISIC_2565297,IL_2300316,clinical: close-up,Malignant,AKIEC,85.0,female,lower extremity
ISIC_6349110,IL_2300316,dermoscopic,Malignant,AKIEC,85.0,female,lower extremity
ISIC_2708075,IL_2301403,clinical: close-up,Malignant,BCC,80.0,male,
ISIC_4712987,IL_2301403,dermoscopic,Malignant,BCC,80.0,male,
ISIC_8644031,IL_2304727,clinical: close-up,Malignant,SCCKA,60.0,female,upper extremity
ISIC_8778674,IL_2304727,dermoscopic,Malignant,SCCKA,60.0,female,upper extremity
ISIC_3683640,IL_2305001,clinical: close-up,Malignant,BCC,70.0,male,
ISIC_4847052,IL_2305001,dermoscopic,Malignant,BCC,70.0,male,
ISIC_5314299,IL_2305768,clinical: close-up,Benign,BKL,65.0,male,
ISIC_8830091,IL_2305768,dermoscopic,Benign,BKL,65.0,male,
ISIC_3261212,IL_2307206,clinical: close-up,Malignant,BCC,50.0,male,upper extremity
ISIC_3810251,IL_2307206,dermoscopic,Malignant,BCC,50.0,male,upper extremity
ISIC_8919899,IL_2307468,clinical: close-up,Malignant,MEL,70.0,male,
ISIC_4726470,IL_2307468,dermoscopic,Malignant,MEL,70.0,male,
ISIC_3022090,IL_2308802,clinical: close-up,Malignant,BCC,85.0,female,
ISIC_1652393,IL_2308802,dermoscopic,Malignant,BCC,85.0,female,
ISIC_6365045,IL_2308976,clinical: close-up,Malignant,BCC,60.0,male,
ISIC_5180185,IL_2308976,dermoscopic,Malignant,BCC,60.0,male,
ISIC_1504993,IL_2315075,clinical: close-up,Malignant,BCC,50.0,male,head/neck
ISIC_9271327,IL_2315075,dermoscopic,Malignant,BCC,50.0,male,head/neck
ISIC_7548109,IL_2315755,clinical: close-up,Malignant,MEL,45.0,female,lower extremity
ISIC_3048228,IL_2315755,dermoscopic,Malignant,MEL,45.0,female,lower extremity
ISIC_4431906,IL_2320070,clinical: close-up,Malignant,SCCKA,75.0,male,upper extremity
ISIC_4469657,IL_2320070,dermoscopic,Malignant,SCCKA,75.0,male,upper extremity
ISIC_5547547,IL_2321044,clinical: close-up,Malignant,AKIEC,50.0,female,
ISIC_3032983,IL_2321044,dermoscopic,Malignant,AKIEC,50.0,female,
ISIC_5715952,IL_2322719,clinical: close-up,Malignant,BCC,65.0,female,head/neck
ISIC_6938646,IL_2322719,dermoscopic,Malignant,BCC,65.0,female,head/neck
ISIC_2687321,IL_2326241,clinical: close-up,Malignant,BCC,65.0,female,
ISIC_4561114,IL_2326241,dermoscopic,Malignant,BCC,65.0,female,
ISIC_2325423,IL_2328375,clinical: close-up,Malignant,BCC,65.0,male,head/neck
ISIC_7644369,IL_2328375,dermoscopic,Malignant,BCC,65.0,male,head/neck
ISIC_7642963,IL_2328480,clinical: close-up,Malignant,BCC,70.0,female,
ISIC_1505378,IL_2328480,dermoscopic,Malignant,BCC,70.0,female,
ISIC_3865889,IL_2328752,clinical: close-up,Malignant,BCC,75.0,male,head/neck
ISIC_8109519,IL_2328752,dermoscopic,Malignant,BCC,75.0,male,head/neck
ISIC_2200184,IL_2329642,clinical: close-up,Malignant,BCC,85.0,female,
ISIC_5841896,IL_2329642,dermoscopic,Malignant,BCC,85.0,female,
ISIC_5868168,IL_2330730,clinical: close-up,Malignant,BCC,85.0,female,head/neck
ISIC_8703792,IL_2330730,dermoscopic,Malignant,BCC,85.0,female,head/neck
ISIC_9411600,IL_2332411,clinical: close-up,Malignant,MEL,65.0,female,
ISIC_5510526,IL_2332411,dermoscopic,Malignant,MEL,65.0,female,
ISIC_0218425,IL_2335600,clinical: close-up,Malignant,SCCKA,70.0,male,lower extremity
ISIC_4369433,IL_2335600,dermoscopic,Malignant,SCCKA,70.0,male,lower extremity
ISIC_0447553,IL_2341353,clinical: close-up,Malignant,MEL,70.0,male,
ISIC_6698671,IL_2341353,dermoscopic,Malignant,MEL,70.0,male,
ISIC_5308020,IL_2342693,clinical: close-up,Malignant,MEL,70.0,female,head/neck
ISIC_8293683,IL_2342693,dermoscopic,Malignant,MEL,70.0,female,head/neck
ISIC_0986356,IL_2352772,clinical: close-up,Benign,NV,45.0,female,
ISIC_0119243,IL_2352772,dermoscopic,Benign,NV,45.0,female,
ISIC_2187177,IL_2359351,clinical: close-up,Benign,BKL,70.0,female,head/neck
ISIC_9180125,IL_2359351,dermoscopic,Benign,BKL,70.0,female,head/neck
ISIC_8231148,IL_2367179,clinical: close-up,Malignant,BCC,65.0,female,head/neck
ISIC_8329990,IL_2367179,dermoscopic,Malignant,BCC,65.0,female,head/neck
ISIC_0314737,IL_2369165,clinical: close-up,Malignant,BCC,60.0,male,
ISIC_8491813,IL_2369165,dermoscopic,Malignant,BCC,60.0,male,
ISIC_7174866,IL_2371687,clinical: close-up,Benign,NV,35.0,male,
ISIC_9353865,IL_2371687,dermoscopic,Benign,NV,35.0,male,
ISIC_4429484,IL_2379441,clinical: close-up,Benign,NV,65.0,male,
ISIC_1756486,IL_2379441,dermoscopic,Benign,NV,65.0,male,
ISIC_9360308,IL_2381875,clinical: close-up,Benign,NV,45.0,male,lower extremity
ISIC_5728052,IL_2381875,dermoscopic,Benign,NV,45.0,male,lower extremity
ISIC_3601357,IL_2383580,clinical: close-up,Malignant,AKIEC,65.0,female,
ISIC_5958284,IL_2383580,dermoscopic,Malignant,AKIEC,65.0,female,
ISIC_2926847,IL_2386719,clinical: close-up,Benign,NV,55.0,female,
ISIC_0350747,IL_2386719,dermoscopic,Benign,NV,55.0,female,
ISIC_4104512,IL_2390458,clinical: close-up,Malignant,BCC,55.0,male,
ISIC_8292872,IL_2390458,dermoscopic,Malignant,BCC,55.0,male,
ISIC_0115114,IL_2397644,clinical: close-up,Benign,NV,70.0,male,lower extremity
ISIC_4606877,IL_2397644,dermoscopic,Benign,NV,70.0,male,lower extremity
ISIC_6366558,IL_2401021,clinical: close-up,Malignant,SCCKA,80.0,female,head/neck
ISIC_9708493,IL_2401021,dermoscopic,Malignant,SCCKA,80.0,female,head/neck
ISIC_9432372,IL_2401627,clinical: close-up,Malignant,BCC,65.0,male,
ISIC_5442946,IL_2401627,dermoscopic,Malignant,BCC,65.0,male,
ISIC_7534938,IL_2403428,clinical: close-up,Malignant,BCC,65.0,female,head/neck
ISIC_7883260,IL_2403428,dermoscopic,Malignant,BCC,65.0,female,head/neck
ISIC_9890207,IL_2404701,clinical: close-up,Benign,NV,60.0,male,
ISIC_8019366,IL_2404701,dermoscopic,Benign,NV,60.0,male,
ISIC_8856766,IL_2406754,clinical: close-up,Malignant,MEL,45.0,female,head/neck
ISIC_3085336,IL_2406754,dermoscopic,Malignant,MEL,45.0,female,head/neck
ISIC_2998536,IL_2409650,clinical: close-up,Malignant,BCC,75.0,male,lower extremity
ISIC_4573444,IL_2409650,dermoscopic,Malignant,BCC,75.0,male,lower extremity
ISIC_0874081,IL_2415353,clinical: close-up,Benign,BKL,60.0,male,head/neck
ISIC_8281265,IL_2415353,dermoscopic,Benign,BKL,60.0,male,head/neck
ISIC_4662941,IL_2426275,clinical: close-up,Malignant,BCC,65.0,female,lower extremity
ISIC_9642724,IL_2426275,dermoscopic,Malignant,BCC,65.0,female,lower extremity
ISIC_7898573,IL_2432555,clinical: close-up,Malignant,BCC,70.0,male,lower extremity
ISIC_0772652,IL_2432555,dermoscopic,Malignant,BCC,70.0,male,lower extremity
ISIC_3100293,IL_2433161,clinical: close-up,Malignant,MEL,50.0,male,
ISIC_3259871,IL_2433161,dermoscopic,Malignant,MEL,50.0,male,
ISIC_1610084,IL_2448175,clinical: close-up,Benign,NV,45.0,female,lower extremity
ISIC_7139452,IL_2448175,dermoscopic,Benign,NV,45.0,female,lower extremity
ISIC_5063574,IL_2448837,clinical: close-up,Malignant,BCC,85.0,male,
ISIC_5567599,IL_2448837,dermoscopic,Malignant,BCC,85.0,male,
ISIC_1833277,IL_2450142,clinical: close-up,Malignant,MEL,65.0,male,
ISIC_5629312,IL_2450142,dermoscopic,Malignant,MEL,65.0,male,
ISIC_1425517,IL_2450651,clinical: close-up,Benign,BKL,65.0,female,head/neck
ISIC_3431903,IL_2450651,dermoscopic,Benign,BKL,65.0,female,head/neck
ISIC_8069305,IL_2451092,clinical: close-up,Malignant,BCC,65.0,male,upper extremity
ISIC_4765663,IL_2451092,dermoscopic,Malignant,BCC,65.0,male,upper extremity
ISIC_2987893,IL_2454267,clinical: close-up,Malignant,SCCKA,85.0,male,upper extremity
ISIC_8882696,IL_2454267,dermoscopic,Malignant,SCCKA,85.0,male,upper extremity
ISIC_0367096,IL_2461087,clinical: close-up,Benign,NV,85.0,female,
ISIC_1284470,IL_2461087,dermoscopic,Benign,NV,85.0,female,
ISIC_3080695,IL_2463656,clinical: close-up,Benign,NV,45.0,male,
ISIC_1964200,IL_2463656,dermoscopic,Benign,NV,45.0,male,
ISIC_5287761,IL_2466652,clinical: close-up,Malignant,BCC,65.0,female,lower extremity
ISIC_3462090,IL_2466652,dermoscopic,Malignant,BCC,65.0,female,lower extremity
ISIC_2877008,IL_2466872,clinical: close-up,Malignant,BCC,65.0,female,
ISIC_8206552,IL_2466872,dermoscopic,Malignant,BCC,65.0,female,
ISIC_8978224,IL_2467466,clinical: close-up,Malignant,AKIEC,75.0,male,head/neck
ISIC_4243113,IL_2467466,dermoscopic,Malignant,AKIEC,75.0,male,head/neck
ISIC_2038683,IL_2470162,clinical: close-up,Benign,BKL,60.0,male,
ISIC_2893311,IL_2470162,dermoscopic,Benign,BKL,60.0,male,
ISIC_1652809,IL_2471050,clinical: close-up,Malignant,BCC,80.0,male,head/neck
ISIC_5707338,IL_2471050,dermoscopic,Malignant,BCC,80.0,male,head/neck
ISIC_5796545,IL_2473158,clinical: close-up,Benign,BKL,65.0,female,
ISIC_5235518,IL_2473158,dermoscopic,Benign,BKL,65.0,female,
ISIC_4945500,IL_2473715,clinical: close-up,Malignant,SCCKA,80.0,female,upper extremity
ISIC_7072308,IL_2473715,dermoscopic,Malignant,SCCKA,80.0,female,upper extremity
ISIC_2023729,IL_2473783,clinical: close-up,Benign,NV,45.0,male,head/neck
ISIC_2054960,IL_2473783,dermoscopic,Benign,NV,45.0,male,head/neck
ISIC_7415657,IL_2474779,clinical: close-up,Malignant,BCC,55.0,male,
ISIC_8097741,IL_2474779,dermoscopic,Malignant,BCC,55.0,male,
ISIC_6190061,IL_2476952,clinical: close-up,Malignant,BCC,60.0,male,
ISIC_4328393,IL_2476952,dermoscopic,Malignant,BCC,60.0,male,
ISIC_1431910,IL_2477407,clinical: close-up,Malignant,BCC,55.0,male,
ISIC_2001379,IL_2477407,dermoscopic,Malignant,BCC,55.0,male,
ISIC_9048808,IL_2478742,clinical: close-up,Malignant,BCC,45.0,male,
ISIC_0880053,IL_2478742,dermoscopic,Malignant,BCC,45.0,male,
ISIC_9105300,IL_2480187,clinical: close-up,Malignant,BCC,65.0,male,head/neck
ISIC_3672274,IL_2480187,dermoscopic,Malignant,BCC,65.0,male,head/neck
ISIC_2288953,IL_2482896,clinical: close-up,Benign,DF,45.0,female,lower extremity
ISIC_2868896,IL_2482896,dermoscopic,Benign,DF,45.0,female,lower extremity
ISIC_1134088,IL_2487876,clinical: close-up,Malignant,BCC,75.0,female,
ISIC_1006415,IL_2487876,dermoscopic,Malignant,BCC,75.0,female,
ISIC_4397628,IL_2491792,clinical: close-up,Malignant,MEL,60.0,female,
ISIC_0823269,IL_2491792,dermoscopic,Malignant,MEL,60.0,female,
ISIC_9745273,IL_2493163,clinical: close-up,Benign,NV,25.0,male,
ISIC_7929517,IL_2493163,dermoscopic,Benign,NV,25.0,male,
ISIC_9102029,IL_2493463,clinical: close-up,Benign,INF,40.0,male,head/neck
ISIC_9547255,IL_2493463,dermoscopic,Benign,INF,40.0,male,head/neck
ISIC_9062645,IL_2495327,clinical: close-up,Malignant,BCC,55.0,male,head/neck
ISIC_1499717,IL_2495327,dermoscopic,Malignant,BCC,55.0,male,head/neck
ISIC_1686930,IL_2495796,clinical: close-up,Malignant,BCC,70.0,female,lower extremity
ISIC_2387540,IL_2495796,dermoscopic,Malignant,BCC,70.0,female,lower extremity
ISIC_8528097,IL_2497125,clinical: close-up,Malignant,MEL,75.0,male,
ISIC_7828218,IL_2497125,dermoscopic,Malignant,MEL,75.0,male,
ISIC_5620414,IL_2497453,clinical: close-up,Malignant,SCCKA,80.0,female,lower extremity
ISIC_4272600,IL_2497453,dermoscopic,Malignant,SCCKA,80.0,female,lower extremity
ISIC_7952911,IL_2499143,clinical: close-up,Benign,BKL,65.0,female,lower extremity
ISIC_0159874,IL_2499143,dermoscopic,Benign,BKL,65.0,female,lower extremity
ISIC_5168814,IL_2503315,clinical: close-up,Malignant,MEL,60.0,male,head/neck
ISIC_2222084,IL_2503315,dermoscopic,Malignant,MEL,60.0,male,head/neck
ISIC_5403535,IL_2504113,clinical: close-up,Malignant,BCC,50.0,male,
ISIC_6063897,IL_2504113,dermoscopic,Malignant,BCC,50.0,male,
ISIC_9209191,IL_2504779,clinical: close-up,Benign,NV,55.0,female,
ISIC_2062505,IL_2504779,dermoscopic,Benign,NV,55.0,female,
ISIC_4097142,IL_2508861,clinical: close-up,Malignant,AKIEC,55.0,female,upper extremity
ISIC_8426219,IL_2508861,dermoscopic,Malignant,AKIEC,55.0,female,upper extremity
ISIC_2733266,IL_2514915,clinical: close-up,Benign,BKL,75.0,female,lower extremity
ISIC_4307237,IL_2514915,dermoscopic,Benign,BKL,75.0,female,lower extremity
ISIC_1933691,IL_2517543,clinical: close-up,Malignant,MEL,60.0,male,
ISIC_5912360,IL_2517543,dermoscopic,Malignant,MEL,60.0,male,
ISIC_7827261,IL_2521173,clinical: close-up,Benign,NV,60.0,male,
ISIC_2170617,IL_2521173,dermoscopic,Benign,NV,60.0,male,
ISIC_6640885,IL_2521408,clinical: close-up,Malignant,BCC,60.0,female,upper extremity
ISIC_2167653,IL_2521408,dermoscopic,Malignant,BCC,60.0,female,upper extremity
ISIC_8372143,IL_2522638,clinical: close-up,Benign,NV,40.0,male,lower extremity
ISIC_7256008,IL_2522638,dermoscopic,Benign,NV,40.0,male,lower extremity
ISIC_6290373,IL_2526379,clinical: close-up,Benign,NV,30.0,female,lower extremity
ISIC_5175946,IL_2526379,dermoscopic,Benign,NV,30.0,female,lower extremity
ISIC_3991986,IL_2528819,clinical: close-up,Benign,NV,5.0,male,
ISIC_6853529,IL_2528819,dermoscopic,Benign,NV,5.0,male,
ISIC_7581757,IL_2529122,clinical: close-up,Malignant,BCC,55.0,male,
ISIC_1105494,IL_2529122,dermoscopic,Malignant,BCC,55.0,male,
ISIC_9073880,IL_2531194,clinical: close-up,Benign,NV,45.0,male,
ISIC_8544988,IL_2531194,dermoscopic,Benign,NV,45.0,male,
ISIC_8288213,IL_2531198,clinical: close-up,Malignant,BCC,80.0,male,
ISIC_8528718,IL_2531198,dermoscopic,Malignant,BCC,80.0,male,
ISIC_2823934,IL_2531904,clinical: close-up,Benign,BKL,60.0,female,head/neck
ISIC_5550212,IL_2531904,dermoscopic,Benign,BKL,60.0,female,head/neck
ISIC_4230532,IL_2533791,clinical: close-up,Benign,NV,30.0,female,
ISIC_8603749,IL_2533791,dermoscopic,Benign,NV,30.0,female,
ISIC_5667703,IL_2534024,clinical: close-up,Malignant,BCC,65.0,male,head/neck
ISIC_1720500,IL_2534024,dermoscopic,Malignant,BCC,65.0,male,head/neck
ISIC_7475014,IL_2538278,clinical: close-up,Benign,BKL,75.0,female,head/neck
ISIC_2552716,IL_2538278,dermoscopic,Benign,BKL,75.0,female,head/neck
ISIC_1771078,IL_2538872,clinical: close-up,Malignant,BCC,55.0,female,
ISIC_5472264,IL_2538872,dermoscopic,Malignant,BCC,55.0,female,
ISIC_5518449,IL_2545098,clinical: close-up,Benign,BKL,60.0,male,
ISIC_3399647,IL_2545098,dermoscopic,Benign,BKL,60.0,male,
ISIC_2747605,IL_2546543,clinical: close-up,Malignant,BCC,65.0,male,lower extremity
ISIC_7993222,IL_2546543,dermoscopic,Malignant,BCC,65.0,male,lower extremity
ISIC_7189150,IL_2547108,clinical: close-up,Malignant,BCC,80.0,female,
ISIC_3229589,IL_2547108,dermoscopic,Malignant,BCC,80.0,female,
ISIC_0502224,IL_2547187,clinical: close-up,Malignant,BCC,60.0,male,head/neck
ISIC_0724943,IL_2547187,dermoscopic,Malignant,BCC,60.0,male,head/neck
ISIC_4641479,IL_2557121,clinical: close-up,Malignant,BCC,65.0,male,head/neck
ISIC_6710161,IL_2557121,dermoscopic,Malignant,BCC,65.0,male,head/neck
ISIC_8458255,IL_2561893,clinical: close-up,Malignant,BCC,60.0,female,
ISIC_8500215,IL_2561893,dermoscopic,Malignant,BCC,60.0,female,
ISIC_6533664,IL_2564973,clinical: close-up,Malignant,BCC,55.0,female,head/neck
ISIC_9064583,IL_2564973,dermoscopic,Malignant,BCC,55.0,female,head/neck
ISIC_6235050,IL_2567516,clinical: close-up,Benign,NV,30.0,female,
ISIC_1579405,IL_2567516,dermoscopic,Benign,NV,30.0,female,
ISIC_7985297,IL_2574343,clinical: close-up,Malignant,SCCKA,70.0,male,lower extremity
ISIC_5744822,IL_2574343,dermoscopic,Malignant,SCCKA,70.0,male,lower extremity
ISIC_7408729,IL_2577836,clinical: close-up,Malignant,SCCKA,65.0,female,lower extremity
ISIC_5003991,IL_2577836,dermoscopic,Malignant,SCCKA,65.0,female,lower extremity
ISIC_1107534,IL_2582218,clinical: close-up,Malignant,BCC,70.0,female,head/neck
ISIC_7629062,IL_2582218,dermoscopic,Malignant,BCC,70.0,female,head/neck
ISIC_5553297,IL_2582722,clinical: close-up,Malignant,BCC,65.0,female,
ISIC_0485396,IL_2582722,dermoscopic,Malignant,BCC,65.0,female,
ISIC_8414183,IL_2587560,clinical: close-up,Malignant,BCC,50.0,male,lower extremity
ISIC_5298476,IL_2587560,dermoscopic,Malignant,BCC,50.0,male,lower extremity
ISIC_9809278,IL_2588652,clinical: close-up,Malignant,BCC,75.0,male,
ISIC_7352384,IL_2588652,dermoscopic,Malignant,BCC,75.0,male,
ISIC_2320596,IL_2591280,clinical: close-up,Malignant,BCC,85.0,female,head/neck
ISIC_6524360,IL_2591280,dermoscopic,Malignant,BCC,85.0,female,head/neck
ISIC_2286311,IL_2591955,clinical: close-up,Malignant,BCC,40.0,female,head/neck
ISIC_9255133,IL_2591955,dermoscopic,Malignant,BCC,40.0,female,head/neck
ISIC_1435734,IL_2598820,clinical: close-up,Malignant,MEL,55.0,female,upper extremity
ISIC_5383160,IL_2598820,dermoscopic,Malignant,MEL,55.0,female,upper extremity
ISIC_5954681,IL_2601200,clinical: close-up,Malignant,BCC,75.0,female,lower extremity
ISIC_2323653,IL_2601200,dermoscopic,Malignant,BCC,75.0,female,lower extremity
ISIC_3162836,IL_2609201,clinical: close-up,Benign,NV,50.0,male,
ISIC_4388573,IL_2609201,dermoscopic,Benign,NV,50.0,male,
ISIC_1192517,IL_2610078,clinical: close-up,Malignant,BCC,50.0,male,
ISIC_4413011,IL_2610078,dermoscopic,Malignant,BCC,50.0,male,
ISIC_2786202,IL_2610875,clinical: close-up,Malignant,BCC,70.0,female,upper extremity
ISIC_4416938,IL_2610875,dermoscopic,Malignant,BCC,70.0,female,upper extremity
ISIC_2185560,IL_2612192,clinical: close-up,Malignant,BCC,65.0,female,
ISIC_5313254,IL_2612192,dermoscopic,Malignant,BCC,65.0,female,
ISIC_2852852,IL_2621317,clinical: close-up,Malignant,SCCKA,70.0,male,upper extremity
ISIC_4200513,IL_2621317,dermoscopic,Malignant,SCCKA,70.0,male,upper extremity
ISIC_3327085,IL_2623248,clinical: close-up,Malignant,BCC,85.0,male,
ISIC_1020628,IL_2623248,dermoscopic,Malignant,BCC,85.0,male,
ISIC_6806931,IL_2632652,clinical: close-up,Benign,NV,70.0,female,
ISIC_8678969,IL_2632652,dermoscopic,Benign,NV,70.0,female,
ISIC_0851659,IL_2634520,clinical: close-up,Malignant,BCC,65.0,female,upper extremity
ISIC_3251714,IL_2634520,dermoscopic,Malignant,BCC,65.0,female,upper extremity
ISIC_2188127,IL_2634708,clinical: close-up,Malignant,BCC,50.0,male,head/neck
ISIC_3676018,IL_2634708,dermoscopic,Malignant,BCC,50.0,male,head/neck
ISIC_1019247,IL_2634845,clinical: close-up,Benign,BKL,70.0,male,head/neck
ISIC_5994355,IL_2634845,dermoscopic,Benign,BKL,70.0,male,head/neck
ISIC_4127514,IL_2638110,clinical: close-up,Malignant,MEL,70.0,male,lower extremity
ISIC_4203842,IL_2638110,dermoscopic,Malignant,MEL,70.0,male,lower extremity
ISIC_9125091,IL_2643688,clinical: close-up,Malignant,BCC,75.0,female,
ISIC_2422166,IL_2643688,dermoscopic,Malignant,BCC,75.0,female,
ISIC_0740405,IL_2647562,clinical: close-up,Benign,BKL,70.0,female,
ISIC_5584851,IL_2647562,dermoscopic,Benign,BKL,70.0,female,
ISIC_9676972,IL_2648810,clinical: close-up,Malignant,BCC,70.0,female,
ISIC_4720694,IL_2648810,dermoscopic,Malignant,BCC,70.0,female,
ISIC_4273109,IL_2649297,clinical: close-up,Benign,NV,55.0,female,
ISIC_6584815,IL_2649297,dermoscopic,Benign,NV,55.0,female,
ISIC_4875678,IL_2650729,clinical: close-up,Malignant,SCCKA,80.0,male,lower extremity
ISIC_6857782,IL_2650729,dermoscopic,Malignant,SCCKA,80.0,male,lower extremity
ISIC_2137894,IL_2651247,clinical: close-up,Malignant,MEL,75.0,male,head/neck
ISIC_9239978,IL_2651247,dermoscopic,Malignant,MEL,75.0,male,head/neck
ISIC_2642915,IL_2652500,clinical: close-up,Malignant,SCCKA,75.0,male,upper extremity
ISIC_6246107,IL_2652500,dermoscopic,Malignant,SCCKA,75.0,male,upper extremity
ISIC_6550385,IL_2652788,clinical: close-up,Benign,VASC,25.0,female,
ISIC_5409072,IL_2652788,dermoscopic,Benign,VASC,25.0,female,
ISIC_8037974,IL_2653791,clinical: close-up,Malignant,BCC,65.0,female,
ISIC_8675305,IL_2653791,dermoscopic,Malignant,BCC,65.0,female,
ISIC_7981568,IL_2658437,clinical: close-up,Malignant,BCC,50.0,female,upper extremity
ISIC_6999928,IL_2658437,dermoscopic,Malignant,BCC,50.0,female,upper extremity
ISIC_0582067,IL_2658835,clinical: close-up,Malignant,BCC,60.0,female,
ISIC_5356282,IL_2658835,dermoscopic,Malignant,BCC,60.0,female,
ISIC_8032730,IL_2659393,clinical: close-up,Malignant,BCC,55.0,male,head/neck
ISIC_3934861,IL_2659393,dermoscopic,Malignant,BCC,55.0,male,head/neck
ISIC_8663511,IL_2659865,clinical: close-up,Malignant,MEL,65.0,male,head/neck
ISIC_4146139,IL_2659865,dermoscopic,Malignant,MEL,65.0,male,head/neck
ISIC_1058357,IL_2662966,clinical: close-up,Malignant,BCC,85.0,female,head/neck
ISIC_8782299,IL_2662966,dermoscopic,Malignant,BCC,85.0,female,head/neck
ISIC_8346382,IL_2663790,clinical: close-up,Malignant,SCCKA,65.0,female,upper extremity
ISIC_2418674,IL_2663790,dermoscopic,Malignant,SCCKA,65.0,female,upper extremity
ISIC_7530101,IL_2670180,clinical: close-up,Malignant,SCCKA,75.0,female,lower extremity
ISIC_9105114,IL_2670180,dermoscopic,Malignant,SCCKA,75.0,female,lower extremity
ISIC_7144270,IL_2670603,clinical: close-up,Malignant,BCC,70.0,female,lower extremity
ISIC_0715287,IL_2670603,dermoscopic,Malignant,BCC,70.0,female,lower extremity
ISIC_3774678,IL_2674026,clinical: close-up,Malignant,BCC,50.0,male,
ISIC_1464471,IL_2674026,dermoscopic,Malignant,BCC,50.0,male,
ISIC_6285261,IL_2675475,clinical: close-up,Malignant,BCC,75.0,female,
ISIC_6881361,IL_2675475,dermoscopic,Malignant,BCC,75.0,female,
ISIC_3724648,IL_2679001,clinical: close-up,Malignant,BCC,55.0,female,
ISIC_7671720,IL_2679001,dermoscopic,Malignant,BCC,55.0,female,
ISIC_6175134,IL_2682225,clinical: close-up,Malignant,SCCKA,65.0,male,head/neck
ISIC_3500227,IL_2682225,dermoscopic,Malignant,SCCKA,65.0,male,head/neck
ISIC_6546601,IL_2687877,clinical: close-up,Malignant,BCC,85.0,female,head/neck
ISIC_2171027,IL_2687877,dermoscopic,Malignant,BCC,85.0,female,head/neck
ISIC_0532506,IL_2692187,clinical: close-up,Benign,BEN_OTH,60.0,female,head/neck
ISIC_6581608,IL_2692187,dermoscopic,Benign,BEN_OTH,60.0,female,head/neck
ISIC_0786490,IL_2692923,clinical: close-up,Malignant,MEL,80.0,male,
ISIC_9115886,IL_2692923,dermoscopic,Malignant,MEL,80.0,male,
ISIC_8863788,IL_2694953,clinical: close-up,Benign,NV,60.0,female,upper extremity
ISIC_8377707,IL_2694953,dermoscopic,Benign,NV,60.0,female,upper extremity
ISIC_6789387,IL_2700480,clinical: close-up,Malignant,BCC,80.0,female,lower extremity
ISIC_0809407,IL_2700480,dermoscopic,Malignant,BCC,80.0,female,lower extremity
ISIC_6934564,IL_2703142,clinical: close-up,Benign,NV,55.0,male,
ISIC_1221689,IL_2703142,dermoscopic,Benign,NV,55.0,male,
ISIC_9112089,IL_2704222,clinical: close-up,Malignant,BCC,60.0,male,
ISIC_3235332,IL_2704222,dermoscopic,Malignant,BCC,60.0,male,
ISIC_5291973,IL_2707139,clinical: close-up,Malignant,AKIEC,80.0,female,
ISIC_3430609,IL_2707139,dermoscopic,Malignant,AKIEC,80.0,female,
ISIC_1739775,IL_2707922,clinical: close-up,Malignant,SCCKA,50.0,male,head/neck
ISIC_9057655,IL_2707922,dermoscopic,Malignant,SCCKA,50.0,male,head/neck
ISIC_5649480,IL_2710890,clinical: close-up,Benign,NV,35.0,female,head/neck
ISIC_1078763,IL_2710890,dermoscopic,Benign,NV,35.0,female,head/neck
ISIC_5230169,IL_2711226,clinical: close-up,Malignant,SCCKA,80.0,male,
ISIC_4653572,IL_2711226,dermoscopic,Malignant,SCCKA,80.0,male,
ISIC_2869678,IL_2714840,clinical: close-up,Malignant,BCC,70.0,female,lower extremity
ISIC_2907780,IL_2714840,dermoscopic,Malignant,BCC,70.0,female,lower extremity
ISIC_5642271,IL_2715544,clinical: close-up,Benign,BKL,55.0,male,
ISIC_8880430,IL_2715544,dermoscopic,Benign,BKL,55.0,male,
ISIC_7931784,IL_2718165,clinical: close-up,Indeterminate,AKIEC,70.0,female,head/neck
ISIC_6044977,IL_2718165,dermoscopic,Indeterminate,AKIEC,70.0,female,head/neck
ISIC_1181436,IL_2718328,clinical: close-up,Malignant,BCC,65.0,female,head/neck
ISIC_3819687,IL_2718328,dermoscopic,Malignant,BCC,65.0,female,head/neck
ISIC_2801800,IL_2719236,clinical: close-up,Malignant,BCC,80.0,male,head/neck
ISIC_7082726,IL_2719236,dermoscopic,Malignant,BCC,80.0,male,head/neck
ISIC_2851104,IL_2719812,clinical: close-up,Malignant,BCC,75.0,female,
ISIC_6213875,IL_2719812,dermoscopic,Malignant,BCC,75.0,female,
ISIC_1379718,IL_2720879,clinical: close-up,Malignant,BCC,40.0,male,
ISIC_9650544,IL_2720879,dermoscopic,Malignant,BCC,40.0,male,
ISIC_4499587,IL_2721473,clinical: close-up,Malignant,MEL,50.0,male,
ISIC_1490894,IL_2721473,dermoscopic,Malignant,MEL,50.0,male,
ISIC_0495585,IL_2721693,clinical: close-up,Malignant,BCC,55.0,male,lower extremity
ISIC_5164012,IL_2721693,dermoscopic,Malignant,BCC,55.0,male,lower extremity
ISIC_8724627,IL_2722243,clinical: close-up,Malignant,BCC,65.0,female,lower extremity
ISIC_6720006,IL_2722243,dermoscopic,Malignant,BCC,65.0,female,lower extremity
ISIC_9656292,IL_2725320,clinical: close-up,Malignant,AKIEC,70.0,male,lower extremity
ISIC_3909654,IL_2725320,dermoscopic,Malignant,AKIEC,70.0,male,lower extremity
ISIC_5071145,IL_2733872,clinical: close-up,Malignant,BCC,70.0,male,head/neck
ISIC_7799334,IL_2733872,dermoscopic,Malignant,BCC,70.0,male,head/neck
ISIC_4303795,IL_2734125,clinical: close-up,Malignant,BCC,75.0,male,
ISIC_7938939,IL_2734125,dermoscopic,Malignant,BCC,75.0,male,
ISIC_7604483,IL_2735586,clinical: close-up,Benign,BKL,50.0,female,
ISIC_1757189,IL_2735586,dermoscopic,Benign,BKL,50.0,female,
ISIC_2920382,IL_2739808,clinical: close-up,Malignant,MEL,65.0,male,
ISIC_4256719,IL_2739808,dermoscopic,Malignant,MEL,65.0,male,
ISIC_7560911,IL_2740956,clinical: close-up,Malignant,BCC,65.0,female,lower extremity
ISIC_4671582,IL_2740956,dermoscopic,Malignant,BCC,65.0,female,lower extremity
ISIC_0583040,IL_2740967,clinical: close-up,Malignant,MEL,35.0,female,head/neck
ISIC_2586707,IL_2740967,dermoscopic,Malignant,MEL,35.0,female,head/neck
ISIC_2228525,IL_2745193,clinical: close-up,Benign,NV,45.0,male,
ISIC_8008482,IL_2745193,dermoscopic,Benign,NV,45.0,male,
ISIC_7508643,IL_2747674,clinical: close-up,Malignant,MEL,40.0,female,upper extremity
ISIC_4703321,IL_2747674,dermoscopic,Malignant,MEL,40.0,female,upper extremity
ISIC_0590401,IL_2748244,clinical: close-up,Malignant,BCC,85.0,male,upper extremity
ISIC_1014403,IL_2748244,dermoscopic,Malignant,BCC,85.0,male,upper extremity
ISIC_6855467,IL_2750081,clinical: close-up,Benign,NV,10.0,female,head/neck
ISIC_9945084,IL_2750081,dermoscopic,Benign,NV,10.0,female,head/neck
ISIC_7337805,IL_2750641,clinical: close-up,Malignant,BCC,60.0,female,head/neck
ISIC_4517401,IL_2750641,dermoscopic,Malignant,BCC,60.0,female,head/neck
ISIC_1137894,IL_2751796,clinical: close-up,Malignant,BCC,70.0,female,head/neck
ISIC_1718779,IL_2751796,dermoscopic,Malignant,BCC,70.0,female,head/neck
ISIC_3334508,IL_2752948,clinical: close-up,Malignant,BCC,80.0,male,lower extremity
ISIC_7868177,IL_2752948,dermoscopic,Malignant,BCC,80.0,male,lower extremity
ISIC_3543603,IL_2753111,clinical: close-up,Malignant,SCCKA,80.0,male,upper extremity
ISIC_1980584,IL_2753111,dermoscopic,Malignant,SCCKA,80.0,male,upper extremity
ISIC_5856786,IL_2755803,clinical: close-up,Malignant,BCC,55.0,male,upper extremity
ISIC_1993005,IL_2755803,dermoscopic,Malignant,BCC,55.0,male,upper extremity
ISIC_2214827,IL_2759554,clinical: close-up,Benign,NV,55.0,male,lower extremity
ISIC_4416373,IL_2759554,dermoscopic,Benign,NV,55.0,male,lower extremity
ISIC_8245171,IL_2760690,clinical: close-up,Malignant,BCC,60.0,male,head/neck
ISIC_1844015,IL_2760690,dermoscopic,Malignant,BCC,60.0,male,head/neck
ISIC_2108278,IL_2770986,clinical: close-up,Malignant,MEL,45.0,male,
ISIC_8616033,IL_2770986,dermoscopic,Malignant,MEL,45.0,male,
ISIC_7481650,IL_2771933,clinical: close-up,Malignant,BCC,75.0,male,
ISIC_6373409,IL_2771933,dermoscopic,Malignant,BCC,75.0,male,
ISIC_3444223,IL_2775597,clinical: close-up,Malignant,BCC,75.0,male,
ISIC_8505283,IL_2775597,dermoscopic,Malignant,BCC,75.0,male,
ISIC_2241043,IL_2779064,clinical: close-up,Malignant,BCC,60.0,male,lower extremity
ISIC_3851477,IL_2779064,dermoscopic,Malignant,BCC,60.0,male,lower extremity
ISIC_7112529,IL_2779245,clinical: close-up,Malignant,BCC,55.0,male,
ISIC_9766600,IL_2779245,dermoscopic,Malignant,BCC,55.0,male,
ISIC_8721730,IL_2788353,clinical: close-up,Malignant,BCC,70.0,male,lower extremity
ISIC_0304794,IL_2788353,dermoscopic,Malignant,BCC,70.0,male,lower extremity
ISIC_4267031,IL_2791658,clinical: close-up,Malignant,BCC,85.0,male,
ISIC_8591122,IL_2791658,dermoscopic,Malignant,BCC,85.0,male,
ISIC_1919712,IL_2791717,clinical: close-up,Benign,NV,35.0,female,
ISIC_8646399,IL_2791717,dermoscopic,Benign,NV,35.0,female,
ISIC_3428806,IL_2791803,clinical: close-up,Benign,BKL,60.0,male,lower extremity
ISIC_6279832,IL_2791803,dermoscopic,Benign,BKL,60.0,male,lower extremity
ISIC_2083813,IL_2797829,clinical: close-up,Benign,BKL,65.0,female,head/neck
ISIC_9222540,IL_2797829,dermoscopic,Benign,BKL,65.0,female,head/neck
ISIC_9626996,IL_2802715,clinical: close-up,Malignant,BCC,75.0,male,head/neck
ISIC_3397720,IL_2802715,dermoscopic,Malignant,BCC,75.0,male,head/neck
ISIC_2304788,IL_2803011,clinical: close-up,Benign,BKL,70.0,male,
ISIC_2976358,IL_2803011,dermoscopic,Benign,BKL,70.0,male,
ISIC_9625853,IL_2806266,clinical: close-up,Malignant,BCC,60.0,female,lower extremity
ISIC_9598621,IL_2806266,dermoscopic,Malignant,BCC,60.0,female,lower extremity
ISIC_7136010,IL_2808102,clinical: close-up,Malignant,MEL,45.0,male,
ISIC_0410802,IL_2808102,dermoscopic,Malignant,MEL,45.0,male,
ISIC_9941177,IL_2808273,clinical: close-up,Malignant,BCC,85.0,female,head/neck
ISIC_4936029,IL_2808273,dermoscopic,Malignant,BCC,85.0,female,head/neck
ISIC_8390476,IL_2810751,clinical: close-up,Benign,VASC,65.0,female,
ISIC_6192197,IL_2810751,dermoscopic,Benign,VASC,65.0,female,
ISIC_1338257,IL_2811473,clinical: close-up,Malignant,MEL,25.0,female,lower extremity
ISIC_4243006,IL_2811473,dermoscopic,Malignant,MEL,25.0,female,lower extremity
ISIC_5007628,IL_2815736,clinical: close-up,Malignant,SCCKA,75.0,male,upper extremity
ISIC_4116218,IL_2815736,dermoscopic,Malignant,SCCKA,75.0,male,upper extremity
ISIC_3037508,IL_2816298,clinical: close-up,Malignant,BCC,60.0,female,head/neck
ISIC_6747832,IL_2816298,dermoscopic,Malignant,BCC,60.0,female,head/neck
ISIC_0376743,IL_2821734,clinical: close-up,Malignant,BCC,70.0,female,head/neck
ISIC_0835458,IL_2821734,dermoscopic,Malignant,BCC,70.0,female,head/neck
ISIC_4946681,IL_2826378,clinical: close-up,Malignant,SCCKA,75.0,male,
ISIC_7481885,IL_2826378,dermoscopic,Malignant,SCCKA,75.0,male,
ISIC_8915033,IL_2830385,clinical: close-up,Malignant,SCCKA,55.0,male,
ISIC_0997976,IL_2830385,dermoscopic,Malignant,SCCKA,55.0,male,
ISIC_5521398,IL_2832342,clinical: close-up,Benign,BKL,45.0,male,lower extremity
ISIC_5174175,IL_2832342,dermoscopic,Benign,BKL,45.0,male,lower extremity
ISIC_9004415,IL_2834231,clinical: close-up,Malignant,BCC,75.0,male,lower extremity
ISIC_8745129,IL_2834231,dermoscopic,Malignant,BCC,75.0,male,lower extremity
ISIC_9705765,IL_2840030,clinical: close-up,Malignant,BCC,70.0,male,
ISIC_7904505,IL_2840030,dermoscopic,Malignant,BCC,70.0,male,
ISIC_2696566,IL_2851891,clinical: close-up,Benign,NV,20.0,female,head/neck
ISIC_7559942,IL_2851891,dermoscopic,Benign,NV,20.0,female,head/neck
ISIC_7509818,IL_2852064,clinical: close-up,Malignant,BCC,70.0,female,head/neck
ISIC_9351886,IL_2852064,dermoscopic,Malignant,BCC,70.0,female,head/neck
ISIC_4214316,IL_2854884,clinical: close-up,Benign,NV,45.0,male,lower extremity
ISIC_2471885,IL_2854884,dermoscopic,Benign,NV,45.0,male,lower extremity
ISIC_4176839,IL_2867550,clinical: close-up,Malignant,MEL,75.0,male,lower extremity
ISIC_5531874,IL_2867550,dermoscopic,Malignant,MEL,75.0,male,lower extremity
ISIC_3251490,IL_2868524,clinical: close-up,Malignant,BCC,70.0,male,
ISIC_6827974,IL_2868524,dermoscopic,Malignant,BCC,70.0,male,
ISIC_8410138,IL_2868879,clinical: close-up,Malignant,SCCKA,45.0,male,
ISIC_2319242,IL_2868879,dermoscopic,Malignant,SCCKA,45.0,male,
ISIC_9135081,IL_2869334,clinical: close-up,Benign,BKL,50.0,male,
ISIC_1832787,IL_2869334,dermoscopic,Benign,BKL,50.0,male,
ISIC_9535614,IL_2875724,clinical: close-up,Malignant,BCC,65.0,male,upper extremity
ISIC_5491732,IL_2875724,dermoscopic,Malignant,BCC,65.0,male,upper extremity
ISIC_3693749,IL_2875964,clinical: close-up,Malignant,BCC,55.0,male,head/neck
ISIC_1948728,IL_2875964,dermoscopic,Malignant,BCC,55.0,male,head/neck
ISIC_7457072,IL_2879625,clinical: close-up,Indeterminate,AKIEC,65.0,female,upper extremity
ISIC_3262566,IL_2879625,dermoscopic,Indeterminate,AKIEC,65.0,female,upper extremity
ISIC_6387236,IL_2885420,clinical: close-up,Malignant,MEL,70.0,male,head/neck
ISIC_0204323,IL_2885420,dermoscopic,Malignant,MEL,70.0,male,head/neck
ISIC_7588773,IL_2888041,clinical: close-up,Indeterminate,AKIEC,70.0,male,head/neck
ISIC_4865809,IL_2888041,dermoscopic,Indeterminate,AKIEC,70.0,male,head/neck
ISIC_5150740,IL_2888238,clinical: close-up,Malignant,BCC,65.0,female,lower extremity
ISIC_1631620,IL_2888238,dermoscopic,Malignant,BCC,65.0,female,lower extremity
ISIC_4957395,IL_2889999,clinical: close-up,Benign,BKL,65.0,male,upper extremity
ISIC_7103694,IL_2889999,dermoscopic,Benign,BKL,65.0,male,upper extremity
ISIC_6033345,IL_2894575,clinical: close-up,Indeterminate,AKIEC,40.0,female,head/neck
ISIC_8786035,IL_2894575,dermoscopic,Indeterminate,AKIEC,40.0,female,head/neck
ISIC_6031825,IL_2895594,clinical: close-up,Benign,VASC,30.0,female,upper extremity
ISIC_4642906,IL_2895594,dermoscopic,Benign,VASC,30.0,female,upper extremity
ISIC_7323450,IL_2897531,clinical: close-up,Malignant,BCC,65.0,male,lower extremity
ISIC_1667014,IL_2897531,dermoscopic,Malignant,BCC,65.0,male,lower extremity
ISIC_1085321,IL_2899704,clinical: close-up,Malignant,BCC,80.0,male,head/neck
ISIC_4887943,IL_2899704,dermoscopic,Malignant,BCC,80.0,male,head/neck
ISIC_2011736,IL_2900528,clinical: close-up,Malignant,BCC,30.0,male,
ISIC_1453805,IL_2900528,dermoscopic,Malignant,BCC,30.0,male,
ISIC_9382183,IL_2915335,clinical: close-up,Malignant,SCCKA,70.0,male,upper extremity
ISIC_7504526,IL_2915335,dermoscopic,Malignant,SCCKA,70.0,male,upper extremity
ISIC_4887914,IL_2918180,clinical: close-up,Malignant,BCC,50.0,male,lower extremity
ISIC_7782700,IL_2918180,dermoscopic,Malignant,BCC,50.0,male,lower extremity
ISIC_5082399,IL_2918897,clinical: close-up,Malignant,BCC,65.0,female,head/neck
ISIC_2353418,IL_2918897,dermoscopic,Malignant,BCC,65.0,female,head/neck
ISIC_2525661,IL_2921214,clinical: close-up,Benign,BKL,65.0,male,
ISIC_7555988,IL_2921214,dermoscopic,Benign,BKL,65.0,male,
ISIC_7051193,IL_2922462,clinical: close-up,Malignant,BCC,65.0,male,
ISIC_4542004,IL_2922462,dermoscopic,Malignant,BCC,65.0,male,
ISIC_5115393,IL_2925087,clinical: close-up,Malignant,AKIEC,60.0,male,
ISIC_3789914,IL_2925087,dermoscopic,Malignant,AKIEC,60.0,male,
ISIC_4700136,IL_2926353,clinical: close-up,Malignant,BCC,75.0,male,
ISIC_9796777,IL_2926353,dermoscopic,Malignant,BCC,75.0,male,
ISIC_9802963,IL_2929786,clinical: close-up,Malignant,SCCKA,85.0,male,head/neck
ISIC_9977374,IL_2929786,dermoscopic,Malignant,SCCKA,85.0,male,head/neck
ISIC_3970730,IL_2935658,clinical: close-up,Benign,NV,70.0,male,lower extremity
ISIC_6529674,IL_2935658,dermoscopic,Benign,NV,70.0,male,lower extremity
ISIC_4297088,IL_2943646,clinical: close-up,Malignant,BCC,35.0,female,
ISIC_7531601,IL_2943646,dermoscopic,Malignant,BCC,35.0,female,
ISIC_0443245,IL_2951837,clinical: close-up,Benign,NV,35.0,male,lower extremity
ISIC_0573471,IL_2951837,dermoscopic,Benign,NV,35.0,male,lower extremity
ISIC_4258900,IL_2955250,clinical: close-up,Malignant,BCC,70.0,male,
ISIC_3540431,IL_2955250,dermoscopic,Malignant,BCC,70.0,male,
ISIC_9116454,IL_2958247,clinical: close-up,Malignant,BCC,70.0,female,lower extremity
ISIC_3275271,IL_2958247,dermoscopic,Malignant,BCC,70.0,female,lower extremity
ISIC_5927575,IL_2958818,clinical: close-up,Malignant,BCC,65.0,female,upper extremity
ISIC_1308671,IL_2958818,dermoscopic,Malignant,BCC,65.0,female,upper extremity
ISIC_7227895,IL_2962175,clinical: close-up,Benign,VASC,45.0,female,
ISIC_8614567,IL_2962175,dermoscopic,Benign,VASC,45.0,female,
ISIC_9338271,IL_2965012,clinical: close-up,Malignant,BCC,75.0,male,
ISIC_2826846,IL_2965012,dermoscopic,Malignant,BCC,75.0,male,
ISIC_5494355,IL_2968556,clinical: close-up,Malignant,AKIEC,80.0,female,upper extremity
ISIC_1897923,IL_2968556,dermoscopic,Malignant,AKIEC,80.0,female,upper extremity
ISIC_6925418,IL_2972185,clinical: close-up,Malignant,MEL,75.0,male,lower extremity
ISIC_6819805,IL_2972185,dermoscopic,Malignant,MEL,75.0,male,lower extremity
ISIC_6142928,IL_2972569,clinical: close-up,Benign,DF,85.0,female,
ISIC_9719634,IL_2972569,dermoscopic,Benign,DF,85.0,female,
ISIC_5083462,IL_2980838,clinical: close-up,Benign,BKL,45.0,male,
ISIC_4646662,IL_2980838,dermoscopic,Benign,BKL,45.0,male,
ISIC_6245930,IL_2982870,clinical: close-up,Malignant,BCC,70.0,male,lower extremity
ISIC_8340872,IL_2982870,dermoscopic,Malignant,BCC,70.0,male,lower extremity
ISIC_6770901,IL_2983188,clinical: close-up,Malignant,BCC,65.0,female,
ISIC_7711626,IL_2983188,dermoscopic,Malignant,BCC,65.0,female,
ISIC_1376922,IL_2986546,clinical: close-up,Malignant,BCC,85.0,male,
ISIC_0197274,IL_2986546,dermoscopic,Malignant,BCC,85.0,male,
ISIC_2118149,IL_2989326,clinical: close-up,Malignant,MEL,60.0,male,
ISIC_8955200,IL_2989326,dermoscopic,Malignant,MEL,60.0,male,
ISIC_1152260,IL_2992485,clinical: close-up,Malignant,AKIEC,85.0,male,
ISIC_6320048,IL_2992485,dermoscopic,Malignant,AKIEC,85.0,male,
ISIC_1958975,IL_2994581,clinical: close-up,Malignant,BCC,55.0,male,head/neck
ISIC_6685680,IL_2994581,dermoscopic,Malignant,BCC,55.0,male,head/neck
ISIC_9019095,IL_2995561,clinical: close-up,Malignant,BCC,60.0,male,head/neck
ISIC_6303124,IL_2995561,dermoscopic,Malignant,BCC,60.0,male,head/neck
ISIC_9074070,IL_2996950,clinical: close-up,Malignant,SCCKA,80.0,male,lower extremity
ISIC_7044118,IL_2996950,dermoscopic,Malignant,SCCKA,80.0,male,lower extremity
ISIC_5681698,IL_2998977,clinical: close-up,Malignant,BCC,65.0,male,lower extremity
ISIC_7208631,IL_2998977,dermoscopic,Malignant,BCC,65.0,male,lower extremity
ISIC_8654948,IL_3003587,clinical: close-up,Malignant,MEL,45.0,female,
ISIC_9475776,IL_3003587,dermoscopic,Malignant,MEL,45.0,female,
ISIC_8167281,IL_3013731,clinical: close-up,Malignant,AKIEC,80.0,female,head/neck
ISIC_1616470,IL_3013731,dermoscopic,Malignant,AKIEC,80.0,female,head/neck
ISIC_9998927,IL_3017961,clinical: close-up,Malignant,BCC,75.0,female,
ISIC_1069722,IL_3017961,dermoscopic,Malignant,BCC,75.0,female,
ISIC_9176784,IL_3019343,clinical: close-up,Malignant,BCC,75.0,male,head/neck
ISIC_6423450,IL_3019343,dermoscopic,Malignant,BCC,75.0,male,head/neck
ISIC_1049145,IL_3020012,clinical: close-up,Malignant,MEL,30.0,female,upper extremity
ISIC_5452980,IL_3020012,dermoscopic,Malignant,MEL,30.0,female,upper extremity
ISIC_4474831,IL_3020505,clinical: close-up,Malignant,BCC,50.0,female,upper extremity
ISIC_4976629,IL_3020505,dermoscopic,Malignant,BCC,50.0,female,upper extremity
ISIC_5097850,IL_3023010,clinical: close-up,Malignant,MEL,55.0,male,
ISIC_7280473,IL_3023010,dermoscopic,Malignant,MEL,55.0,male,
ISIC_7392473,IL_3026387,clinical: close-up,Malignant,BCC,55.0,female,
ISIC_8599807,IL_3026387,dermoscopic,Malignant,BCC,55.0,female,
ISIC_1585394,IL_3032174,clinical: close-up,Benign,DF,60.0,male,
ISIC_7235569,IL_3032174,dermoscopic,Benign,DF,60.0,male,
ISIC_2583472,IL_3034019,clinical: close-up,Malignant,BCC,60.0,female,lower extremity
ISIC_1594291,IL_3034019,dermoscopic,Malignant,BCC,60.0,female,lower extremity
ISIC_2292844,IL_3035506,clinical: close-up,Benign,NV,10.0,female,head/neck
ISIC_6383216,IL_3035506,dermoscopic,Benign,NV,10.0,female,head/neck
ISIC_6450883,IL_3037585,clinical: close-up,Malignant,BCC,65.0,female,head/neck
ISIC_8787301,IL_3037585,dermoscopic,Malignant,BCC,65.0,female,head/neck
ISIC_2611090,IL_3038127,clinical: close-up,Malignant,BCC,60.0,female,
ISIC_3447417,IL_3038127,dermoscopic,Malignant,BCC,60.0,female,
ISIC_1856136,IL_3044771,clinical: close-up,Malignant,BCC,60.0,female,head/neck
ISIC_5826969,IL_3044771,dermoscopic,Malignant,BCC,60.0,female,head/neck
ISIC_2811259,IL_3044887,clinical: close-up,Benign,NV,35.0,female,lower extremity
ISIC_1655136,IL_3044887,dermoscopic,Benign,NV,35.0,female,lower extremity
ISIC_4245317,IL_3046914,clinical: close-up,Malignant,BCC,70.0,male,
ISIC_0387826,IL_3046914,dermoscopic,Malignant,BCC,70.0,male,
ISIC_6428982,IL_3048168,clinical: close-up,Malignant,BCC,55.0,male,head/neck
ISIC_1128748,IL_3048168,dermoscopic,Malignant,BCC,55.0,male,head/neck
ISIC_3255507,IL_3052148,clinical: close-up,Malignant,BCC,65.0,male,head/neck
ISIC_3163093,IL_3052148,dermoscopic,Malignant,BCC,65.0,male,head/neck
ISIC_5680223,IL_3052885,clinical: close-up,Benign,BKL,65.0,male,head/neck
ISIC_0165103,IL_3052885,dermoscopic,Benign,BKL,65.0,male,head/neck
ISIC_5770369,IL_3057922,clinical: close-up,Malignant,BCC,70.0,male,
ISIC_1170720,IL_3057922,dermoscopic,Malignant,BCC,70.0,male,
ISIC_9061574,IL_3058425,clinical: close-up,Malignant,MEL,75.0,male,
ISIC_8912166,IL_3058425,dermoscopic,Malignant,MEL,75.0,male,
ISIC_7977369,IL_3060691,clinical: close-up,Malignant,BCC,40.0,male,head/neck
ISIC_3357525,IL_3060691,dermoscopic,Malignant,BCC,40.0,male,head/neck
ISIC_3278222,IL_3060929,clinical: close-up,Benign,NV,35.0,female,lower extremity
ISIC_0831512,IL_3060929,dermoscopic,Benign,NV,35.0,female,lower extremity
ISIC_2314639,IL_3061699,clinical: close-up,Malignant,MEL,70.0,male,
ISIC_7150655,IL_3061699,dermoscopic,Malignant,MEL,70.0,male,
ISIC_4018932,IL_3065098,clinical: close-up,Malignant,BCC,65.0,male,head/neck
ISIC_1091566,IL_3065098,dermoscopic,Malignant,BCC,65.0,male,head/neck
ISIC_7417921,IL_3065371,clinical: close-up,Malignant,BCC,75.0,male,head/neck
ISIC_0371409,IL_3065371,dermoscopic,Malignant,BCC,75.0,male,head/neck
ISIC_2709383,IL_3065400,clinical: close-up,Malignant,MEL,70.0,male,
ISIC_5893703,IL_3065400,dermoscopic,Malignant,MEL,70.0,male,
ISIC_9651478,IL_3065625,clinical: close-up,Benign,NV,40.0,female,upper extremity
ISIC_7523078,IL_3065625,dermoscopic,Benign,NV,40.0,female,upper extremity
ISIC_9528430,IL_3067885,clinical: close-up,Benign,VASC,60.0,male,
ISIC_1996485,IL_3067885,dermoscopic,Benign,VASC,60.0,male,
ISIC_4979236,IL_3069196,clinical: close-up,Malignant,BCC,55.0,female,lower extremity
ISIC_5863762,IL_3069196,dermoscopic,Malignant,BCC,55.0,female,lower extremity
ISIC_4268847,IL_3069330,clinical: close-up,Malignant,BCC,60.0,male,
ISIC_9163561,IL_3069330,dermoscopic,Malignant,BCC,60.0,male,
ISIC_1637550,IL_3069610,clinical: close-up,Malignant,BCC,65.0,female,upper extremity
ISIC_0393134,IL_3069610,dermoscopic,Malignant,BCC,65.0,female,upper extremity
ISIC_3871156,IL_3077425,clinical: close-up,Benign,NV,35.0,male,
ISIC_6703202,IL_3077425,dermoscopic,Benign,NV,35.0,male,
ISIC_7541597,IL_3082465,clinical: close-up,Benign,BKL,45.0,male,
ISIC_9192620,IL_3082465,dermoscopic,Benign,BKL,45.0,male,
ISIC_0338923,IL_3082764,clinical: close-up,Benign,NV,20.0,female,
ISIC_2304241,IL_3082764,dermoscopic,Benign,NV,20.0,female,
ISIC_0391361,IL_3087558,clinical: close-up,Malignant,BCC,35.0,female,head/neck
ISIC_0895262,IL_3087558,dermoscopic,Malignant,BCC,35.0,female,head/neck
ISIC_4578129,IL_3089993,clinical: close-up,Benign,BKL,60.0,male,lower extremity
ISIC_8256353,IL_3089993,dermoscopic,Benign,BKL,60.0,male,lower extremity
ISIC_4079070,IL_3090203,clinical: close-up,Benign,BEN_OTH,60.0,male,head/neck
ISIC_3085694,IL_3090203,dermoscopic,Benign,BEN_OTH,60.0,male,head/neck
ISIC_5192894,IL_3096857,clinical: close-up,Malignant,BCC,65.0,female,
ISIC_3117423,IL_3096857,dermoscopic,Malignant,BCC,65.0,female,
ISIC_4926295,IL_3099616,clinical: close-up,Malignant,BCC,70.0,female,head/neck
ISIC_1171731,IL_3099616,dermoscopic,Malignant,BCC,70.0,female,head/neck
ISIC_4620895,IL_3104013,clinical: close-up,Malignant,BCC,55.0,male,
ISIC_5174728,IL_3104013,dermoscopic,Malignant,BCC,55.0,male,
ISIC_4628391,IL_3104790,clinical: close-up,Malignant,BCC,65.0,male,
ISIC_3750787,IL_3104790,dermoscopic,Malignant,BCC,65.0,male,
ISIC_6676782,IL_3115470,clinical: close-up,Malignant,SCCKA,80.0,female,lower extremity
ISIC_0946795,IL_3115470,dermoscopic,Malignant,SCCKA,80.0,female,lower extremity
ISIC_7789714,IL_3117847,clinical: close-up,Benign,NV,40.0,male,
ISIC_2977377,IL_3117847,dermoscopic,Benign,NV,40.0,male,
ISIC_5136915,IL_3122481,clinical: close-up,Malignant,BCC,60.0,male,
ISIC_0427331,IL_3122481,dermoscopic,Malignant,BCC,60.0,male,
ISIC_8197778,IL_3124756,clinical: close-up,Benign,VASC,70.0,male,
ISIC_4821214,IL_3124756,dermoscopic,Benign,VASC,70.0,male,
ISIC_5766012,IL_3133685,clinical: close-up,Benign,BKL,55.0,male,head/neck
ISIC_5152492,IL_3133685,dermoscopic,Benign,BKL,55.0,male,head/neck
ISIC_5289955,IL_3137166,clinical: close-up,Indeterminate,AKIEC,55.0,male,head/neck
ISIC_8446505,IL_3137166,dermoscopic,Indeterminate,AKIEC,55.0,male,head/neck
ISIC_8993296,IL_3138805,clinical: close-up,Malignant,SCCKA,60.0,male,upper extremity
ISIC_2993083,IL_3138805,dermoscopic,Malignant,SCCKA,60.0,male,upper extremity
ISIC_8616397,IL_3141578,clinical: close-up,Benign,NV,25.0,male,head/neck
ISIC_1468332,IL_3141578,dermoscopic,Benign,NV,25.0,male,head/neck
ISIC_7464024,IL_3143674,clinical: close-up,Malignant,BCC,35.0,male,head/neck
ISIC_9558332,IL_3143674,dermoscopic,Malignant,BCC,35.0,male,head/neck
ISIC_9529664,IL_3146700,clinical: close-up,Malignant,BCC,50.0,male,upper extremity
ISIC_9643914,IL_3146700,dermoscopic,Malignant,BCC,50.0,male,upper extremity
ISIC_9420912,IL_3146930,clinical: close-up,Malignant,BCC,55.0,male,
ISIC_3489676,IL_3146930,dermoscopic,Malignant,BCC,55.0,male,
ISIC_2026805,IL_3147043,clinical: close-up,Malignant,MEL,75.0,male,lower extremity
ISIC_2437084,IL_3147043,dermoscopic,Malignant,MEL,75.0,male,lower extremity
ISIC_9006317,IL_3148585,clinical: close-up,Benign,BKL,65.0,male,head/neck
ISIC_7563152,IL_3148585,dermoscopic,Benign,BKL,65.0,male,head/neck
ISIC_4161639,IL_3148978,clinical: close-up,Malignant,BCC,40.0,male,
ISIC_1495576,IL_3148978,dermoscopic,Malignant,BCC,40.0,male,
ISIC_2845349,IL_3151519,clinical: close-up,Malignant,MEL,55.0,male,
ISIC_7615926,IL_3151519,dermoscopic,Malignant,MEL,55.0,male,
ISIC_1537733,IL_3154330,clinical: close-up,Malignant,SCCKA,60.0,male,
ISIC_6623298,IL_3154330,dermoscopic,Malignant,SCCKA,60.0,male,
ISIC_7313587,IL_3154497,clinical: close-up,Malignant,BCC,70.0,male,
ISIC_7836451,IL_3154497,dermoscopic,Malignant,BCC,70.0,male,
ISIC_9508038,IL_3154586,clinical: close-up,Malignant,BCC,60.0,male,lower extremity
ISIC_9850235,IL_3154586,dermoscopic,Malignant,BCC,60.0,male,lower extremity
ISIC_6082679,IL_3156059,clinical: close-up,Malignant,MEL,80.0,male,upper extremity
ISIC_5513367,IL_3156059,dermoscopic,Malignant,MEL,80.0,male,upper extremity
ISIC_0373147,IL_3157570,clinical: close-up,Malignant,BCC,70.0,female,head/neck
ISIC_1940214,IL_3157570,dermoscopic,Malignant,BCC,70.0,female,head/neck
ISIC_5498605,IL_3157584,clinical: close-up,Malignant,MEL,70.0,male,
ISIC_6365981,IL_3157584,dermoscopic,Malignant,MEL,70.0,male,
ISIC_1520820,IL_3160431,clinical: close-up,Benign,NV,25.0,female,head/neck
ISIC_3673916,IL_3160431,dermoscopic,Benign,NV,25.0,female,head/neck
ISIC_3020708,IL_3161525,clinical: close-up,Malignant,BCC,80.0,female,lower extremity
ISIC_5841767,IL_3161525,dermoscopic,Malignant,BCC,80.0,female,lower extremity
ISIC_4156886,IL_3162928,clinical: close-up,Benign,NV,50.0,female,lower extremity
ISIC_8696381,IL_3162928,dermoscopic,Benign,NV,50.0,female,lower extremity
ISIC_4975719,IL_3170694,clinical: close-up,Malignant,SCCKA,50.0,male,head/neck
ISIC_1614480,IL_3170694,dermoscopic,Malignant,SCCKA,50.0,male,head/neck
ISIC_7321789,IL_3172829,clinical: close-up,Benign,BKL,70.0,male,
ISIC_7896796,IL_3172829,dermoscopic,Benign,BKL,70.0,male,
ISIC_3525463,IL_3176703,clinical: close-up,Malignant,BCC,50.0,female,lower extremity
ISIC_0601743,IL_3176703,dermoscopic,Malignant,BCC,50.0,female,lower extremity
ISIC_6957053,IL_3183232,clinical: close-up,Malignant,BCC,70.0,male,
ISIC_1683911,IL_3183232,dermoscopic,Malignant,BCC,70.0,male,
ISIC_5933216,IL_3186878,clinical: close-up,Benign,NV,35.0,female,head/neck
ISIC_3267363,IL_3186878,dermoscopic,Benign,NV,35.0,female,head/neck
ISIC_1535158,IL_3201374,clinical: close-up,Malignant,BCC,75.0,female,lower extremity
ISIC_9816264,IL_3201374,dermoscopic,Malignant,BCC,75.0,female,lower extremity
ISIC_2650378,IL_3204310,clinical: close-up,Malignant,MEL,45.0,female,lower extremity
ISIC_3594514,IL_3204310,dermoscopic,Malignant,MEL,45.0,female,lower extremity
ISIC_8287609,IL_3205474,clinical: close-up,Malignant,MEL,70.0,male,lower extremity
ISIC_9680458,IL_3205474,dermoscopic,Malignant,MEL,70.0,male,lower extremity
ISIC_8894733,IL_3205547,clinical: close-up,Benign,BKL,75.0,male,
ISIC_3794620,IL_3205547,dermoscopic,Benign,BKL,75.0,male,
ISIC_3785074,IL_3211477,clinical: close-up,Malignant,BCC,65.0,male,head/neck
ISIC_4470805,IL_3211477,dermoscopic,Malignant,BCC,65.0,male,head/neck
ISIC_1086483,IL_3212052,clinical: close-up,Benign,NV,75.0,male,lower extremity
ISIC_3831775,IL_3212052,dermoscopic,Benign,NV,75.0,male,lower extremity
ISIC_5043555,IL_3216305,clinical: close-up,Malignant,BCC,40.0,female,head/neck
ISIC_7501563,IL_3216305,dermoscopic,Malignant,BCC,40.0,female,head/neck
ISIC_9216543,IL_3221884,clinical: close-up,Malignant,BCC,50.0,male,lower extremity
ISIC_7467595,IL_3221884,dermoscopic,Malignant,BCC,50.0,male,lower extremity
ISIC_0891581,IL_3224912,clinical: close-up,Malignant,BCC,75.0,female,
ISIC_8715446,IL_3224912,dermoscopic,Malignant,BCC,75.0,female,
ISIC_1955839,IL_3225155,clinical: close-up,Benign,NV,85.0,male,
ISIC_6539281,IL_3225155,dermoscopic,Benign,NV,85.0,male,
ISIC_3004974,IL_3226127,clinical: close-up,Malignant,BCC,70.0,male,head/neck
ISIC_8816242,IL_3226127,dermoscopic,Malignant,BCC,70.0,male,head/neck
ISIC_5923799,IL_3230932,clinical: close-up,Malignant,BCC,70.0,female,lower extremity
ISIC_6999728,IL_3230932,dermoscopic,Malignant,BCC,70.0,female,lower extremity
ISIC_2584689,IL_3231660,clinical: close-up,Malignant,MEL,60.0,female,head/neck
ISIC_4296407,IL_3231660,dermoscopic,Malignant,MEL,60.0,female,head/neck
ISIC_8024416,IL_3233038,clinical: close-up,Malignant,MEL,75.0,male,head/neck
ISIC_4742379,IL_3233038,dermoscopic,Malignant,MEL,75.0,male,head/neck
ISIC_3357733,IL_3236143,clinical: close-up,Malignant,BCC,70.0,male,
ISIC_1701846,IL_3236143,dermoscopic,Malignant,BCC,70.0,male,
ISIC_9987344,IL_3236486,clinical: close-up,Malignant,MEL,60.0,female,lower extremity
ISIC_1285798,IL_3236486,dermoscopic,Malignant,MEL,60.0,female,lower extremity
ISIC_3002615,IL_3237726,clinical: close-up,Malignant,MEL,75.0,male,lower extremity
ISIC_8977223,IL_3237726,dermoscopic,Malignant,MEL,75.0,male,lower extremity
ISIC_9662237,IL_3239259,clinical: close-up,Indeterminate,AKIEC,70.0,female,head/neck
ISIC_8223664,IL_3239259,dermoscopic,Indeterminate,AKIEC,70.0,female,head/neck
ISIC_9846502,IL_3240124,clinical: close-up,Benign,BKL,75.0,male,
ISIC_2482447,IL_3240124,dermoscopic,Benign,BKL,75.0,male,
ISIC_8597919,IL_3242715,clinical: close-up,Malignant,BCC,75.0,male,
ISIC_2891509,IL_3242715,dermoscopic,Malignant,BCC,75.0,male,
ISIC_7762277,IL_3245331,clinical: close-up,Indeterminate,AKIEC,65.0,female,head/neck
ISIC_6886883,IL_3245331,dermoscopic,Indeterminate,AKIEC,65.0,female,head/neck
ISIC_3490874,IL_3248471,clinical: close-up,Malignant,BCC,70.0,female,
ISIC_1285909,IL_3248471,dermoscopic,Malignant,BCC,70.0,female,
ISIC_6579356,IL_3248533,clinical: close-up,Malignant,BCC,75.0,female,lower extremity
ISIC_9262459,IL_3248533,dermoscopic,Malignant,BCC,75.0,female,lower extremity
ISIC_7631509,IL_3249139,clinical: close-up,Malignant,MEL,25.0,male,
ISIC_3268800,IL_3249139,dermoscopic,Malignant,MEL,25.0,male,
ISIC_2755934,IL_3252153,clinical: close-up,Benign,VASC,70.0,male,upper extremity
ISIC_8190843,IL_3252153,dermoscopic,Benign,VASC,70.0,male,upper extremity
ISIC_2956882,IL_3252703,clinical: close-up,Malignant,MEL,60.0,male,
ISIC_9693456,IL_3252703,dermoscopic,Malignant,MEL,60.0,male,
ISIC_6823826,IL_3253177,clinical: close-up,Benign,NV,75.0,male,lower extremity
ISIC_9140116,IL_3253177,dermoscopic,Benign,NV,75.0,male,lower extremity
ISIC_9774070,IL_3256681,clinical: close-up,Malignant,BCC,85.0,female,head/neck
ISIC_8657995,IL_3256681,dermoscopic,Malignant,BCC,85.0,female,head/neck
ISIC_8935869,IL_3262094,clinical: close-up,Benign,BKL,60.0,male,lower extremity
ISIC_7379628,IL_3262094,dermoscopic,Benign,BKL,60.0,male,lower extremity
ISIC_4613280,IL_3263811,clinical: close-up,Malignant,BCC,50.0,male,upper extremity
ISIC_5447057,IL_3263811,dermoscopic,Malignant,BCC,50.0,male,upper extremity
ISIC_9147605,IL_3268494,clinical: close-up,Malignant,BCC,65.0,female,head/neck
ISIC_6588395,IL_3268494,dermoscopic,Malignant,BCC,65.0,female,head/neck
ISIC_9098662,IL_3271676,clinical: close-up,Malignant,BCC,50.0,male,head/neck
ISIC_5607642,IL_3271676,dermoscopic,Malignant,BCC,50.0,male,head/neck
ISIC_9296037,IL_3285087,clinical: close-up,Malignant,SCCKA,65.0,male,upper extremity
ISIC_7393792,IL_3285087,dermoscopic,Malignant,SCCKA,65.0,male,upper extremity
ISIC_6138743,IL_3286495,clinical: close-up,Malignant,BCC,75.0,male,lower extremity
ISIC_0695322,IL_3286495,dermoscopic,Malignant,BCC,75.0,male,lower extremity
ISIC_8414527,IL_3288060,clinical: close-up,Malignant,BCC,40.0,female,
ISIC_1505022,IL_3288060,dermoscopic,Malignant,BCC,40.0,female,
ISIC_1339166,IL_3289221,clinical: close-up,Malignant,AKIEC,50.0,female,upper extremity
ISIC_8327585,IL_3289221,dermoscopic,Malignant,AKIEC,50.0,female,upper extremity
ISIC_6061665,IL_3290322,clinical: close-up,Malignant,BCC,70.0,female,head/neck
ISIC_8704127,IL_3290322,dermoscopic,Malignant,BCC,70.0,female,head/neck
ISIC_6078993,IL_3292594,clinical: close-up,Benign,BKL,65.0,female,head/neck
ISIC_1545290,IL_3292594,dermoscopic,Benign,BKL,65.0,female,head/neck
ISIC_9285148,IL_3293897,clinical: close-up,Malignant,BCC,75.0,male,upper extremity
ISIC_3981911,IL_3293897,dermoscopic,Malignant,BCC,75.0,male,upper extremity
ISIC_7114135,IL_3295486,clinical: close-up,Benign,NV,45.0,male,head/neck
ISIC_0376752,IL_3295486,dermoscopic,Benign,NV,45.0,male,head/neck
ISIC_7358947,IL_3295826,clinical: close-up,Benign,BKL,75.0,female,lower extremity
ISIC_1215920,IL_3295826,dermoscopic,Benign,BKL,75.0,female,lower extremity
ISIC_4428215,IL_3296162,clinical: close-up,Malignant,SCCKA,75.0,female,head/neck
ISIC_4431113,IL_3296162,dermoscopic,Malignant,SCCKA,75.0,female,head/neck
ISIC_4924759,IL_3297767,clinical: close-up,Malignant,BCC,75.0,male,head/neck
ISIC_5053442,IL_3297767,dermoscopic,Malignant,BCC,75.0,male,head/neck
ISIC_9321127,IL_3299607,clinical: close-up,Malignant,BCC,70.0,male,head/neck
ISIC_2571626,IL_3299607,dermoscopic,Malignant,BCC,70.0,male,head/neck
ISIC_9457442,IL_3300322,clinical: close-up,Malignant,BCC,80.0,female,head/neck
ISIC_0612261,IL_3300322,dermoscopic,Malignant,BCC,80.0,female,head/neck
ISIC_5004150,IL_3301980,clinical: close-up,Malignant,BCC,70.0,female,upper extremity
ISIC_7206020,IL_3301980,dermoscopic,Malignant,BCC,70.0,female,upper extremity
ISIC_6761603,IL_3303536,clinical: close-up,Malignant,AKIEC,60.0,male,head/neck
ISIC_0445960,IL_3303536,dermoscopic,Malignant,AKIEC,60.0,male,head/neck
ISIC_4384446,IL_3303655,clinical: close-up,Malignant,BCC,50.0,female,
ISIC_8704436,IL_3303655,dermoscopic,Malignant,BCC,50.0,female,
ISIC_8210069,IL_3305378,clinical: close-up,Malignant,BCC,70.0,female,head/neck
ISIC_1606726,IL_3305378,dermoscopic,Malignant,BCC,70.0,female,head/neck
ISIC_7504717,IL_3307769,clinical: close-up,Malignant,SCCKA,70.0,male,
ISIC_9509837,IL_3307769,dermoscopic,Malignant,SCCKA,70.0,male,
ISIC_9067935,IL_3308348,clinical: close-up,Malignant,BCC,65.0,male,
ISIC_3917176,IL_3308348,dermoscopic,Malignant,BCC,65.0,male,
ISIC_9375501,IL_3310631,clinical: close-up,Malignant,BCC,50.0,male,lower extremity
ISIC_9286963,IL_3310631,dermoscopic,Malignant,BCC,50.0,male,lower extremity
ISIC_0785366,IL_3311502,clinical: close-up,Benign,INF,60.0,male,
ISIC_9101809,IL_3311502,dermoscopic,Benign,INF,60.0,male,
ISIC_8397636,IL_3312437,clinical: close-up,Benign,NV,65.0,male,
ISIC_7222742,IL_3312437,dermoscopic,Benign,NV,65.0,male,
ISIC_9311925,IL_3312566,clinical: close-up,Malignant,BCC,55.0,male,
ISIC_8079552,IL_3312566,dermoscopic,Malignant,BCC,55.0,male,
ISIC_3446517,IL_3314266,clinical: close-up,Benign,BKL,75.0,female,lower extremity
ISIC_6162564,IL_3314266,dermoscopic,Benign,BKL,75.0,female,lower extremity
ISIC_5128007,IL_3316446,clinical: close-up,Benign,BKL,55.0,female,
ISIC_8137954,IL_3316446,dermoscopic,Benign,BKL,55.0,female,
ISIC_9682195,IL_3316669,clinical: close-up,Malignant,BCC,55.0,male,
ISIC_1132361,IL_3316669,dermoscopic,Malignant,BCC,55.0,male,
ISIC_4597516,IL_3319164,clinical: close-up,Malignant,AKIEC,85.0,male,upper extremity
ISIC_3204093,IL_3319164,dermoscopic,Malignant,AKIEC,85.0,male,upper extremity
ISIC_7670015,IL_3323231,clinical: close-up,Malignant,MEL,55.0,male,
ISIC_1916169,IL_3323231,dermoscopic,Malignant,MEL,55.0,male,
ISIC_6958809,IL_3326001,clinical: close-up,Malignant,BCC,50.0,male,lower extremity
ISIC_0918357,IL_3326001,dermoscopic,Malignant,BCC,50.0,male,lower extremity
ISIC_1339797,IL_3327955,clinical: close-up,Benign,INF,45.0,female,head/neck
ISIC_6796955,IL_3327955,dermoscopic,Benign,INF,45.0,female,head/neck
ISIC_1915189,IL_3334554,clinical: close-up,Malignant,MEL,25.0,female,
ISIC_3336908,IL_3334554,dermoscopic,Malignant,MEL,25.0,female,
ISIC_0608754,IL_3335346,clinical: close-up,Indeterminate,AKIEC,75.0,male,head/neck
ISIC_9583399,IL_3335346,dermoscopic,Indeterminate,AKIEC,75.0,male,head/neck
ISIC_2870164,IL_3339713,clinical: close-up,Benign,NV,60.0,male,
ISIC_4278930,IL_3339713,dermoscopic,Benign,NV,60.0,male,
ISIC_1218465,IL_3340189,clinical: close-up,Malignant,BCC,70.0,female,upper extremity
ISIC_3967417,IL_3340189,dermoscopic,Malignant,BCC,70.0,female,upper extremity
ISIC_6555872,IL_3341397,clinical: close-up,Malignant,AKIEC,85.0,male,upper extremity
ISIC_0723926,IL_3341397,dermoscopic,Malignant,AKIEC,85.0,male,upper extremity
ISIC_4176987,IL_3347593,clinical: close-up,Malignant,BCC,65.0,female,
ISIC_3658823,IL_3347593,dermoscopic,Malignant,BCC,65.0,female,
ISIC_2923957,IL_3354355,clinical: close-up,Malignant,BCC,60.0,female,upper extremity
ISIC_3420236,IL_3354355,dermoscopic,Malignant,BCC,60.0,female,upper extremity
ISIC_4727154,IL_3355699,clinical: close-up,Malignant,MEL,70.0,female,head/neck
ISIC_1184775,IL_3355699,dermoscopic,Malignant,MEL,70.0,female,head/neck
ISIC_6175607,IL_3356147,clinical: close-up,Malignant,BCC,75.0,male,lower extremity
ISIC_9468404,IL_3356147,dermoscopic,Malignant,BCC,75.0,male,lower extremity
ISIC_7841785,IL_3357031,clinical: close-up,Malignant,BCC,55.0,male,
ISIC_0929356,IL_3357031,dermoscopic,Malignant,BCC,55.0,male,
ISIC_2963181,IL_3358821,clinical: close-up,Benign,BKL,40.0,male,head/neck
ISIC_8102692,IL_3358821,dermoscopic,Benign,BKL,40.0,male,head/neck
ISIC_9410557,IL_3360442,clinical: close-up,Malignant,BCC,60.0,male,
ISIC_8882107,IL_3360442,dermoscopic,Malignant,BCC,60.0,male,
ISIC_4815149,IL_3363042,clinical: close-up,Malignant,BCC,70.0,female,upper extremity
ISIC_6297552,IL_3363042,dermoscopic,Malignant,BCC,70.0,female,upper extremity
ISIC_4060718,IL_3364981,clinical: close-up,Malignant,MEL,60.0,female,
ISIC_7984223,IL_3364981,dermoscopic,Malignant,MEL,60.0,female,
ISIC_7364338,IL_3366115,clinical: close-up,Benign,BKL,65.0,male,lower extremity
ISIC_1393233,IL_3366115,dermoscopic,Benign,BKL,65.0,male,lower extremity
ISIC_7805529,IL_3368963,clinical: close-up,Malignant,BCC,25.0,male,upper extremity
ISIC_3361208,IL_3368963,dermoscopic,Malignant,BCC,25.0,male,upper extremity
ISIC_4093535,IL_3376861,clinical: close-up,Malignant,MEL,70.0,male,head/neck
ISIC_4478363,IL_3376861,dermoscopic,Malignant,MEL,70.0,male,head/neck
ISIC_4930751,IL_3377032,clinical: close-up,Benign,BKL,60.0,female,head/neck
ISIC_0896718,IL_3377032,dermoscopic,Benign,BKL,60.0,female,head/neck
ISIC_5840837,IL_3380076,clinical: close-up,Indeterminate,AKIEC,40.0,male,head/neck
ISIC_5820253,IL_3380076,dermoscopic,Indeterminate,AKIEC,40.0,male,head/neck
ISIC_3870717,IL_3382606,clinical: close-up,Malignant,SCCKA,70.0,male,head/neck
ISIC_8604662,IL_3382606,dermoscopic,Malignant,SCCKA,70.0,male,head/neck
ISIC_5062257,IL_3383259,clinical: close-up,Benign,NV,50.0,female,head/neck
ISIC_1064824,IL_3383259,dermoscopic,Benign,NV,50.0,female,head/neck
ISIC_3932303,IL_3392979,clinical: close-up,Benign,NV,10.0,male,
ISIC_4607582,IL_3392979,dermoscopic,Benign,NV,10.0,male,
ISIC_9166927,IL_3393264,clinical: close-up,Benign,NV,35.0,female,
ISIC_1182214,IL_3393264,dermoscopic,Benign,NV,35.0,female,
ISIC_6906298,IL_3397052,clinical: close-up,Malignant,MAL_OTH,60.0,male,
ISIC_0886687,IL_3397052,dermoscopic,Malignant,MAL_OTH,60.0,male,
ISIC_6841057,IL_3397274,clinical: close-up,Benign,BEN_OTH,85.0,male,head/neck
ISIC_9612761,IL_3397274,dermoscopic,Benign,BEN_OTH,85.0,male,head/neck
ISIC_3039458,IL_3398129,clinical: close-up,Malignant,BCC,85.0,male,head/neck
ISIC_5431278,IL_3398129,dermoscopic,Malignant,BCC,85.0,male,head/neck
ISIC_1053256,IL_3400406,clinical: close-up,Malignant,BCC,60.0,male,lower extremity
ISIC_5321479,IL_3400406,dermoscopic,Malignant,BCC,60.0,male,lower extremity
ISIC_6746042,IL_3400636,clinical: close-up,Benign,DF,50.0,male,lower extremity
ISIC_6943256,IL_3400636,dermoscopic,Benign,DF,50.0,male,lower extremity
ISIC_5930904,IL_3405101,clinical: close-up,Malignant,BCC,65.0,male,upper extremity
ISIC_9986730,IL_3405101,dermoscopic,Malignant,BCC,65.0,male,upper extremity
ISIC_0364345,IL_3405396,clinical: close-up,Malignant,MEL,75.0,male,
ISIC_3626191,IL_3405396,dermoscopic,Malignant,MEL,75.0,male,
ISIC_7522141,IL_3406268,clinical: close-up,Malignant,BCC,85.0,male,head/neck
ISIC_8868777,IL_3406268,dermoscopic,Malignant,BCC,85.0,male,head/neck
ISIC_0906598,IL_3415127,clinical: close-up,Malignant,BCC,70.0,female,head/neck
ISIC_9212173,IL_3415127,dermoscopic,Malignant,BCC,70.0,female,head/neck
ISIC_5378715,IL_3415556,clinical: close-up,Malignant,BCC,80.0,male,head/neck
ISIC_8558562,IL_3415556,dermoscopic,Malignant,BCC,80.0,male,head/neck
ISIC_1841456,IL_3420465,clinical: close-up,Benign,BKL,55.0,female,
ISIC_5745824,IL_3420465,dermoscopic,Benign,BKL,55.0,female,
ISIC_9625234,IL_3423821,clinical: close-up,Benign,NV,45.0,female,
ISIC_7201198,IL_3423821,dermoscopic,Benign,NV,45.0,female,
ISIC_9726153,IL_3423886,clinical: close-up,Malignant,BCC,65.0,male,head/neck
ISIC_8945348,IL_3423886,dermoscopic,Malignant,BCC,65.0,male,head/neck
ISIC_9304458,IL_3424519,clinical: close-up,Benign,NV,70.0,male,
ISIC_4028370,IL_3424519,dermoscopic,Benign,NV,70.0,male,
ISIC_8379217,IL_3435246,clinical: close-up,Benign,BKL,50.0,male,
ISIC_9144877,IL_3435246,dermoscopic,Benign,BKL,50.0,male,
ISIC_0146067,IL_3436686,clinical: close-up,Malignant,AKIEC,75.0,female,lower extremity
ISIC_5607559,IL_3436686,dermoscopic,Malignant,AKIEC,75.0,female,lower extremity
ISIC_8302244,IL_3439844,clinical: close-up,Benign,DF,65.0,male,upper extremity
ISIC_1342857,IL_3439844,dermoscopic,Benign,DF,65.0,male,upper extremity
ISIC_9696815,IL_3441650,clinical: close-up,Malignant,BCC,55.0,female,lower extremity
ISIC_2722338,IL_3441650,dermoscopic,Malignant,BCC,55.0,female,lower extremity
ISIC_9259846,IL_3450487,clinical: close-up,Malignant,SCCKA,75.0,male,lower extremity
ISIC_9571815,IL_3450487,dermoscopic,Malignant,SCCKA,75.0,male,lower extremity
ISIC_1897411,IL_3451729,clinical: close-up,Malignant,BCC,55.0,male,
ISIC_1927934,IL_3451729,dermoscopic,Malignant,BCC,55.0,male,
ISIC_4048377,IL_3452976,clinical: close-up,Malignant,BCC,85.0,male,lower extremity
ISIC_2689339,IL_3452976,dermoscopic,Malignant,BCC,85.0,male,lower extremity
ISIC_1841990,IL_3453159,clinical: close-up,Malignant,BCC,60.0,male,head/neck
ISIC_2747596,IL_3453159,dermoscopic,Malignant,BCC,60.0,male,head/neck
ISIC_6849103,IL_3453453,clinical: close-up,Malignant,BCC,60.0,female,head/neck
ISIC_9098981,IL_3453453,dermoscopic,Malignant,BCC,60.0,female,head/neck
ISIC_7137132,IL_3457214,clinical: close-up,Malignant,BCC,55.0,female,
ISIC_3088055,IL_3457214,dermoscopic,Malignant,BCC,55.0,female,
ISIC_1645642,IL_3460639,clinical: close-up,Benign,BKL,65.0,female,lower extremity
ISIC_0991616,IL_3460639,dermoscopic,Benign,BKL,65.0,female,lower extremity
ISIC_6499536,IL_3462420,clinical: close-up,Malignant,BCC,65.0,male,head/neck
ISIC_3733902,IL_3462420,dermoscopic,Malignant,BCC,65.0,male,head/neck
ISIC_3577401,IL_3464725,clinical: close-up,Malignant,BCC,60.0,male,
ISIC_8114137,IL_3464725,dermoscopic,Malignant,BCC,60.0,male,
ISIC_4839895,IL_3465975,clinical: close-up,Benign,NV,30.0,male,
ISIC_8366447,IL_3465975,dermoscopic,Benign,NV,30.0,male,
ISIC_4463461,IL_3471902,clinical: close-up,Malignant,MEL,55.0,male,
ISIC_0598073,IL_3471902,dermoscopic,Malignant,MEL,55.0,male,
ISIC_9925921,IL_3472357,clinical: close-up,Malignant,BCC,55.0,male,lower extremity
ISIC_7251638,IL_3472357,dermoscopic,Malignant,BCC,55.0,male,lower extremity
ISIC_0951585,IL_3472941,clinical: close-up,Benign,NV,5.0,male,
ISIC_1958859,IL_3472941,dermoscopic,Benign,NV,5.0,male,
ISIC_2788480,IL_3473944,clinical: close-up,Malignant,SCCKA,75.0,male,
ISIC_7951600,IL_3473944,dermoscopic,Malignant,SCCKA,75.0,male,
ISIC_4925748,IL_3475151,clinical: close-up,Benign,BKL,60.0,female,lower extremity
ISIC_9025095,IL_3475151,dermoscopic,Benign,BKL,60.0,female,lower extremity
ISIC_2837403,IL_3475152,clinical: close-up,Benign,BKL,65.0,female,
ISIC_2621619,IL_3475152,dermoscopic,Benign,BKL,65.0,female,
ISIC_2502243,IL_3477265,clinical: close-up,Malignant,BCC,70.0,female,head/neck
ISIC_8952365,IL_3477265,dermoscopic,Malignant,BCC,70.0,female,head/neck
ISIC_4756850,IL_3481443,clinical: close-up,Benign,BKL,55.0,male,
ISIC_4554893,IL_3481443,dermoscopic,Benign,BKL,55.0,male,
ISIC_8132785,IL_3482678,clinical: close-up,Malignant,SCCKA,70.0,male,lower extremity
ISIC_1845181,IL_3482678,dermoscopic,Malignant,SCCKA,70.0,male,lower extremity
ISIC_8366050,IL_3484417,clinical: close-up,Malignant,BCC,50.0,female,head/neck
ISIC_6469847,IL_3484417,dermoscopic,Malignant,BCC,50.0,female,head/neck
ISIC_0567766,IL_3484645,clinical: close-up,Indeterminate,AKIEC,75.0,male,head/neck
ISIC_9442868,IL_3484645,dermoscopic,Indeterminate,AKIEC,75.0,male,head/neck
ISIC_2593896,IL_3486066,clinical: close-up,Malignant,AKIEC,85.0,male,head/neck
ISIC_8446431,IL_3486066,dermoscopic,Malignant,AKIEC,85.0,male,head/neck
ISIC_7275427,IL_3487572,clinical: close-up,Malignant,SCCKA,85.0,male,head/neck
ISIC_2698174,IL_3487572,dermoscopic,Malignant,SCCKA,85.0,male,head/neck
ISIC_7431526,IL_3488332,clinical: close-up,Malignant,BCC,70.0,female,lower extremity
ISIC_5867806,IL_3488332,dermoscopic,Malignant,BCC,70.0,female,lower extremity
ISIC_3072729,IL_3488429,clinical: close-up,Malignant,BCC,65.0,male,head/neck
ISIC_9084000,IL_3488429,dermoscopic,Malignant,BCC,65.0,male,head/neck
ISIC_3688627,IL_3489580,clinical: close-up,Malignant,BCC,55.0,male,
ISIC_6254946,IL_3489580,dermoscopic,Malignant,BCC,55.0,male,
ISIC_0760456,IL_3492257,clinical: close-up,Malignant,BCC,55.0,female,
ISIC_1621625,IL_3492257,dermoscopic,Malignant,BCC,55.0,female,
ISIC_3763694,IL_3492716,clinical: close-up,Malignant,BCC,55.0,male,
ISIC_1424527,IL_3492716,dermoscopic,Malignant,BCC,55.0,male,
ISIC_5997631,IL_3499817,clinical: close-up,Malignant,BCC,65.0,female,upper extremity
ISIC_6651888,IL_3499817,dermoscopic,Malignant,BCC,65.0,female,upper extremity
ISIC_3244506,IL_3503825,clinical: close-up,Malignant,MEL,20.0,male,
ISIC_3587674,IL_3503825,dermoscopic,Malignant,MEL,20.0,male,
ISIC_4466925,IL_3511667,clinical: close-up,Benign,BKL,75.0,male,
ISIC_4329526,IL_3511667,dermoscopic,Benign,BKL,75.0,male,
ISIC_9747479,IL_3518780,clinical: close-up,Malignant,BCC,85.0,female,head/neck
ISIC_3313166,IL_3518780,dermoscopic,Malignant,BCC,85.0,female,head/neck
ISIC_2775686,IL_3518875,clinical: close-up,Malignant,BCC,60.0,male,lower extremity
ISIC_5566200,IL_3518875,dermoscopic,Malignant,BCC,60.0,male,lower extremity
ISIC_9843002,IL_3521617,clinical: close-up,Benign,NV,80.0,male,
ISIC_4180324,IL_3521617,dermoscopic,Benign,NV,80.0,male,
ISIC_9807651,IL_3527246,clinical: close-up,Malignant,BCC,85.0,female,head/neck
ISIC_0617272,IL_3527246,dermoscopic,Malignant,BCC,85.0,female,head/neck
ISIC_1772876,IL_3529171,clinical: close-up,Malignant,SCCKA,60.0,male,lower extremity
ISIC_2431538,IL_3529171,dermoscopic,Malignant,SCCKA,60.0,male,lower extremity
ISIC_6222747,IL_3529988,clinical: close-up,Malignant,BCC,55.0,male,head/neck
ISIC_9399207,IL_3529988,dermoscopic,Malignant,BCC,55.0,male,head/neck
ISIC_2025072,IL_3531098,clinical: close-up,Malignant,SCCKA,60.0,male,lower extremity
ISIC_7425508,IL_3531098,dermoscopic,Malignant,SCCKA,60.0,male,lower extremity
ISIC_3522468,IL_3532115,clinical: close-up,Benign,BKL,55.0,female,
ISIC_3425683,IL_3532115,dermoscopic,Benign,BKL,55.0,female,
ISIC_5324767,IL_3541030,clinical: close-up,Benign,NV,15.0,female,
ISIC_6447813,IL_3541030,dermoscopic,Benign,NV,15.0,female,
ISIC_7801659,IL_3542015,clinical: close-up,Malignant,SCCKA,80.0,male,head/neck
ISIC_2273572,IL_3542015,dermoscopic,Malignant,SCCKA,80.0,male,head/neck
ISIC_1751525,IL_3544238,clinical: close-up,Benign,NV,35.0,female,
ISIC_1010358,IL_3544238,dermoscopic,Benign,NV,35.0,female,
ISIC_4574908,IL_3545610,clinical: close-up,Malignant,AKIEC,75.0,male,head/neck
ISIC_1163119,IL_3545610,dermoscopic,Malignant,AKIEC,75.0,male,head/neck
ISIC_4835287,IL_3546806,clinical: close-up,Malignant,BCC,50.0,male,
ISIC_6347418,IL_3546806,dermoscopic,Malignant,BCC,50.0,male,
ISIC_0366902,IL_3547221,clinical: close-up,Benign,BKL,80.0,female,upper extremity
ISIC_2258930,IL_3547221,dermoscopic,Benign,BKL,80.0,female,upper extremity
ISIC_4531147,IL_3550428,clinical: close-up,Malignant,BCC,55.0,female,lower extremity
ISIC_3344319,IL_3550428,dermoscopic,Malignant,BCC,55.0,female,lower extremity
ISIC_6168958,IL_3551061,clinical: close-up,Malignant,BCC,50.0,female,
ISIC_5715959,IL_3551061,dermoscopic,Malignant,BCC,50.0,female,
ISIC_4967282,IL_3553236,clinical: close-up,Malignant,MEL,40.0,female,head/neck
ISIC_7785676,IL_3553236,dermoscopic,Malignant,MEL,40.0,female,head/neck
ISIC_3327886,IL_3558954,clinical: close-up,Malignant,BCC,65.0,female,lower extremity
ISIC_8251827,IL_3558954,dermoscopic,Malignant,BCC,65.0,female,lower extremity
ISIC_7485509,IL_3559372,clinical: close-up,Malignant,BCC,60.0,female,upper extremity
ISIC_1484276,IL_3559372,dermoscopic,Malignant,BCC,60.0,female,upper extremity
ISIC_3765070,IL_3560124,clinical: close-up,Benign,NV,40.0,male,
ISIC_7841088,IL_3560124,dermoscopic,Benign,NV,40.0,male,
ISIC_3694172,IL_3562985,clinical: close-up,Malignant,SCCKA,60.0,male,lower extremity
ISIC_7206801,IL_3562985,dermoscopic,Malignant,SCCKA,60.0,male,lower extremity
ISIC_2997062,IL_3565320,clinical: close-up,Malignant,MEL,50.0,male,lower extremity
ISIC_2753382,IL_3565320,dermoscopic,Malignant,MEL,50.0,male,lower extremity
ISIC_1883913,IL_3566377,clinical: close-up,Benign,BKL,75.0,female,head/neck
ISIC_9893445,IL_3566377,dermoscopic,Benign,BKL,75.0,female,head/neck
ISIC_8678580,IL_3566495,clinical: close-up,Malignant,BCC,55.0,male,
ISIC_5517500,IL_3566495,dermoscopic,Malignant,BCC,55.0,male,
ISIC_8387069,IL_3568904,clinical: close-up,Malignant,BCC,70.0,female,
ISIC_3045387,IL_3568904,dermoscopic,Malignant,BCC,70.0,female,
ISIC_3209100,IL_3569570,clinical: close-up,Malignant,BCC,65.0,male,
ISIC_5246161,IL_3569570,dermoscopic,Malignant,BCC,65.0,male,
ISIC_6218940,IL_3570537,clinical: close-up,Indeterminate,AKIEC,65.0,male,head/neck
ISIC_3343865,IL_3570537,dermoscopic,Indeterminate,AKIEC,65.0,male,head/neck
ISIC_8930739,IL_3574782,clinical: close-up,Malignant,BCC,65.0,male,
ISIC_0892888,IL_3574782,dermoscopic,Malignant,BCC,65.0,male,
ISIC_2841434,IL_3576180,clinical: close-up,Benign,NV,35.0,female,
ISIC_8559278,IL_3576180,dermoscopic,Benign,NV,35.0,female,
ISIC_3302639,IL_3576775,clinical: close-up,Malignant,BCC,80.0,male,head/neck
ISIC_3456998,IL_3576775,dermoscopic,Malignant,BCC,80.0,male,head/neck
ISIC_3156175,IL_3577604,clinical: close-up,Malignant,BCC,65.0,male,
ISIC_4072524,IL_3577604,dermoscopic,Malignant,BCC,65.0,male,
ISIC_4170754,IL_3580495,clinical: close-up,Benign,BKL,60.0,male,
ISIC_9815182,IL_3580495,dermoscopic,Benign,BKL,60.0,male,
ISIC_2770547,IL_3581501,clinical: close-up,Malignant,BCC,50.0,male,upper extremity
ISIC_1385452,IL_3581501,dermoscopic,Malignant,BCC,50.0,male,upper extremity
ISIC_7872929,IL_3581792,clinical: close-up,Malignant,BCC,50.0,male,head/neck
ISIC_1580681,IL_3581792,dermoscopic,Malignant,BCC,50.0,male,head/neck
ISIC_0886120,IL_3582002,clinical: close-up,Malignant,AKIEC,65.0,female,upper extremity
ISIC_0199124,IL_3582002,dermoscopic,Malignant,AKIEC,65.0,female,upper extremity
ISIC_1110074,IL_3593034,clinical: close-up,Malignant,BCC,80.0,male,
ISIC_1509648,IL_3593034,dermoscopic,Malignant,BCC,80.0,male,
ISIC_2734876,IL_3596093,clinical: close-up,Malignant,BCC,65.0,male,
ISIC_8385396,IL_3596093,dermoscopic,Malignant,BCC,65.0,male,
ISIC_8737266,IL_3599866,clinical: close-up,Benign,BKL,75.0,male,
ISIC_6638374,IL_3599866,dermoscopic,Benign,BKL,75.0,male,
ISIC_9886316,IL_3600941,clinical: close-up,Malignant,BCC,60.0,female,upper extremity
ISIC_2950662,IL_3600941,dermoscopic,Malignant,BCC,60.0,female,upper extremity
ISIC_7304468,IL_3603601,clinical: close-up,Indeterminate,AKIEC,80.0,female,head/neck
ISIC_5745120,IL_3603601,dermoscopic,Indeterminate,AKIEC,80.0,female,head/neck
ISIC_9255011,IL_3605485,clinical: close-up,Malignant,AKIEC,65.0,female,head/neck
ISIC_5466448,IL_3605485,dermoscopic,Malignant,AKIEC,65.0,female,head/neck
ISIC_5999967,IL_3608971,clinical: close-up,Malignant,BCC,55.0,male,
ISIC_2916022,IL_3608971,dermoscopic,Malignant,BCC,55.0,male,
ISIC_4065190,IL_3609396,clinical: close-up,Malignant,BCC,45.0,male,
ISIC_6822533,IL_3609396,dermoscopic,Malignant,BCC,45.0,male,
ISIC_6050192,IL_3609983,clinical: close-up,Benign,NV,50.0,female,
ISIC_1009475,IL_3609983,dermoscopic,Benign,NV,50.0,female,
ISIC_9251635,IL_3615210,clinical: close-up,Malignant,BCC,55.0,male,
ISIC_8904388,IL_3615210,dermoscopic,Malignant,BCC,55.0,male,
ISIC_4973067,IL_3615329,clinical: close-up,Malignant,BCC,75.0,male,
ISIC_6952812,IL_3615329,dermoscopic,Malignant,BCC,75.0,male,
ISIC_0428185,IL_3625666,clinical: close-up,Malignant,MEL,80.0,female,
ISIC_6195452,IL_3625666,dermoscopic,Malignant,MEL,80.0,female,
ISIC_9985358,IL_3631191,clinical: close-up,Benign,NV,45.0,female,
ISIC_5903611,IL_3631191,dermoscopic,Benign,NV,45.0,female,
ISIC_1576697,IL_3634935,clinical: close-up,Benign,NV,50.0,male,
ISIC_6332308,IL_3634935,dermoscopic,Benign,NV,50.0,male,
ISIC_9543736,IL_3635889,clinical: close-up,Malignant,BCC,70.0,male,upper extremity
ISIC_8614640,IL_3635889,dermoscopic,Malignant,BCC,70.0,male,upper extremity
ISIC_7403204,IL_3636394,clinical: close-up,Malignant,MEL,45.0,female,lower extremity
ISIC_6954063,IL_3636394,dermoscopic,Malignant,MEL,45.0,female,lower extremity
ISIC_0323945,IL_3638399,clinical: close-up,Benign,BKL,70.0,female,
ISIC_3822722,IL_3638399,dermoscopic,Benign,BKL,70.0,female,
ISIC_0426130,IL_3640524,clinical: close-up,Benign,NV,65.0,female,head/neck
ISIC_9297268,IL_3640524,dermoscopic,Benign,NV,65.0,female,head/neck
ISIC_1568395,IL_3644739,clinical: close-up,Benign,NV,85.0,male,
ISIC_2861892,IL_3644739,dermoscopic,Benign,NV,85.0,male,
ISIC_7911836,IL_3650065,clinical: close-up,Benign,INF,65.0,male,head/neck
ISIC_1276590,IL_3650065,dermoscopic,Benign,INF,65.0,male,head/neck
ISIC_2889500,IL_3656714,clinical: close-up,Malignant,BCC,85.0,male,
ISIC_7983538,IL_3656714,dermoscopic,Malignant,BCC,85.0,male,
ISIC_0155115,IL_3658714,clinical: close-up,Benign,NV,75.0,male,lower extremity
ISIC_5089532,IL_3658714,dermoscopic,Benign,NV,75.0,male,lower extremity
ISIC_3297304,IL_3660517,clinical: close-up,Malignant,BCC,85.0,male,head/neck
ISIC_3788562,IL_3660517,dermoscopic,Malignant,BCC,85.0,male,head/neck
ISIC_6112801,IL_3660671,clinical: close-up,Malignant,BCC,70.0,male,head/neck
ISIC_4155558,IL_3660671,dermoscopic,Malignant,BCC,70.0,male,head/neck
ISIC_1399132,IL_3663499,clinical: close-up,Malignant,BCC,70.0,male,
ISIC_8951479,IL_3663499,dermoscopic,Malignant,BCC,70.0,male,
ISIC_5564663,IL_3664176,clinical: close-up,Malignant,BCC,60.0,male,
ISIC_0625197,IL_3664176,dermoscopic,Malignant,BCC,60.0,male,
ISIC_3316082,IL_3668497,clinical: close-up,Benign,NV,30.0,male,
ISIC_2498820,IL_3668497,dermoscopic,Benign,NV,30.0,male,
ISIC_3100024,IL_3673617,clinical: close-up,Malignant,BCC,75.0,male,head/neck
ISIC_3846256,IL_3673617,dermoscopic,Malignant,BCC,75.0,male,head/neck
ISIC_2772400,IL_3673885,clinical: close-up,Malignant,BCC,75.0,male,
ISIC_9896110,IL_3673885,dermoscopic,Malignant,BCC,75.0,male,
ISIC_5846378,IL_3677701,clinical: close-up,Malignant,AKIEC,70.0,female,lower extremity
ISIC_4310441,IL_3677701,dermoscopic,Malignant,AKIEC,70.0,female,lower extremity
ISIC_3581694,IL_3681350,clinical: close-up,Malignant,BCC,70.0,male,lower extremity
ISIC_4019827,IL_3681350,dermoscopic,Malignant,BCC,70.0,male,lower extremity
ISIC_8479393,IL_3686069,clinical: close-up,Benign,NV,60.0,female,lower extremity
ISIC_2061756,IL_3686069,dermoscopic,Benign,NV,60.0,female,lower extremity
ISIC_7058677,IL_3687151,clinical: close-up,Malignant,BCC,70.0,male,
ISIC_5787263,IL_3687151,dermoscopic,Malignant,BCC,70.0,male,
ISIC_2685248,IL_3702520,clinical: close-up,Malignant,BCC,65.0,female,
ISIC_5795242,IL_3702520,dermoscopic,Malignant,BCC,65.0,female,
ISIC_6681430,IL_3703578,clinical: close-up,Indeterminate,AKIEC,55.0,male,upper extremity
ISIC_3633147,IL_3703578,dermoscopic,Indeterminate,AKIEC,55.0,male,upper extremity
ISIC_8615408,IL_3705242,clinical: close-up,Malignant,BCC,75.0,female,lower extremity
ISIC_6936754,IL_3705242,dermoscopic,Malignant,BCC,75.0,female,lower extremity
ISIC_0870426,IL_3709940,clinical: close-up,Malignant,MEL,55.0,male,
ISIC_1151059,IL_3709940,dermoscopic,Malignant,MEL,55.0,male,
ISIC_3114974,IL_3711710,clinical: close-up,Malignant,BCC,60.0,male,upper extremity
ISIC_5169938,IL_3711710,dermoscopic,Malignant,BCC,60.0,male,upper extremity
ISIC_6667520,IL_3711784,clinical: close-up,Malignant,BCC,50.0,female,
ISIC_1170330,IL_3711784,dermoscopic,Malignant,BCC,50.0,female,
ISIC_8626292,IL_3715792,clinical: close-up,Benign,NV,55.0,male,
ISIC_3539413,IL_3715792,dermoscopic,Benign,NV,55.0,male,
ISIC_9614578,IL_3719670,clinical: close-up,Malignant,SCCKA,60.0,male,head/neck
ISIC_5469861,IL_3719670,dermoscopic,Malignant,SCCKA,60.0,male,head/neck
ISIC_4682172,IL_3720458,clinical: close-up,Malignant,MEL,50.0,male,
ISIC_1006756,IL_3720458,dermoscopic,Malignant,MEL,50.0,male,
ISIC_1679242,IL_3721335,clinical: close-up,Benign,VASC,45.0,female,lower extremity
ISIC_7812484,IL_3721335,dermoscopic,Benign,VASC,45.0,female,lower extremity
ISIC_7522059,IL_3730515,clinical: close-up,Malignant,BCC,75.0,male,head/neck
ISIC_1386430,IL_3730515,dermoscopic,Malignant,BCC,75.0,male,head/neck
ISIC_2013889,IL_3732140,clinical: close-up,Malignant,BCC,55.0,male,
ISIC_4889822,IL_3732140,dermoscopic,Malignant,BCC,55.0,male,
ISIC_6670414,IL_3732143,clinical: close-up,Malignant,BCC,85.0,female,
ISIC_1595205,IL_3732143,dermoscopic,Malignant,BCC,85.0,female,
ISIC_5440611,IL_3734319,clinical: close-up,Malignant,BCC,65.0,female,head/neck
ISIC_5185588,IL_3734319,dermoscopic,Malignant,BCC,65.0,female,head/neck
ISIC_6404972,IL_3738052,clinical: close-up,Benign,BEN_OTH,75.0,male,
ISIC_0644224,IL_3738052,dermoscopic,Benign,BEN_OTH,75.0,male,
ISIC_7992749,IL_3742523,clinical: close-up,Malignant,SCCKA,80.0,female,upper extremity
ISIC_4710855,IL_3742523,dermoscopic,Malignant,SCCKA,80.0,female,upper extremity
ISIC_0254794,IL_3744094,clinical: close-up,Benign,VASC,70.0,female,upper extremity
ISIC_5070221,IL_3744094,dermoscopic,Benign,VASC,70.0,female,upper extremity
ISIC_8483821,IL_3749738,clinical: close-up,Benign,BKL,75.0,male,lower extremity
ISIC_9713038,IL_3749738,dermoscopic,Benign,BKL,75.0,male,lower extremity
ISIC_2288878,IL_3752602,clinical: close-up,Malignant,BCC,60.0,female,head/neck
ISIC_9316861,IL_3752602,dermoscopic,Malignant,BCC,60.0,female,head/neck
ISIC_3945964,IL_3758218,clinical: close-up,Malignant,BCC,60.0,female,upper extremity
ISIC_1901212,IL_3758218,dermoscopic,Malignant,BCC,60.0,female,upper extremity
ISIC_9998198,IL_3766346,clinical: close-up,Benign,NV,55.0,male,upper extremity
ISIC_7603703,IL_3766346,dermoscopic,Benign,NV,55.0,male,upper extremity
ISIC_4347782,IL_3767743,clinical: close-up,Malignant,BCC,65.0,female,upper extremity
ISIC_4325233,IL_3767743,dermoscopic,Malignant,BCC,65.0,female,upper extremity
ISIC_3305380,IL_3767915,clinical: close-up,Malignant,BCC,60.0,female,lower extremity
ISIC_4049057,IL_3767915,dermoscopic,Malignant,BCC,60.0,female,lower extremity
ISIC_1012687,IL_3767932,clinical: close-up,Benign,NV,45.0,male,
ISIC_8972926,IL_3767932,dermoscopic,Benign,NV,45.0,male,
ISIC_9426683,IL_3772010,clinical: close-up,Malignant,MAL_OTH,75.0,male,
ISIC_7194453,IL_3772010,dermoscopic,Malignant,MAL_OTH,75.0,male,
ISIC_5671011,IL_3772647,clinical: close-up,Malignant,BCC,80.0,female,
ISIC_1028789,IL_3772647,dermoscopic,Malignant,BCC,80.0,female,
ISIC_3277520,IL_3772690,clinical: close-up,Malignant,SCCKA,65.0,female,lower extremity
ISIC_0725065,IL_3772690,dermoscopic,Malignant,SCCKA,65.0,female,lower extremity
ISIC_0261218,IL_3774804,clinical: close-up,Malignant,SCCKA,60.0,female,upper extremity
ISIC_9026951,IL_3774804,dermoscopic,Malignant,SCCKA,60.0,female,upper extremity
ISIC_7250021,IL_3778802,clinical: close-up,Benign,NV,50.0,male,lower extremity
ISIC_6973783,IL_3778802,dermoscopic,Benign,NV,50.0,male,lower extremity
ISIC_1710948,IL_3787537,clinical: close-up,Malignant,BCC,80.0,male,
ISIC_9987696,IL_3787537,dermoscopic,Malignant,BCC,80.0,male,
ISIC_3356311,IL_3794416,clinical: close-up,Malignant,BCC,75.0,male,
ISIC_6775433,IL_3794416,dermoscopic,Malignant,BCC,75.0,male,
ISIC_6564259,IL_3800728,clinical: close-up,Malignant,BCC,55.0,male,head/neck
ISIC_1830722,IL_3800728,dermoscopic,Malignant,BCC,55.0,male,head/neck
ISIC_9045023,IL_3806100,clinical: close-up,Malignant,SCCKA,65.0,female,head/neck
ISIC_4735258,IL_3806100,dermoscopic,Malignant,SCCKA,65.0,female,head/neck
ISIC_9596637,IL_3807651,clinical: close-up,Malignant,BCC,50.0,female,
ISIC_6875256,IL_3807651,dermoscopic,Malignant,BCC,50.0,female,
ISIC_9059079,IL_3809267,clinical: close-up,Malignant,MEL,30.0,female,upper extremity
ISIC_3197211,IL_3809267,dermoscopic,Malignant,MEL,30.0,female,upper extremity
ISIC_7882189,IL_3812776,clinical: close-up,Malignant,BCC,35.0,male,head/neck
ISIC_4291049,IL_3812776,dermoscopic,Malignant,BCC,35.0,male,head/neck
ISIC_9850344,IL_3812964,clinical: close-up,Benign,NV,30.0,female,lower extremity
ISIC_1472934,IL_3812964,dermoscopic,Benign,NV,30.0,female,lower extremity
ISIC_0595350,IL_3817473,clinical: close-up,Benign,NV,20.0,female,
ISIC_8690116,IL_3817473,dermoscopic,Benign,NV,20.0,female,
ISIC_8672327,IL_3818681,clinical: close-up,Malignant,SCCKA,70.0,male,head/neck
ISIC_2031105,IL_3818681,dermoscopic,Malignant,SCCKA,70.0,male,head/neck
ISIC_0661874,IL_3819461,clinical: close-up,Malignant,BCC,55.0,male,
ISIC_7997862,IL_3819461,dermoscopic,Malignant,BCC,55.0,male,
ISIC_2839422,IL_3824420,clinical: close-up,Benign,NV,35.0,male,
ISIC_3515780,IL_3824420,dermoscopic,Benign,NV,35.0,male,
ISIC_5737122,IL_3826900,clinical: close-up,Malignant,BCC,50.0,female,
ISIC_5638800,IL_3826900,dermoscopic,Malignant,BCC,50.0,female,
ISIC_5084418,IL_3829109,clinical: close-up,Benign,NV,45.0,male,
ISIC_6583245,IL_3829109,dermoscopic,Benign,NV,45.0,male,
ISIC_7200189,IL_3830097,clinical: close-up,Malignant,BCC,85.0,male,head/neck
ISIC_6435462,IL_3830097,dermoscopic,Malignant,BCC,85.0,male,head/neck
ISIC_3977951,IL_3836672,clinical: close-up,Malignant,MEL,55.0,male,head/neck
ISIC_4482349,IL_3836672,dermoscopic,Malignant,MEL,55.0,male,head/neck
ISIC_3589795,IL_3836754,clinical: close-up,Malignant,BCC,75.0,female,lower extremity
ISIC_4596353,IL_3836754,dermoscopic,Malignant,BCC,75.0,female,lower extremity
ISIC_7819570,IL_3839366,clinical: close-up,Malignant,BCC,70.0,male,head/neck
ISIC_1746893,IL_3839366,dermoscopic,Malignant,BCC,70.0,male,head/neck
ISIC_2626121,IL_3847585,clinical: close-up,Benign,BKL,85.0,male,
ISIC_1739633,IL_3847585,dermoscopic,Benign,BKL,85.0,male,
ISIC_4549707,IL_3850759,clinical: close-up,Malignant,BCC,60.0,male,lower extremity
ISIC_4608930,IL_3850759,dermoscopic,Malignant,BCC,60.0,male,lower extremity
ISIC_8997026,IL_3852871,clinical: close-up,Benign,NV,35.0,female,
ISIC_3861361,IL_3852871,dermoscopic,Benign,NV,35.0,female,
ISIC_8597782,IL_3855783,clinical: close-up,Malignant,BCC,75.0,female,lower extremity
ISIC_8096488,IL_3855783,dermoscopic,Malignant,BCC,75.0,female,lower extremity
ISIC_9892393,IL_3860000,clinical: close-up,Benign,BKL,85.0,male,
ISIC_4380499,IL_3860000,dermoscopic,Benign,BKL,85.0,male,
ISIC_0428450,IL_3861295,clinical: close-up,Benign,DF,55.0,female,upper extremity
ISIC_6043617,IL_3861295,dermoscopic,Benign,DF,55.0,female,upper extremity
ISIC_8247705,IL_3871649,clinical: close-up,Benign,NV,35.0,female,
ISIC_1441039,IL_3871649,dermoscopic,Benign,NV,35.0,female,
ISIC_2235964,IL_3876591,clinical: close-up,Malignant,BCC,40.0,female,head/neck
ISIC_7370552,IL_3876591,dermoscopic,Malignant,BCC,40.0,female,head/neck
ISIC_7319337,IL_3879916,clinical: close-up,Malignant,AKIEC,70.0,male,lower extremity
ISIC_8120902,IL_3879916,dermoscopic,Malignant,AKIEC,70.0,male,lower extremity
ISIC_7834236,IL_3883867,clinical: close-up,Benign,NV,60.0,female,head/neck
ISIC_4927149,IL_3883867,dermoscopic,Benign,NV,60.0,female,head/neck
ISIC_7533028,IL_3884750,clinical: close-up,Malignant,BCC,50.0,male,
ISIC_9426065,IL_3884750,dermoscopic,Malignant,BCC,50.0,male,
ISIC_9073117,IL_3884933,clinical: close-up,Malignant,BCC,45.0,male,head/neck
ISIC_2914456,IL_3884933,dermoscopic,Malignant,BCC,45.0,male,head/neck
ISIC_7607421,IL_3887392,clinical: close-up,Malignant,BCC,70.0,male,head/neck
ISIC_7169372,IL_3887392,dermoscopic,Malignant,BCC,70.0,male,head/neck
ISIC_5208838,IL_3892342,clinical: close-up,Malignant,BCC,75.0,female,head/neck
ISIC_3420179,IL_3892342,dermoscopic,Malignant,BCC,75.0,female,head/neck
ISIC_6984049,IL_3892399,clinical: close-up,Malignant,BCC,65.0,female,head/neck
ISIC_2175811,IL_3892399,dermoscopic,Malignant,BCC,65.0,female,head/neck
ISIC_5343449,IL_3893799,clinical: close-up,Malignant,SCCKA,80.0,female,
ISIC_2093474,IL_3893799,dermoscopic,Malignant,SCCKA,80.0,female,
ISIC_9636152,IL_3895392,clinical: close-up,Malignant,SCCKA,60.0,male,lower extremity
ISIC_6467881,IL_3895392,dermoscopic,Malignant,SCCKA,60.0,male,lower extremity
ISIC_0103091,IL_3897948,clinical: close-up,Malignant,BCC,65.0,female,
ISIC_2146381,IL_3897948,dermoscopic,Malignant,BCC,65.0,female,
ISIC_4026962,IL_3899436,clinical: close-up,Malignant,BCC,65.0,female,
ISIC_8793718,IL_3899436,dermoscopic,Malignant,BCC,65.0,female,
ISIC_6824445,IL_3906452,clinical: close-up,Malignant,MEL,75.0,male,
ISIC_0553265,IL_3906452,dermoscopic,Malignant,MEL,75.0,male,
ISIC_2001011,IL_3907466,clinical: close-up,Malignant,BCC,50.0,male,
ISIC_2205154,IL_3907466,dermoscopic,Malignant,BCC,50.0,male,
ISIC_5238772,IL_3910210,clinical: close-up,Benign,NV,25.0,female,lower extremity
ISIC_5981777,IL_3910210,dermoscopic,Benign,NV,25.0,female,lower extremity
ISIC_9173896,IL_3914396,clinical: close-up,Malignant,BCC,70.0,female,lower extremity
ISIC_8068926,IL_3914396,dermoscopic,Malignant,BCC,70.0,female,lower extremity
ISIC_5043700,IL_3919255,clinical: close-up,Benign,NV,40.0,female,
ISIC_7735107,IL_3919255,dermoscopic,Benign,NV,40.0,female,
ISIC_1932860,IL_3930642,clinical: close-up,Malignant,BCC,55.0,male,lower extremity
ISIC_8938866,IL_3930642,dermoscopic,Malignant,BCC,55.0,male,lower extremity
ISIC_3485522,IL_3931647,clinical: close-up,Benign,BKL,35.0,female,lower extremity
ISIC_2022315,IL_3931647,dermoscopic,Benign,BKL,35.0,female,lower extremity
ISIC_6175375,IL_3935951,clinical: close-up,Benign,NV,20.0,male,lower extremity
ISIC_1544622,IL_3935951,dermoscopic,Benign,NV,20.0,male,lower extremity
ISIC_2846120,IL_3938261,clinical: close-up,Malignant,BCC,40.0,male,
ISIC_4157522,IL_3938261,dermoscopic,Malignant,BCC,40.0,male,
ISIC_1255346,IL_3939188,clinical: close-up,Malignant,AKIEC,70.0,male,upper extremity
ISIC_5084963,IL_3939188,dermoscopic,Malignant,AKIEC,70.0,male,upper extremity
ISIC_5372698,IL_3944714,clinical: close-up,Malignant,BCC,75.0,female,
ISIC_2744993,IL_3944714,dermoscopic,Malignant,BCC,75.0,female,
ISIC_7964186,IL_3945386,clinical: close-up,Malignant,BCC,60.0,female,lower extremity
ISIC_0722347,IL_3945386,dermoscopic,Malignant,BCC,60.0,female,lower extremity
ISIC_8458699,IL_3948113,clinical: close-up,Benign,NV,55.0,female,lower extremity
ISIC_1909868,IL_3948113,dermoscopic,Benign,NV,55.0,female,lower extremity
ISIC_7553451,IL_3949779,clinical: close-up,Malignant,BCC,50.0,male,
ISIC_5569473,IL_3949779,dermoscopic,Malignant,BCC,50.0,male,
ISIC_5192807,IL_3954142,clinical: close-up,Benign,INF,75.0,male,
ISIC_7436139,IL_3954142,dermoscopic,Benign,INF,75.0,male,
ISIC_5513734,IL_3954286,clinical: close-up,Malignant,BCC,65.0,male,
ISIC_5698613,IL_3954286,dermoscopic,Malignant,BCC,65.0,male,
ISIC_0510199,IL_3955700,clinical: close-up,Benign,BKL,85.0,male,
ISIC_5460617,IL_3955700,dermoscopic,Benign,BKL,85.0,male,
ISIC_9899180,IL_3956488,clinical: close-up,Benign,BKL,70.0,male,
ISIC_4869964,IL_3956488,dermoscopic,Benign,BKL,70.0,male,
ISIC_0198032,IL_3961621,clinical: close-up,Malignant,BCC,65.0,male,head/neck
ISIC_4562629,IL_3961621,dermoscopic,Malignant,BCC,65.0,male,head/neck
ISIC_2948051,IL_3966322,clinical: close-up,Benign,DF,75.0,male,lower extremity
ISIC_6070426,IL_3966322,dermoscopic,Benign,DF,75.0,male,lower extremity
ISIC_9297122,IL_3968008,clinical: close-up,Malignant,BCC,55.0,male,lower extremity
ISIC_0972110,IL_3968008,dermoscopic,Malignant,BCC,55.0,male,lower extremity
ISIC_4775625,IL_3973375,clinical: close-up,Benign,BKL,50.0,female,
ISIC_8976859,IL_3973375,dermoscopic,Benign,BKL,50.0,female,
ISIC_8495209,IL_3976395,clinical: close-up,Malignant,BCC,60.0,male,
ISIC_2231864,IL_3976395,dermoscopic,Malignant,BCC,60.0,male,
ISIC_4439657,IL_3980813,clinical: close-up,Malignant,BCC,55.0,male,
ISIC_2521142,IL_3980813,dermoscopic,Malignant,BCC,55.0,male,
ISIC_3694700,IL_3982685,clinical: close-up,Benign,NV,45.0,male,lower extremity
ISIC_8662604,IL_3982685,dermoscopic,Benign,NV,45.0,male,lower extremity
ISIC_6563482,IL_3984106,clinical: close-up,Malignant,BCC,75.0,female,
ISIC_0829180,IL_3984106,dermoscopic,Malignant,BCC,75.0,female,
ISIC_1123171,IL_3984556,clinical: close-up,Malignant,BCC,60.0,male,head/neck
ISIC_6899811,IL_3984556,dermoscopic,Malignant,BCC,60.0,male,head/neck
ISIC_8746569,IL_3985289,clinical: close-up,Malignant,BCC,75.0,female,lower extremity
ISIC_0495769,IL_3985289,dermoscopic,Malignant,BCC,75.0,female,lower extremity
ISIC_8933142,IL_3986859,clinical: close-up,Malignant,BCC,50.0,male,
ISIC_4489369,IL_3986859,dermoscopic,Malignant,BCC,50.0,male,
ISIC_9177006,IL_3987209,clinical: close-up,Malignant,SCCKA,65.0,female,upper extremity
ISIC_7312960,IL_3987209,dermoscopic,Malignant,SCCKA,65.0,female,upper extremity
ISIC_8649825,IL_3990858,clinical: close-up,Benign,BKL,65.0,female,lower extremity
ISIC_9474028,IL_3990858,dermoscopic,Benign,BKL,65.0,female,lower extremity
ISIC_8768360,IL_3995124,clinical: close-up,Benign,NV,65.0,male,
ISIC_0718332,IL_3995124,dermoscopic,Benign,NV,65.0,male,
ISIC_0167746,IL_3995559,clinical: close-up,Malignant,MEL,85.0,male,head/neck
ISIC_4141251,IL_3995559,dermoscopic,Malignant,MEL,85.0,male,head/neck
ISIC_4129256,IL_3996209,clinical: close-up,Malignant,BCC,60.0,female,lower extremity
ISIC_0467500,IL_3996209,dermoscopic,Malignant,BCC,60.0,female,lower extremity
ISIC_0824121,IL_3999656,clinical: close-up,Benign,BKL,65.0,male,
ISIC_1323177,IL_3999656,dermoscopic,Benign,BKL,65.0,male,
ISIC_4486982,IL_4000063,clinical: close-up,Malignant,BCC,70.0,male,lower extremity
ISIC_5903044,IL_4000063,dermoscopic,Malignant,BCC,70.0,male,lower extremity
ISIC_0614880,IL_4005542,clinical: close-up,Malignant,BCC,55.0,male,head/neck
ISIC_6227786,IL_4005542,dermoscopic,Malignant,BCC,55.0,male,head/neck
ISIC_8845800,IL_4008032,clinical: close-up,Malignant,BCC,60.0,female,
ISIC_7460585,IL_4008032,dermoscopic,Malignant,BCC,60.0,female,
ISIC_7652703,IL_4010567,clinical: close-up,Malignant,BCC,35.0,male,
ISIC_5777416,IL_4010567,dermoscopic,Malignant,BCC,35.0,male,
ISIC_9590640,IL_4011591,clinical: close-up,Malignant,BCC,40.0,female,
ISIC_5685120,IL_4011591,dermoscopic,Malignant,BCC,40.0,female,
ISIC_4009830,IL_4019349,clinical: close-up,Malignant,BCC,65.0,male,
ISIC_8285845,IL_4019349,dermoscopic,Malignant,BCC,65.0,male,
ISIC_2188650,IL_4020626,clinical: close-up,Benign,BKL,70.0,male,upper extremity
ISIC_8056101,IL_4020626,dermoscopic,Benign,BKL,70.0,male,upper extremity
ISIC_1904822,IL_4022270,clinical: close-up,Malignant,BCC,65.0,female,upper extremity
ISIC_5627117,IL_4022270,dermoscopic,Malignant,BCC,65.0,female,upper extremity
ISIC_3044377,IL_4028485,clinical: close-up,Malignant,MEL,55.0,male,
ISIC_1994166,IL_4028485,dermoscopic,Malignant,MEL,55.0,male,
ISIC_5030992,IL_4033991,clinical: close-up,Benign,BKL,65.0,male,
ISIC_8698547,IL_4033991,dermoscopic,Benign,BKL,65.0,male,
ISIC_5186161,IL_4041847,clinical: close-up,Malignant,MEL,70.0,male,lower extremity
ISIC_1529132,IL_4041847,dermoscopic,Malignant,MEL,70.0,male,lower extremity
ISIC_8374389,IL_4042622,clinical: close-up,Malignant,BCC,50.0,male,
ISIC_4265106,IL_4042622,dermoscopic,Malignant,BCC,50.0,male,
ISIC_4412263,IL_4049256,clinical: close-up,Malignant,BCC,70.0,male,upper extremity
ISIC_2470660,IL_4049256,dermoscopic,Malignant,BCC,70.0,male,upper extremity
ISIC_3729094,IL_4050441,clinical: close-up,Malignant,BCC,70.0,male,head/neck
ISIC_7087826,IL_4050441,dermoscopic,Malignant,BCC,70.0,male,head/neck
ISIC_6405109,IL_4052441,clinical: close-up,Benign,NV,60.0,female,
ISIC_8098167,IL_4052441,dermoscopic,Benign,NV,60.0,female,
ISIC_3334868,IL_4052730,clinical: close-up,Benign,NV,50.0,female,lower extremity
ISIC_8897741,IL_4052730,dermoscopic,Benign,NV,50.0,female,lower extremity
ISIC_2621700,IL_4055680,clinical: close-up,Malignant,BCC,65.0,male,upper extremity
ISIC_7562678,IL_4055680,dermoscopic,Malignant,BCC,65.0,male,upper extremity
ISIC_2322021,IL_4061153,clinical: close-up,Malignant,BCC,75.0,female,lower extremity
ISIC_6338368,IL_4061153,dermoscopic,Malignant,BCC,75.0,female,lower extremity
ISIC_2794417,IL_4061949,clinical: close-up,Benign,NV,5.0,male,
ISIC_6887594,IL_4061949,dermoscopic,Benign,NV,5.0,male,
ISIC_5149156,IL_4064393,clinical: close-up,Benign,NV,60.0,male,
ISIC_5801703,IL_4064393,dermoscopic,Benign,NV,60.0,male,
ISIC_0346032,IL_4064618,clinical: close-up,Malignant,MEL,75.0,male,lower extremity
ISIC_8350851,IL_4064618,dermoscopic,Malignant,MEL,75.0,male,lower extremity
ISIC_6746536,IL_4066034,clinical: close-up,Malignant,BCC,45.0,female,head/neck
ISIC_7986295,IL_4066034,dermoscopic,Malignant,BCC,45.0,female,head/neck
ISIC_4181298,IL_4067349,clinical: close-up,Malignant,BCC,70.0,male,
ISIC_6089148,IL_4067349,dermoscopic,Malignant,BCC,70.0,male,
ISIC_1741885,IL_4068514,clinical: close-up,Malignant,BCC,85.0,male,head/neck
ISIC_5360213,IL_4068514,dermoscopic,Malignant,BCC,85.0,male,head/neck
ISIC_0801041,IL_4075646,clinical: close-up,Malignant,BCC,70.0,male,
ISIC_0268984,IL_4075646,dermoscopic,Malignant,BCC,70.0,male,
ISIC_8268102,IL_4079886,clinical: close-up,Malignant,SCCKA,75.0,male,head/neck
ISIC_9944257,IL_4079886,dermoscopic,Malignant,SCCKA,75.0,male,head/neck
ISIC_5177404,IL_4083881,clinical: close-up,Malignant,AKIEC,35.0,male,upper extremity
ISIC_0601665,IL_4083881,dermoscopic,Malignant,AKIEC,35.0,male,upper extremity
ISIC_2044054,IL_4088616,clinical: close-up,Malignant,BCC,55.0,female,
ISIC_1241916,IL_4088616,dermoscopic,Malignant,BCC,55.0,female,
ISIC_2446922,IL_4096738,clinical: close-up,Malignant,SCCKA,70.0,female,upper extremity
ISIC_6874373,IL_4096738,dermoscopic,Malignant,SCCKA,70.0,female,upper extremity
ISIC_6703068,IL_4099426,clinical: close-up,Malignant,BCC,55.0,female,
ISIC_0097302,IL_4099426,dermoscopic,Malignant,BCC,55.0,female,
ISIC_9551475,IL_4100089,clinical: close-up,Benign,NV,40.0,male,
ISIC_2621421,IL_4100089,dermoscopic,Benign,NV,40.0,male,
ISIC_6687699,IL_4103128,clinical: close-up,Malignant,BCC,70.0,male,upper extremity
ISIC_4224743,IL_4103128,dermoscopic,Malignant,BCC,70.0,male,upper extremity
ISIC_1000386,IL_4104039,clinical: close-up,Malignant,SCCKA,85.0,female,lower extremity
ISIC_0738371,IL_4104039,dermoscopic,Malignant,SCCKA,85.0,female,lower extremity
ISIC_8381434,IL_4106945,clinical: close-up,Benign,NV,50.0,male,
ISIC_3734095,IL_4106945,dermoscopic,Benign,NV,50.0,male,
ISIC_3613098,IL_4108143,clinical: close-up,Benign,NV,50.0,male,lower extremity
ISIC_5315833,IL_4108143,dermoscopic,Benign,NV,50.0,male,lower extremity
ISIC_2368224,IL_4109255,clinical: close-up,Malignant,SCCKA,70.0,male,head/neck
ISIC_5209351,IL_4109255,dermoscopic,Malignant,SCCKA,70.0,male,head/neck
ISIC_3818502,IL_4115404,clinical: close-up,Malignant,AKIEC,85.0,female,lower extremity
ISIC_0078190,IL_4115404,dermoscopic,Malignant,AKIEC,85.0,female,lower extremity
ISIC_4294236,IL_4116292,clinical: close-up,Benign,NV,35.0,male,
ISIC_8345526,IL_4116292,dermoscopic,Benign,NV,35.0,male,
ISIC_0393927,IL_4122724,clinical: close-up,Malignant,BCC,55.0,female,lower extremity
ISIC_7541402,IL_4122724,dermoscopic,Malignant,BCC,55.0,female,lower extremity
ISIC_0975720,IL_4123354,clinical: close-up,Malignant,SCCKA,70.0,male,lower extremity
ISIC_5148533,IL_4123354,dermoscopic,Malignant,SCCKA,70.0,male,lower extremity
ISIC_0879335,IL_4124169,clinical: close-up,Benign,NV,60.0,male,
ISIC_9900723,IL_4124169,dermoscopic,Benign,NV,60.0,male,
ISIC_8160849,IL_4124357,clinical: close-up,Malignant,BCC,80.0,male,lower extremity
ISIC_2328093,IL_4124357,dermoscopic,Malignant,BCC,80.0,male,lower extremity
ISIC_4119708,IL_4125524,clinical: close-up,Malignant,BCC,70.0,male,lower extremity
ISIC_8942026,IL_4125524,dermoscopic,Malignant,BCC,70.0,male,lower extremity
ISIC_6926304,IL_4125951,clinical: close-up,Malignant,BCC,35.0,male,
ISIC_7414517,IL_4125951,dermoscopic,Malignant,BCC,35.0,male,
ISIC_2163581,IL_4126361,clinical: close-up,Malignant,BCC,70.0,female,
ISIC_8922165,IL_4126361,dermoscopic,Malignant,BCC,70.0,female,
ISIC_5906534,IL_4126590,clinical: close-up,Malignant,BCC,55.0,male,head/neck
ISIC_5874846,IL_4126590,dermoscopic,Malignant,BCC,55.0,male,head/neck
ISIC_8016561,IL_4128851,clinical: close-up,Benign,BKL,50.0,male,
ISIC_6475371,IL_4128851,dermoscopic,Benign,BKL,50.0,male,
ISIC_7808009,IL_4129190,clinical: close-up,Benign,BEN_OTH,10.0,male,head/neck
ISIC_1435896,IL_4129190,dermoscopic,Benign,BEN_OTH,10.0,male,head/neck
ISIC_9239028,IL_4130866,clinical: close-up,Malignant,BCC,75.0,male,head/neck
ISIC_9247586,IL_4130866,dermoscopic,Malignant,BCC,75.0,male,head/neck
ISIC_2944503,IL_4131392,clinical: close-up,Benign,NV,55.0,male,head/neck
ISIC_8701104,IL_4131392,dermoscopic,Benign,NV,55.0,male,head/neck
ISIC_3617005,IL_4131628,clinical: close-up,Malignant,BCC,65.0,male,head/neck
ISIC_4954192,IL_4131628,dermoscopic,Malignant,BCC,65.0,male,head/neck
ISIC_9151156,IL_4132479,clinical: close-up,Benign,NV,50.0,male,
ISIC_4428176,IL_4132479,dermoscopic,Benign,NV,50.0,male,
ISIC_8024502,IL_4133123,clinical: close-up,Benign,DF,65.0,female,
ISIC_0479656,IL_4133123,dermoscopic,Benign,DF,65.0,female,
ISIC_5962509,IL_4137661,clinical: close-up,Malignant,SCCKA,50.0,male,upper extremity
ISIC_3760355,IL_4137661,dermoscopic,Malignant,SCCKA,50.0,male,upper extremity
ISIC_5756622,IL_4143082,clinical: close-up,Malignant,SCCKA,70.0,male,
ISIC_9661422,IL_4143082,dermoscopic,Malignant,SCCKA,70.0,male,
ISIC_1395572,IL_4149109,clinical: close-up,Malignant,BCC,55.0,female,upper extremity
ISIC_3754933,IL_4149109,dermoscopic,Malignant,BCC,55.0,female,upper extremity
ISIC_3361791,IL_4149493,clinical: close-up,Malignant,BCC,65.0,male,head/neck
ISIC_8943375,IL_4149493,dermoscopic,Malignant,BCC,65.0,male,head/neck
ISIC_0225656,IL_4150500,clinical: close-up,Malignant,BCC,50.0,male,
ISIC_0852575,IL_4150500,dermoscopic,Malignant,BCC,50.0,male,
ISIC_0231625,IL_4153539,clinical: close-up,Malignant,BCC,55.0,female,
ISIC_8846554,IL_4153539,dermoscopic,Malignant,BCC,55.0,female,
ISIC_4771926,IL_4155975,clinical: close-up,Malignant,BCC,70.0,female,lower extremity
ISIC_1718501,IL_4155975,dermoscopic,Malignant,BCC,70.0,female,lower extremity
ISIC_5294669,IL_4160541,clinical: close-up,Malignant,BCC,25.0,male,
ISIC_5930303,IL_4160541,dermoscopic,Malignant,BCC,25.0,male,
ISIC_5626843,IL_4164624,clinical: close-up,Malignant,BCC,75.0,male,lower extremity
ISIC_1156729,IL_4164624,dermoscopic,Malignant,BCC,75.0,male,lower extremity
ISIC_0994154,IL_4175034,clinical: close-up,Benign,BKL,85.0,female,lower extremity
ISIC_9501706,IL_4175034,dermoscopic,Benign,BKL,85.0,female,lower extremity
ISIC_5006126,IL_4175497,clinical: close-up,Benign,INF,40.0,male,head/neck
ISIC_7803268,IL_4175497,dermoscopic,Benign,INF,40.0,male,head/neck
ISIC_5542359,IL_4176966,clinical: close-up,Malignant,BCC,55.0,female,
ISIC_2996665,IL_4176966,dermoscopic,Malignant,BCC,55.0,female,
ISIC_5432141,IL_4177126,clinical: close-up,Benign,BKL,60.0,male,head/neck
ISIC_7737513,IL_4177126,dermoscopic,Benign,BKL,60.0,male,head/neck
ISIC_4689083,IL_4177354,clinical: close-up,Malignant,BCC,40.0,female,upper extremity
ISIC_1370640,IL_4177354,dermoscopic,Malignant,BCC,40.0,female,upper extremity
ISIC_9430710,IL_4179899,clinical: close-up,Malignant,MEL,55.0,female,upper extremity
ISIC_6428132,IL_4179899,dermoscopic,Malignant,MEL,55.0,female,upper extremity
ISIC_2015391,IL_4180169,clinical: close-up,Benign,BKL,70.0,male,head/neck
ISIC_6601126,IL_4180169,dermoscopic,Benign,BKL,70.0,male,head/neck
ISIC_8171211,IL_4180707,clinical: close-up,Malignant,BCC,80.0,male,lower extremity
ISIC_9403836,IL_4180707,dermoscopic,Malignant,BCC,80.0,male,lower extremity
ISIC_6752467,IL_4182529,clinical: close-up,Malignant,BCC,80.0,male,head/neck
ISIC_1350578,IL_4182529,dermoscopic,Malignant,BCC,80.0,male,head/neck
ISIC_7605177,IL_4182548,clinical: close-up,Benign,BKL,65.0,male,upper extremity
ISIC_5280874,IL_4182548,dermoscopic,Benign,BKL,65.0,male,upper extremity
ISIC_1589705,IL_4186623,clinical: close-up,Malignant,AKIEC,75.0,male,lower extremity
ISIC_1775540,IL_4186623,dermoscopic,Malignant,AKIEC,75.0,male,lower extremity
ISIC_1476780,IL_4186726,clinical: close-up,Benign,NV,50.0,male,
ISIC_3727735,IL_4186726,dermoscopic,Benign,NV,50.0,male,
ISIC_1895300,IL_4188654,clinical: close-up,Malignant,BCC,65.0,male,upper extremity
ISIC_4034626,IL_4188654,dermoscopic,Malignant,BCC,65.0,male,upper extremity
ISIC_8748525,IL_4190989,clinical: close-up,Benign,NV,50.0,male,
ISIC_6714325,IL_4190989,dermoscopic,Benign,NV,50.0,male,
ISIC_2057570,IL_4194346,clinical: close-up,Malignant,BCC,60.0,male,lower extremity
ISIC_9886748,IL_4194346,dermoscopic,Malignant,BCC,60.0,male,lower extremity
ISIC_5097119,IL_4203515,clinical: close-up,Benign,BKL,55.0,female,head/neck
ISIC_2668675,IL_4203515,dermoscopic,Benign,BKL,55.0,female,head/neck
ISIC_4526994,IL_4213218,clinical: close-up,Malignant,BCC,60.0,female,upper extremity
ISIC_3913255,IL_4213218,dermoscopic,Malignant,BCC,60.0,female,upper extremity
ISIC_5892391,IL_4217663,clinical: close-up,Benign,NV,55.0,female,
ISIC_6335386,IL_4217663,dermoscopic,Benign,NV,55.0,female,
ISIC_4840771,IL_4233206,clinical: close-up,Benign,BKL,40.0,male,head/neck
ISIC_7805735,IL_4233206,dermoscopic,Benign,BKL,40.0,male,head/neck
ISIC_5291256,IL_4240733,clinical: close-up,Malignant,BCC,50.0,female,upper extremity
ISIC_2561690,IL_4240733,dermoscopic,Malignant,BCC,50.0,female,upper extremity
ISIC_7493930,IL_4241056,clinical: close-up,Benign,NV,30.0,female,lower extremity
ISIC_8517056,IL_4241056,dermoscopic,Benign,NV,30.0,female,lower extremity
ISIC_7872925,IL_4242651,clinical: close-up,Malignant,BCC,65.0,male,lower extremity
ISIC_1110722,IL_4242651,dermoscopic,Malignant,BCC,65.0,male,lower extremity
ISIC_0858765,IL_4246479,clinical: close-up,Benign,BKL,70.0,female,head/neck
ISIC_0461566,IL_4246479,dermoscopic,Benign,BKL,70.0,female,head/neck
ISIC_2705888,IL_4250777,clinical: close-up,Malignant,BCC,65.0,male,
ISIC_0155053,IL_4250777,dermoscopic,Malignant,BCC,65.0,male,
ISIC_2338396,IL_4255288,clinical: close-up,Benign,NV,40.0,female,lower extremity
ISIC_7817884,IL_4255288,dermoscopic,Benign,NV,40.0,female,lower extremity
ISIC_1997944,IL_4258234,clinical: close-up,Malignant,AKIEC,55.0,female,lower extremity
ISIC_2372269,IL_4258234,dermoscopic,Malignant,AKIEC,55.0,female,lower extremity
ISIC_3305736,IL_4259572,clinical: close-up,Malignant,BCC,65.0,female,upper extremity
ISIC_9597858,IL_4259572,dermoscopic,Malignant,BCC,65.0,female,upper extremity
ISIC_2455816,IL_4260249,clinical: close-up,Malignant,BCC,65.0,female,head/neck
ISIC_5243282,IL_4260249,dermoscopic,Malignant,BCC,65.0,female,head/neck
ISIC_6674353,IL_4262969,clinical: close-up,Malignant,SCCKA,65.0,male,
ISIC_1260636,IL_4262969,dermoscopic,Malignant,SCCKA,65.0,male,
ISIC_3148432,IL_4263582,clinical: close-up,Malignant,BCC,75.0,female,head/neck
ISIC_9861310,IL_4263582,dermoscopic,Malignant,BCC,75.0,female,head/neck
ISIC_9383853,IL_4270354,clinical: close-up,Malignant,BCC,55.0,female,
ISIC_5873094,IL_4270354,dermoscopic,Malignant,BCC,55.0,female,
ISIC_9056629,IL_4279483,clinical: close-up,Malignant,BCC,85.0,male,upper extremity
ISIC_6271290,IL_4279483,dermoscopic,Malignant,BCC,85.0,male,upper extremity
ISIC_7267324,IL_4282136,clinical: close-up,Benign,BKL,65.0,female,oral/genital
ISIC_6440668,IL_4282136,dermoscopic,Benign,BKL,65.0,female,oral/genital
ISIC_6523987,IL_4284690,clinical: close-up,Malignant,BCC,55.0,female,head/neck
ISIC_2193524,IL_4284690,dermoscopic,Malignant,BCC,55.0,female,head/neck
ISIC_8448143,IL_4287532,clinical: close-up,Benign,BKL,80.0,female,head/neck
ISIC_1111291,IL_4287532,dermoscopic,Benign,BKL,80.0,female,head/neck
ISIC_6782350,IL_4290586,clinical: close-up,Malignant,AKIEC,55.0,male,upper extremity
ISIC_1266614,IL_4290586,dermoscopic,Malignant,AKIEC,55.0,male,upper extremity
ISIC_6181707,IL_4294733,clinical: close-up,Malignant,BCC,75.0,female,lower extremity
ISIC_4957526,IL_4294733,dermoscopic,Malignant,BCC,75.0,female,lower extremity
ISIC_8833451,IL_4298080,clinical: close-up,Malignant,MEL,85.0,male,
ISIC_9579576,IL_4298080,dermoscopic,Malignant,MEL,85.0,male,
ISIC_3336579,IL_4305250,clinical: close-up,Malignant,BCC,75.0,male,lower extremity
ISIC_4983165,IL_4305250,dermoscopic,Malignant,BCC,75.0,male,lower extremity
ISIC_6935765,IL_4305709,clinical: close-up,Benign,NV,30.0,female,
ISIC_2106983,IL_4305709,dermoscopic,Benign,NV,30.0,female,
ISIC_3542359,IL_4308535,clinical: close-up,Malignant,AKIEC,45.0,female,upper extremity
ISIC_8138627,IL_4308535,dermoscopic,Malignant,AKIEC,45.0,female,upper extremity
ISIC_2704901,IL_4312486,clinical: close-up,Malignant,SCCKA,70.0,female,lower extremity
ISIC_0118795,IL_4312486,dermoscopic,Malignant,SCCKA,70.0,female,lower extremity
ISIC_9480680,IL_4313247,clinical: close-up,Malignant,SCCKA,50.0,male,upper extremity
ISIC_3141018,IL_4313247,dermoscopic,Malignant,SCCKA,50.0,male,upper extremity
ISIC_0871438,IL_4314497,clinical: close-up,Malignant,BCC,85.0,male,upper extremity
ISIC_5723091,IL_4314497,dermoscopic,Malignant,BCC,85.0,male,upper extremity
ISIC_1521786,IL_4316147,clinical: close-up,Malignant,BCC,80.0,male,head/neck
ISIC_2308599,IL_4316147,dermoscopic,Malignant,BCC,80.0,male,head/neck
ISIC_8758280,IL_4316869,clinical: close-up,Malignant,BCC,70.0,male,
ISIC_2657415,IL_4316869,dermoscopic,Malignant,BCC,70.0,male,
ISIC_9487621,IL_4316871,clinical: close-up,Malignant,BCC,65.0,female,upper extremity
ISIC_2465599,IL_4316871,dermoscopic,Malignant,BCC,65.0,female,upper extremity
ISIC_3564428,IL_4318983,clinical: close-up,Malignant,BCC,65.0,male,
ISIC_6176939,IL_4318983,dermoscopic,Malignant,BCC,65.0,male,
ISIC_8151340,IL_4319503,clinical: close-up,Benign,BKL,75.0,female,head/neck
ISIC_9614509,IL_4319503,dermoscopic,Benign,BKL,75.0,female,head/neck
ISIC_2873569,IL_4320336,clinical: close-up,Benign,NV,50.0,male,
ISIC_0512725,IL_4320336,dermoscopic,Benign,NV,50.0,male,
ISIC_2359312,IL_4323973,clinical: close-up,Malignant,BCC,85.0,female,head/neck
ISIC_5743197,IL_4323973,dermoscopic,Malignant,BCC,85.0,female,head/neck
ISIC_2307999,IL_4325075,clinical: close-up,Benign,BKL,55.0,female,
ISIC_6527571,IL_4325075,dermoscopic,Benign,BKL,55.0,female,
ISIC_9702862,IL_4326191,clinical: close-up,Malignant,BCC,65.0,female,head/neck
ISIC_7752807,IL_4326191,dermoscopic,Malignant,BCC,65.0,female,head/neck
ISIC_4140786,IL_4327205,clinical: close-up,Malignant,BCC,40.0,male,upper extremity
ISIC_9159246,IL_4327205,dermoscopic,Malignant,BCC,40.0,male,upper extremity
ISIC_7567880,IL_4332595,clinical: close-up,Malignant,BCC,50.0,female,head/neck
ISIC_4252694,IL_4332595,dermoscopic,Malignant,BCC,50.0,female,head/neck
ISIC_4902119,IL_4336969,clinical: close-up,Malignant,AKIEC,45.0,male,head/neck
ISIC_7218635,IL_4336969,dermoscopic,Malignant,AKIEC,45.0,male,head/neck
ISIC_9767663,IL_4337427,clinical: close-up,Benign,BKL,60.0,female,
ISIC_1195811,IL_4337427,dermoscopic,Benign,BKL,60.0,female,
ISIC_6588483,IL_4340050,clinical: close-up,Malignant,MEL,75.0,male,
ISIC_0408436,IL_4340050,dermoscopic,Malignant,MEL,75.0,male,
ISIC_0938409,IL_4340188,clinical: close-up,Malignant,BCC,55.0,male,
ISIC_2625621,IL_4340188,dermoscopic,Malignant,BCC,55.0,male,
ISIC_5862938,IL_4344178,clinical: close-up,Benign,NV,65.0,male,
ISIC_3594638,IL_4344178,dermoscopic,Benign,NV,65.0,male,
ISIC_8117883,IL_4347033,clinical: close-up,Benign,NV,35.0,male,head/neck
ISIC_7230569,IL_4347033,dermoscopic,Benign,NV,35.0,male,head/neck
ISIC_8231201,IL_4354800,clinical: close-up,Benign,NV,40.0,female,lower extremity
ISIC_2100652,IL_4354800,dermoscopic,Benign,NV,40.0,female,lower extremity
ISIC_5343716,IL_4354918,clinical: close-up,Malignant,BCC,60.0,female,
ISIC_6287649,IL_4354918,dermoscopic,Malignant,BCC,60.0,female,
ISIC_8650757,IL_4355222,clinical: close-up,Malignant,BCC,65.0,male,lower extremity
ISIC_0844469,IL_4355222,dermoscopic,Malignant,BCC,65.0,male,lower extremity
ISIC_1973292,IL_4358287,clinical: close-up,Malignant,BCC,75.0,male,
ISIC_1318325,IL_4358287,dermoscopic,Malignant,BCC,75.0,male,
ISIC_4365319,IL_4359094,clinical: close-up,Malignant,BCC,65.0,female,
ISIC_3201692,IL_4359094,dermoscopic,Malignant,BCC,65.0,female,
ISIC_7695782,IL_4363780,clinical: close-up,Benign,BKL,70.0,male,head/neck
ISIC_3763896,IL_4363780,dermoscopic,Benign,BKL,70.0,male,head/neck
ISIC_2774941,IL_4365113,clinical: close-up,Malignant,BCC,85.0,female,upper extremity
ISIC_0620394,IL_4365113,dermoscopic,Malignant,BCC,85.0,female,upper extremity
ISIC_1237574,IL_4368392,clinical: close-up,Malignant,BCC,75.0,male,
ISIC_6717455,IL_4368392,dermoscopic,Malignant,BCC,75.0,male,
ISIC_1291218,IL_4371981,clinical: close-up,Malignant,BCC,70.0,female,head/neck
ISIC_9519917,IL_4371981,dermoscopic,Malignant,BCC,70.0,female,head/neck
ISIC_4256565,IL_4373578,clinical: close-up,Malignant,BCC,55.0,female,
ISIC_6500642,IL_4373578,dermoscopic,Malignant,BCC,55.0,female,
ISIC_1615543,IL_4375054,clinical: close-up,Malignant,SCCKA,45.0,male,
ISIC_4965110,IL_4375054,dermoscopic,Malignant,SCCKA,45.0,male,
ISIC_1844080,IL_4376173,clinical: close-up,Benign,NV,20.0,female,lower extremity
ISIC_9543805,IL_4376173,dermoscopic,Benign,NV,20.0,female,lower extremity
ISIC_0991989,IL_4377076,clinical: close-up,Malignant,SCCKA,85.0,male,head/neck
ISIC_0955754,IL_4377076,dermoscopic,Malignant,SCCKA,85.0,male,head/neck
ISIC_5206219,IL_4381909,clinical: close-up,Indeterminate,AKIEC,70.0,male,head/neck
ISIC_6603709,IL_4381909,dermoscopic,Indeterminate,AKIEC,70.0,male,head/neck
ISIC_0310082,IL_4381974,clinical: close-up,Malignant,BCC,65.0,male,lower extremity
ISIC_4571498,IL_4381974,dermoscopic,Malignant,BCC,65.0,male,lower extremity
ISIC_1926542,IL_4383130,clinical: close-up,Malignant,BCC,70.0,male,lower extremity
ISIC_4757447,IL_4383130,dermoscopic,Malignant,BCC,70.0,male,lower extremity
ISIC_1352448,IL_4384125,clinical: close-up,Malignant,BCC,60.0,female,head/neck
ISIC_3735182,IL_4384125,dermoscopic,Malignant,BCC,60.0,female,head/neck
ISIC_4382908,IL_4391633,clinical: close-up,Benign,BKL,70.0,male,
ISIC_8800271,IL_4391633,dermoscopic,Benign,BKL,70.0,male,
ISIC_3397320,IL_4392896,clinical: close-up,Benign,BKL,75.0,male,
ISIC_1806435,IL_4392896,dermoscopic,Benign,BKL,75.0,male,
ISIC_5947102,IL_4396586,clinical: close-up,Benign,NV,20.0,female,lower extremity
ISIC_8509634,IL_4396586,dermoscopic,Benign,NV,20.0,female,lower extremity
ISIC_7974788,IL_4402177,clinical: close-up,Malignant,BCC,75.0,male,upper extremity
ISIC_2651140,IL_4402177,dermoscopic,Malignant,BCC,75.0,male,upper extremity
ISIC_2689375,IL_4402414,clinical: close-up,Malignant,BCC,55.0,male,head/neck
ISIC_6409368,IL_4402414,dermoscopic,Malignant,BCC,55.0,male,head/neck
ISIC_0361366,IL_4403121,clinical: close-up,Malignant,BCC,70.0,male,upper extremity
ISIC_5765413,IL_4403121,dermoscopic,Malignant,BCC,70.0,male,upper extremity
ISIC_5418047,IL_4404919,clinical: close-up,Malignant,MEL,70.0,female,head/neck
ISIC_6480143,IL_4404919,dermoscopic,Malignant,MEL,70.0,female,head/neck
ISIC_2835261,IL_4405494,clinical: close-up,Benign,NV,50.0,male,lower extremity
ISIC_9267796,IL_4405494,dermoscopic,Benign,NV,50.0,male,lower extremity
ISIC_3634737,IL_4406206,clinical: close-up,Malignant,BCC,45.0,female,lower extremity
ISIC_5405039,IL_4406206,dermoscopic,Malignant,BCC,45.0,female,lower extremity
ISIC_2855847,IL_4410437,clinical: close-up,Malignant,BCC,80.0,female,upper extremity
ISIC_8361691,IL_4410437,dermoscopic,Malignant,BCC,80.0,female,upper extremity
ISIC_7903629,IL_4414244,clinical: close-up,Malignant,BCC,75.0,male,
ISIC_9180642,IL_4414244,dermoscopic,Malignant,BCC,75.0,male,
ISIC_0353171,IL_4415263,clinical: close-up,Malignant,BCC,75.0,female,lower extremity
ISIC_4518133,IL_4415263,dermoscopic,Malignant,BCC,75.0,female,lower extremity
ISIC_8899493,IL_4419234,clinical: close-up,Malignant,MEL,85.0,male,upper extremity
ISIC_0934708,IL_4419234,dermoscopic,Malignant,MEL,85.0,male,upper extremity
ISIC_9326688,IL_4419793,clinical: close-up,Malignant,AKIEC,65.0,female,
ISIC_4686711,IL_4419793,dermoscopic,Malignant,AKIEC,65.0,female,
ISIC_1447471,IL_4421569,clinical: close-up,Malignant,BCC,80.0,male,
ISIC_2449691,IL_4421569,dermoscopic,Malignant,BCC,80.0,male,
ISIC_3181599,IL_4425238,clinical: close-up,Indeterminate,AKIEC,85.0,female,head/neck
ISIC_9000883,IL_4425238,dermoscopic,Indeterminate,AKIEC,85.0,female,head/neck
ISIC_5643199,IL_4429998,clinical: close-up,Malignant,BCC,85.0,female,head/neck
ISIC_8857322,IL_4429998,dermoscopic,Malignant,BCC,85.0,female,head/neck
ISIC_7077927,IL_4430072,clinical: close-up,Benign,BKL,70.0,male,head/neck
ISIC_4896910,IL_4430072,dermoscopic,Benign,BKL,70.0,male,head/neck
ISIC_7835311,IL_4432216,clinical: close-up,Malignant,MEL,60.0,female,head/neck
ISIC_6910330,IL_4432216,dermoscopic,Malignant,MEL,60.0,female,head/neck
ISIC_4316755,IL_4438547,clinical: close-up,Benign,NV,45.0,male,
ISIC_0282454,IL_4438547,dermoscopic,Benign,NV,45.0,male,
ISIC_2194194,IL_4444660,clinical: close-up,Malignant,MEL,70.0,male,
ISIC_3578286,IL_4444660,dermoscopic,Malignant,MEL,70.0,male,
ISIC_1261497,IL_4446181,clinical: close-up,Malignant,MEL,55.0,male,
ISIC_7390977,IL_4446181,dermoscopic,Malignant,MEL,55.0,male,
ISIC_7911067,IL_4446473,clinical: close-up,Indeterminate,AKIEC,75.0,female,head/neck
ISIC_6354001,IL_4446473,dermoscopic,Indeterminate,AKIEC,75.0,female,head/neck
ISIC_0332299,IL_4448697,clinical: close-up,Malignant,BCC,70.0,female,upper extremity
ISIC_7490723,IL_4448697,dermoscopic,Malignant,BCC,70.0,female,upper extremity
ISIC_4254662,IL_4452880,clinical: close-up,Malignant,BCC,80.0,male,head/neck
ISIC_9323438,IL_4452880,dermoscopic,Malignant,BCC,80.0,male,head/neck
ISIC_5021319,IL_4453479,clinical: close-up,Malignant,SCCKA,80.0,female,upper extremity
ISIC_3211877,IL_4453479,dermoscopic,Malignant,SCCKA,80.0,female,upper extremity
ISIC_0398501,IL_4454107,clinical: close-up,Malignant,BCC,60.0,male,head/neck
ISIC_4119665,IL_4454107,dermoscopic,Malignant,BCC,60.0,male,head/neck
ISIC_1157692,IL_4455323,clinical: close-up,Malignant,AKIEC,70.0,male,upper extremity
ISIC_3625335,IL_4455323,dermoscopic,Malignant,AKIEC,70.0,male,upper extremity
ISIC_8408499,IL_4456737,clinical: close-up,Benign,NV,10.0,female,head/neck
ISIC_0508714,IL_4456737,dermoscopic,Benign,NV,10.0,female,head/neck
ISIC_5898651,IL_4459414,clinical: close-up,Malignant,BCC,60.0,male,
ISIC_2353638,IL_4459414,dermoscopic,Malignant,BCC,60.0,male,
ISIC_6317276,IL_4460896,clinical: close-up,Malignant,BCC,70.0,male,lower extremity
ISIC_8455179,IL_4460896,dermoscopic,Malignant,BCC,70.0,male,lower extremity
ISIC_1504106,IL_4463388,clinical: close-up,Malignant,BCC,65.0,female,lower extremity
ISIC_1482437,IL_4463388,dermoscopic,Malignant,BCC,65.0,female,lower extremity
ISIC_9026654,IL_4465213,clinical: close-up,Malignant,BCC,75.0,male,head/neck
ISIC_0461233,IL_4465213,dermoscopic,Malignant,BCC,75.0,male,head/neck
ISIC_8860890,IL_4466294,clinical: close-up,Benign,NV,35.0,male,
ISIC_6588275,IL_4466294,dermoscopic,Benign,NV,35.0,male,
ISIC_6294381,IL_4476860,clinical: close-up,Benign,NV,40.0,female,
ISIC_5517161,IL_4476860,dermoscopic,Benign,NV,40.0,female,
ISIC_9592403,IL_4484576,clinical: close-up,Malignant,BCC,65.0,male,head/neck
ISIC_2842565,IL_4484576,dermoscopic,Malignant,BCC,65.0,male,head/neck
ISIC_4065991,IL_4486702,clinical: close-up,Benign,BKL,70.0,male,
ISIC_4491028,IL_4486702,dermoscopic,Benign,BKL,70.0,male,
ISIC_4848886,IL_4491344,clinical: close-up,Malignant,SCCKA,70.0,male,lower extremity
ISIC_2995621,IL_4491344,dermoscopic,Malignant,SCCKA,70.0,male,lower extremity
ISIC_9614715,IL_4491855,clinical: close-up,Malignant,BCC,65.0,male,head/neck
ISIC_8177696,IL_4491855,dermoscopic,Malignant,BCC,65.0,male,head/neck
ISIC_1171759,IL_4494242,clinical: close-up,Malignant,SCCKA,55.0,male,lower extremity
ISIC_9400150,IL_4494242,dermoscopic,Malignant,SCCKA,55.0,male,lower extremity
ISIC_6428825,IL_4498199,clinical: close-up,Malignant,MEL,55.0,female,
ISIC_9174580,IL_4498199,dermoscopic,Malignant,MEL,55.0,female,
ISIC_9909368,IL_4499272,clinical: close-up,Benign,NV,65.0,male,
ISIC_6280109,IL_4499272,dermoscopic,Benign,NV,65.0,male,
ISIC_5325202,IL_4504514,clinical: close-up,Malignant,BCC,60.0,female,
ISIC_9232517,IL_4504514,dermoscopic,Malignant,BCC,60.0,female,
ISIC_7965278,IL_4507601,clinical: close-up,Malignant,BCC,65.0,male,lower extremity
ISIC_9703510,IL_4507601,dermoscopic,Malignant,BCC,65.0,male,lower extremity
ISIC_2180502,IL_4508203,clinical: close-up,Malignant,AKIEC,55.0,female,upper extremity
ISIC_4191930,IL_4508203,dermoscopic,Malignant,AKIEC,55.0,female,upper extremity
ISIC_0558331,IL_4512355,clinical: close-up,Malignant,MEL,55.0,female,lower extremity
ISIC_7638974,IL_4512355,dermoscopic,Malignant,MEL,55.0,female,lower extremity
ISIC_5010015,IL_4514039,clinical: close-up,Benign,NV,30.0,male,
ISIC_6119517,IL_4514039,dermoscopic,Benign,NV,30.0,male,
ISIC_4796243,IL_4516154,clinical: close-up,Malignant,AKIEC,70.0,male,upper extremity
ISIC_6626242,IL_4516154,dermoscopic,Malignant,AKIEC,70.0,male,upper extremity
ISIC_3539669,IL_4519141,clinical: close-up,Benign,NV,30.0,female,
ISIC_5129541,IL_4519141,dermoscopic,Benign,NV,30.0,female,
ISIC_9039736,IL_4522594,clinical: close-up,Malignant,MEL,55.0,male,
ISIC_3698441,IL_4522594,dermoscopic,Malignant,MEL,55.0,male,
ISIC_6106457,IL_4524955,clinical: close-up,Malignant,BCC,80.0,male,lower extremity
ISIC_4598786,IL_4524955,dermoscopic,Malignant,BCC,80.0,male,lower extremity
ISIC_3427742,IL_4528445,clinical: close-up,Malignant,MEL,60.0,male,
ISIC_1748084,IL_4528445,dermoscopic,Malignant,MEL,60.0,male,
ISIC_8042946,IL_4530346,clinical: close-up,Malignant,BCC,65.0,male,upper extremity
ISIC_4225552,IL_4530346,dermoscopic,Malignant,BCC,65.0,male,upper extremity
ISIC_0982924,IL_4534597,clinical: close-up,Malignant,BCC,40.0,female,head/neck
ISIC_8236388,IL_4534597,dermoscopic,Malignant,BCC,40.0,female,head/neck
ISIC_5947091,IL_4537840,clinical: close-up,Malignant,SCCKA,85.0,male,head/neck
ISIC_2378919,IL_4537840,dermoscopic,Malignant,SCCKA,85.0,male,head/neck
ISIC_6240958,IL_4541934,clinical: close-up,Benign,NV,50.0,female,
ISIC_5645559,IL_4541934,dermoscopic,Benign,NV,50.0,female,
ISIC_4993836,IL_4547329,clinical: close-up,Benign,NV,50.0,male,head/neck
ISIC_8405549,IL_4547329,dermoscopic,Benign,NV,50.0,male,head/neck
ISIC_4317864,IL_4551923,clinical: close-up,Benign,NV,5.0,male,
ISIC_5953692,IL_4551923,dermoscopic,Benign,NV,5.0,male,
ISIC_4669543,IL_4551959,clinical: close-up,Benign,NV,65.0,female,
ISIC_6435029,IL_4551959,dermoscopic,Benign,NV,65.0,female,
ISIC_4799523,IL_4563255,clinical: close-up,Benign,NV,75.0,male,head/neck
ISIC_7812529,IL_4563255,dermoscopic,Benign,NV,75.0,male,head/neck
ISIC_8484419,IL_4563820,clinical: close-up,Benign,INF,65.0,female,head/neck
ISIC_4091460,IL_4563820,dermoscopic,Benign,INF,65.0,female,head/neck
ISIC_2639604,IL_4564501,clinical: close-up,Benign,NV,50.0,male,lower extremity
ISIC_3825515,IL_4564501,dermoscopic,Benign,NV,50.0,male,lower extremity
ISIC_3188102,IL_4567076,clinical: close-up,Malignant,BCC,65.0,male,
ISIC_1042270,IL_4567076,dermoscopic,Malignant,BCC,65.0,male,
ISIC_8897421,IL_4571901,clinical: close-up,Malignant,BCC,80.0,male,head/neck
ISIC_2011159,IL_4571901,dermoscopic,Malignant,BCC,80.0,male,head/neck
ISIC_4478313,IL_4575462,clinical: close-up,Benign,BKL,80.0,male,
ISIC_2384953,IL_4575462,dermoscopic,Benign,BKL,80.0,male,
ISIC_7616136,IL_4577281,clinical: close-up,Benign,BKL,30.0,female,
ISIC_1549163,IL_4577281,dermoscopic,Benign,BKL,30.0,female,
ISIC_2952786,IL_4581258,clinical: close-up,Malignant,SCCKA,50.0,male,head/neck
ISIC_5666984,IL_4581258,dermoscopic,Malignant,SCCKA,50.0,male,head/neck
ISIC_4768009,IL_4585306,clinical: close-up,Malignant,BCC,70.0,female,
ISIC_1658566,IL_4585306,dermoscopic,Malignant,BCC,70.0,female,
ISIC_3162480,IL_4588055,clinical: close-up,Benign,NV,70.0,male,
ISIC_9581647,IL_4588055,dermoscopic,Benign,NV,70.0,male,
ISIC_2999384,IL_4591164,clinical: close-up,Malignant,BCC,50.0,female,lower extremity
ISIC_3727371,IL_4591164,dermoscopic,Malignant,BCC,50.0,female,lower extremity
ISIC_9776077,IL_4591781,clinical: close-up,Malignant,BCC,40.0,male,head/neck
ISIC_6042297,IL_4591781,dermoscopic,Malignant,BCC,40.0,male,head/neck
ISIC_7727693,IL_4597676,clinical: close-up,Malignant,BCC,50.0,female,upper extremity
ISIC_1807060,IL_4597676,dermoscopic,Malignant,BCC,50.0,female,upper extremity
ISIC_5585397,IL_4600654,clinical: close-up,Malignant,BCC,60.0,female,lower extremity
ISIC_3729865,IL_4600654,dermoscopic,Malignant,BCC,60.0,female,lower extremity
ISIC_4471156,IL_4601924,clinical: close-up,Malignant,SCCKA,50.0,male,upper extremity
ISIC_3631653,IL_4601924,dermoscopic,Malignant,SCCKA,50.0,male,upper extremity
ISIC_5785962,IL_4609448,clinical: close-up,Malignant,BCC,50.0,female,lower extremity
ISIC_1675475,IL_4609448,dermoscopic,Malignant,BCC,50.0,female,lower extremity
ISIC_0993424,IL_4610207,clinical: close-up,Malignant,BCC,70.0,male,head/neck
ISIC_9674469,IL_4610207,dermoscopic,Malignant,BCC,70.0,male,head/neck
ISIC_0720304,IL_4610618,clinical: close-up,Malignant,MEL,65.0,male,
ISIC_8469156,IL_4610618,dermoscopic,Malignant,MEL,65.0,male,
ISIC_9156050,IL_4613455,clinical: close-up,Benign,NV,80.0,female,
ISIC_2410902,IL_4613455,dermoscopic,Benign,NV,80.0,female,
ISIC_9256840,IL_4614364,clinical: close-up,Malignant,SCCKA,45.0,male,lower extremity
ISIC_7382992,IL_4614364,dermoscopic,Malignant,SCCKA,45.0,male,lower extremity
ISIC_2512661,IL_4615374,clinical: close-up,Malignant,SCCKA,70.0,female,lower extremity
ISIC_8746170,IL_4615374,dermoscopic,Malignant,SCCKA,70.0,female,lower extremity
ISIC_3059704,IL_4618514,clinical: close-up,Benign,NV,,female,head/neck
ISIC_2812513,IL_4618514,dermoscopic,Benign,NV,,female,head/neck
ISIC_9043374,IL_4621496,clinical: close-up,Malignant,BCC,60.0,female,upper extremity
ISIC_1219190,IL_4621496,dermoscopic,Malignant,BCC,60.0,female,upper extremity
ISIC_0807573,IL_4624720,clinical: close-up,Indeterminate,AKIEC,80.0,male,head/neck
ISIC_3354653,IL_4624720,dermoscopic,Indeterminate,AKIEC,80.0,male,head/neck
ISIC_3310439,IL_4628159,clinical: close-up,Malignant,BCC,65.0,male,lower extremity
ISIC_9881436,IL_4628159,dermoscopic,Malignant,BCC,65.0,male,lower extremity
ISIC_8216271,IL_4628367,clinical: close-up,Malignant,BCC,80.0,female,head/neck
ISIC_7451958,IL_4628367,dermoscopic,Malignant,BCC,80.0,female,head/neck
ISIC_9918967,IL_4629787,clinical: close-up,Malignant,BCC,60.0,male,lower extremity
ISIC_5501634,IL_4629787,dermoscopic,Malignant,BCC,60.0,male,lower extremity
ISIC_2277053,IL_4630533,clinical: close-up,Malignant,AKIEC,45.0,male,
ISIC_5156395,IL_4630533,dermoscopic,Malignant,AKIEC,45.0,male,
ISIC_0078197,IL_4635992,clinical: close-up,Benign,NV,50.0,male,head/neck
ISIC_7982443,IL_4635992,dermoscopic,Benign,NV,50.0,male,head/neck
ISIC_5140960,IL_4638658,clinical: close-up,Malignant,BCC,65.0,female,head/neck
ISIC_1029279,IL_4638658,dermoscopic,Malignant,BCC,65.0,female,head/neck
ISIC_2561308,IL_4639886,clinical: close-up,Malignant,SCCKA,85.0,female,lower extremity
ISIC_3302174,IL_4639886,dermoscopic,Malignant,SCCKA,85.0,female,lower extremity
ISIC_0248336,IL_4639919,clinical: close-up,Malignant,SCCKA,55.0,male,upper extremity
ISIC_8021491,IL_4639919,dermoscopic,Malignant,SCCKA,55.0,male,upper extremity
ISIC_8550132,IL_4641431,clinical: close-up,Malignant,BCC,85.0,female,head/neck
ISIC_4794413,IL_4641431,dermoscopic,Malignant,BCC,85.0,female,head/neck
ISIC_1058069,IL_4642030,clinical: close-up,Malignant,SCCKA,85.0,male,
ISIC_4141476,IL_4642030,dermoscopic,Malignant,SCCKA,85.0,male,
ISIC_7512177,IL_4642532,clinical: close-up,Malignant,BCC,65.0,male,
ISIC_8695042,IL_4642532,dermoscopic,Malignant,BCC,65.0,male,
ISIC_7140233,IL_4644252,clinical: close-up,Benign,NV,40.0,female,lower extremity
ISIC_3033732,IL_4644252,dermoscopic,Benign,NV,40.0,female,lower extremity
ISIC_6533290,IL_4645849,clinical: close-up,Benign,BKL,70.0,male,
ISIC_0265421,IL_4645849,dermoscopic,Benign,BKL,70.0,male,
ISIC_0953324,IL_4647036,clinical: close-up,Malignant,BCC,65.0,male,
ISIC_9738040,IL_4647036,dermoscopic,Malignant,BCC,65.0,male,
ISIC_4075407,IL_4647255,clinical: close-up,Malignant,BCC,75.0,female,head/neck
ISIC_4984773,IL_4647255,dermoscopic,Malignant,BCC,75.0,female,head/neck
ISIC_1089656,IL_4652077,clinical: close-up,Malignant,BCC,85.0,male,upper extremity
ISIC_0103392,IL_4652077,dermoscopic,Malignant,BCC,85.0,male,upper extremity
ISIC_0633557,IL_4652150,clinical: close-up,Malignant,SCCKA,65.0,male,upper extremity
ISIC_0350483,IL_4652150,dermoscopic,Malignant,SCCKA,65.0,male,upper extremity
ISIC_0628658,IL_4653785,clinical: close-up,Malignant,MEL,60.0,female,head/neck
ISIC_3931577,IL_4653785,dermoscopic,Malignant,MEL,60.0,female,head/neck
ISIC_9560662,IL_4663094,clinical: close-up,Benign,NV,40.0,female,lower extremity
ISIC_0613695,IL_4663094,dermoscopic,Benign,NV,40.0,female,lower extremity
ISIC_9648502,IL_4667770,clinical: close-up,Indeterminate,AKIEC,40.0,male,head/neck
ISIC_4308587,IL_4667770,dermoscopic,Indeterminate,AKIEC,40.0,male,head/neck
ISIC_1994938,IL_4668896,clinical: close-up,Malignant,BCC,80.0,male,lower extremity
ISIC_6895079,IL_4668896,dermoscopic,Malignant,BCC,80.0,male,lower extremity
ISIC_2184629,IL_4674217,clinical: close-up,Malignant,BCC,50.0,female,head/neck
ISIC_2973033,IL_4674217,dermoscopic,Malignant,BCC,50.0,female,head/neck
ISIC_8446097,IL_4676732,clinical: close-up,Benign,BKL,65.0,male,head/neck
ISIC_3661670,IL_4676732,dermoscopic,Benign,BKL,65.0,male,head/neck
ISIC_1853511,IL_4677643,clinical: close-up,Malignant,BCC,40.0,male,upper extremity
ISIC_0758142,IL_4677643,dermoscopic,Malignant,BCC,40.0,male,upper extremity
ISIC_9225022,IL_4681416,clinical: close-up,Benign,BKL,65.0,male,lower extremity
ISIC_6842250,IL_4681416,dermoscopic,Benign,BKL,65.0,male,lower extremity
ISIC_3935952,IL_4682243,clinical: close-up,Malignant,BCC,80.0,male,
ISIC_6418734,IL_4682243,dermoscopic,Malignant,BCC,80.0,male,
ISIC_1316256,IL_4682786,clinical: close-up,Malignant,BCC,70.0,male,
ISIC_2464952,IL_4682786,dermoscopic,Malignant,BCC,70.0,male,
ISIC_1327102,IL_4686156,clinical: close-up,Benign,VASC,80.0,male,lower extremity
ISIC_3014842,IL_4686156,dermoscopic,Benign,VASC,80.0,male,lower extremity
ISIC_2868801,IL_4686563,clinical: close-up,Benign,BKL,70.0,male,
ISIC_0089407,IL_4686563,dermoscopic,Benign,BKL,70.0,male,
ISIC_2772004,IL_4687032,clinical: close-up,Malignant,BCC,85.0,male,lower extremity
ISIC_1460320,IL_4687032,dermoscopic,Malignant,BCC,85.0,male,lower extremity
ISIC_6358122,IL_4688122,clinical: close-up,Malignant,BCC,85.0,female,
ISIC_2700220,IL_4688122,dermoscopic,Malignant,BCC,85.0,female,
ISIC_9392128,IL_4689658,clinical: close-up,Benign,BKL,75.0,male,head/neck
ISIC_1070964,IL_4689658,dermoscopic,Benign,BKL,75.0,male,head/neck
ISIC_1602215,IL_4692859,clinical: close-up,Malignant,BCC,50.0,female,lower extremity
ISIC_3722799,IL_4692859,dermoscopic,Malignant,BCC,50.0,female,lower extremity
ISIC_3003493,IL_4693876,clinical: close-up,Benign,NV,45.0,female,lower extremity
ISIC_9392626,IL_4693876,dermoscopic,Benign,NV,45.0,female,lower extremity
ISIC_0216815,IL_4696609,clinical: close-up,Benign,NV,80.0,female,
ISIC_7146069,IL_4696609,dermoscopic,Benign,NV,80.0,female,
ISIC_8099059,IL_4700992,clinical: close-up,Malignant,AKIEC,65.0,male,head/neck
ISIC_9905593,IL_4700992,dermoscopic,Malignant,AKIEC,65.0,male,head/neck
ISIC_9547421,IL_4701281,clinical: close-up,Benign,NV,40.0,male,
ISIC_2989365,IL_4701281,dermoscopic,Benign,NV,40.0,male,
ISIC_9489971,IL_4702219,clinical: close-up,Malignant,MEL,65.0,male,
ISIC_9820266,IL_4702219,dermoscopic,Malignant,MEL,65.0,male,
ISIC_8929392,IL_4711220,clinical: close-up,Malignant,BCC,75.0,male,head/neck
ISIC_0424213,IL_4711220,dermoscopic,Malignant,BCC,75.0,male,head/neck
ISIC_0836114,IL_4713878,clinical: close-up,Malignant,BCC,75.0,female,head/neck
ISIC_5835110,IL_4713878,dermoscopic,Malignant,BCC,75.0,female,head/neck
ISIC_7403025,IL_4720043,clinical: close-up,Malignant,MEL,45.0,male,head/neck
ISIC_4552372,IL_4720043,dermoscopic,Malignant,MEL,45.0,male,head/neck
ISIC_7560146,IL_4721897,clinical: close-up,Benign,BKL,65.0,female,
ISIC_5276989,IL_4721897,dermoscopic,Benign,BKL,65.0,female,
ISIC_2915213,IL_4726113,clinical: close-up,Malignant,BCC,70.0,female,upper extremity
ISIC_0865713,IL_4726113,dermoscopic,Malignant,BCC,70.0,female,upper extremity
ISIC_1194209,IL_4729044,clinical: close-up,Malignant,BCC,55.0,male,head/neck
ISIC_7541188,IL_4729044,dermoscopic,Malignant,BCC,55.0,male,head/neck
ISIC_3595631,IL_4730511,clinical: close-up,Malignant,SCCKA,85.0,female,lower extremity
ISIC_3591898,IL_4730511,dermoscopic,Malignant,SCCKA,85.0,female,lower extremity
ISIC_8355956,IL_4732001,clinical: close-up,Malignant,BCC,70.0,male,
ISIC_0838227,IL_4732001,dermoscopic,Malignant,BCC,70.0,male,
ISIC_2992927,IL_4732392,clinical: close-up,Benign,NV,65.0,male,
ISIC_6788333,IL_4732392,dermoscopic,Benign,NV,65.0,male,
ISIC_4942291,IL_4734157,clinical: close-up,Benign,NV,40.0,female,
ISIC_8405809,IL_4734157,dermoscopic,Benign,NV,40.0,female,
ISIC_4389317,IL_4737161,clinical: close-up,Benign,NV,35.0,female,lower extremity
ISIC_7138580,IL_4737161,dermoscopic,Benign,NV,35.0,female,lower extremity
ISIC_0627667,IL_4739106,clinical: close-up,Benign,NV,30.0,female,lower extremity
ISIC_7018101,IL_4739106,dermoscopic,Benign,NV,30.0,female,lower extremity
ISIC_4239743,IL_4742005,clinical: close-up,Benign,NV,55.0,female,
ISIC_9683086,IL_4742005,dermoscopic,Benign,NV,55.0,female,
ISIC_1301817,IL_4742371,clinical: close-up,Indeterminate,AKIEC,75.0,male,head/neck
ISIC_1139673,IL_4742371,dermoscopic,Indeterminate,AKIEC,75.0,male,head/neck
ISIC_1807046,IL_4745332,clinical: close-up,Benign,BKL,80.0,female,
ISIC_7367155,IL_4745332,dermoscopic,Benign,BKL,80.0,female,
ISIC_1874006,IL_4747873,clinical: close-up,Malignant,BCC,55.0,male,
ISIC_9314416,IL_4747873,dermoscopic,Malignant,BCC,55.0,male,
ISIC_8131794,IL_4748724,clinical: close-up,Benign,NV,70.0,male,
ISIC_1302258,IL_4748724,dermoscopic,Benign,NV,70.0,male,
ISIC_5387790,IL_4749815,clinical: close-up,Malignant,BCC,55.0,female,head/neck
ISIC_2484661,IL_4749815,dermoscopic,Malignant,BCC,55.0,female,head/neck
ISIC_2592427,IL_4752808,clinical: close-up,Benign,NV,70.0,female,head/neck
ISIC_3853000,IL_4752808,dermoscopic,Benign,NV,70.0,female,head/neck
ISIC_0370740,IL_4756008,clinical: close-up,Benign,NV,50.0,female,
ISIC_2686432,IL_4756008,dermoscopic,Benign,NV,50.0,female,
ISIC_4315588,IL_4756985,clinical: close-up,Malignant,BCC,80.0,male,head/neck
ISIC_3705158,IL_4756985,dermoscopic,Malignant,BCC,80.0,male,head/neck
ISIC_7300115,IL_4757654,clinical: close-up,Malignant,BCC,75.0,male,head/neck
ISIC_7144571,IL_4757654,dermoscopic,Malignant,BCC,75.0,male,head/neck
ISIC_4950049,IL_4765483,clinical: close-up,Malignant,BCC,85.0,male,
ISIC_8332020,IL_4765483,dermoscopic,Malignant,BCC,85.0,male,
ISIC_0931746,IL_4769652,clinical: close-up,Malignant,MEL,50.0,male,
ISIC_7718206,IL_4769652,dermoscopic,Malignant,MEL,50.0,male,
ISIC_8558990,IL_4777292,clinical: close-up,Malignant,BCC,70.0,male,head/neck
ISIC_4454419,IL_4777292,dermoscopic,Malignant,BCC,70.0,male,head/neck
ISIC_7980095,IL_4779406,clinical: close-up,Malignant,BCC,40.0,male,head/neck
ISIC_6104937,IL_4779406,dermoscopic,Malignant,BCC,40.0,male,head/neck
ISIC_6123621,IL_4781564,clinical: close-up,Malignant,BCC,40.0,female,
ISIC_6884836,IL_4781564,dermoscopic,Malignant,BCC,40.0,female,
ISIC_2064223,IL_4781957,clinical: close-up,Benign,BKL,70.0,female,head/neck
ISIC_0591696,IL_4781957,dermoscopic,Benign,BKL,70.0,female,head/neck
ISIC_3916461,IL_4782455,clinical: close-up,Malignant,BCC,70.0,male,lower extremity
ISIC_9521421,IL_4782455,dermoscopic,Malignant,BCC,70.0,male,lower extremity
ISIC_6967166,IL_4783389,clinical: close-up,Benign,NV,25.0,female,
ISIC_2591258,IL_4783389,dermoscopic,Benign,NV,25.0,female,
ISIC_6744907,IL_4785654,clinical: close-up,Malignant,SCCKA,65.0,male,lower extremity
ISIC_5614068,IL_4785654,dermoscopic,Malignant,SCCKA,65.0,male,lower extremity
ISIC_0346075,IL_4790851,clinical: close-up,Indeterminate,AKIEC,65.0,female,head/neck
ISIC_1446565,IL_4790851,dermoscopic,Indeterminate,AKIEC,65.0,female,head/neck
ISIC_4470087,IL_4790856,clinical: close-up,Malignant,BCC,70.0,male,
ISIC_3384621,IL_4790856,dermoscopic,Malignant,BCC,70.0,male,
ISIC_7100195,IL_4791300,clinical: close-up,Malignant,MEL,75.0,female,head/neck
ISIC_5763228,IL_4791300,dermoscopic,Malignant,MEL,75.0,female,head/neck
ISIC_1961823,IL_4793144,clinical: close-up,Malignant,BCC,80.0,male,head/neck
ISIC_1307470,IL_4793144,dermoscopic,Malignant,BCC,80.0,male,head/neck
ISIC_4438089,IL_4794810,clinical: close-up,Benign,VASC,60.0,female,head/neck
ISIC_6930203,IL_4794810,dermoscopic,Benign,VASC,60.0,female,head/neck
ISIC_7790823,IL_4796364,clinical: close-up,Benign,NV,45.0,female,
ISIC_0310855,IL_4796364,dermoscopic,Benign,NV,45.0,female,
ISIC_9078796,IL_4797529,clinical: close-up,Malignant,MEL,60.0,male,lower extremity
ISIC_7657322,IL_4797529,dermoscopic,Malignant,MEL,60.0,male,lower extremity
ISIC_6517004,IL_4799699,clinical: close-up,Malignant,BCC,75.0,male,upper extremity
ISIC_7283528,IL_4799699,dermoscopic,Malignant,BCC,75.0,male,upper extremity
ISIC_2055021,IL_4805155,clinical: close-up,Benign,NV,50.0,female,upper extremity
ISIC_9451867,IL_4805155,dermoscopic,Benign,NV,50.0,female,upper extremity
ISIC_1476980,IL_4811840,clinical: close-up,Benign,NV,40.0,male,lower extremity
ISIC_9922993,IL_4811840,dermoscopic,Benign,NV,40.0,male,lower extremity
ISIC_5248965,IL_4820678,clinical: close-up,Malignant,BCC,60.0,female,head/neck
ISIC_8776793,IL_4820678,dermoscopic,Malignant,BCC,60.0,female,head/neck
ISIC_2508689,IL_4826188,clinical: close-up,Malignant,BCC,70.0,female,
ISIC_2725046,IL_4826188,dermoscopic,Malignant,BCC,70.0,female,
ISIC_8816308,IL_4826540,clinical: close-up,Malignant,MEL,75.0,male,head/neck
ISIC_3320667,IL_4826540,dermoscopic,Malignant,MEL,75.0,male,head/neck
ISIC_5030554,IL_4829953,clinical: close-up,Malignant,MEL,75.0,male,
ISIC_5350988,IL_4829953,dermoscopic,Malignant,MEL,75.0,male,
ISIC_1909122,IL_4836988,clinical: close-up,Benign,BKL,60.0,male,
ISIC_2735511,IL_4836988,dermoscopic,Benign,BKL,60.0,male,
ISIC_8989132,IL_4840616,clinical: close-up,Malignant,BCC,75.0,male,
ISIC_4683265,IL_4840616,dermoscopic,Malignant,BCC,75.0,male,
ISIC_1186941,IL_4843671,clinical: close-up,Malignant,BCC,55.0,male,
ISIC_5178949,IL_4843671,dermoscopic,Malignant,BCC,55.0,male,
ISIC_4893353,IL_4846711,clinical: close-up,Malignant,BCC,60.0,male,head/neck
ISIC_8421484,IL_4846711,dermoscopic,Malignant,BCC,60.0,male,head/neck
ISIC_8910720,IL_4851899,clinical: close-up,Malignant,BCC,75.0,male,head/neck
ISIC_2029702,IL_4851899,dermoscopic,Malignant,BCC,75.0,male,head/neck
ISIC_2772998,IL_4855362,clinical: close-up,Malignant,BCC,45.0,female,
ISIC_9648773,IL_4855362,dermoscopic,Malignant,BCC,45.0,female,
ISIC_9207862,IL_4859136,clinical: close-up,Malignant,BCC,60.0,male,
ISIC_7284546,IL_4859136,dermoscopic,Malignant,BCC,60.0,male,
ISIC_0483066,IL_4860977,clinical: close-up,Malignant,BCC,75.0,male,head/neck
ISIC_4270494,IL_4860977,dermoscopic,Malignant,BCC,75.0,male,head/neck
ISIC_6872189,IL_4862804,clinical: close-up,Malignant,BCC,55.0,female,lower extremity
ISIC_7974196,IL_4862804,dermoscopic,Malignant,BCC,55.0,female,lower extremity
ISIC_8791911,IL_4864360,clinical: close-up,Benign,BKL,50.0,male,head/neck
ISIC_6327414,IL_4864360,dermoscopic,Benign,BKL,50.0,male,head/neck
ISIC_4716765,IL_4865091,clinical: close-up,Malignant,SCCKA,65.0,male,upper extremity
ISIC_8457494,IL_4865091,dermoscopic,Malignant,SCCKA,65.0,male,upper extremity
ISIC_7253697,IL_4865476,clinical: close-up,Malignant,BCC,50.0,male,
ISIC_3063587,IL_4865476,dermoscopic,Malignant,BCC,50.0,male,
ISIC_4442537,IL_4866547,clinical: close-up,Malignant,BCC,70.0,male,upper extremity
ISIC_0535290,IL_4866547,dermoscopic,Malignant,BCC,70.0,male,upper extremity
ISIC_8753280,IL_4876348,clinical: close-up,Malignant,SCCKA,55.0,female,upper extremity
ISIC_9452345,IL_4876348,dermoscopic,Malignant,SCCKA,55.0,female,upper extremity
ISIC_6669060,IL_4877851,clinical: close-up,Benign,NV,30.0,female,
ISIC_7855982,IL_4877851,dermoscopic,Benign,NV,30.0,female,
ISIC_5824457,IL_4878872,clinical: close-up,Malignant,BCC,60.0,female,upper extremity
ISIC_1081140,IL_4878872,dermoscopic,Malignant,BCC,60.0,female,upper extremity
ISIC_0489493,IL_4879844,clinical: close-up,Malignant,MEL,75.0,male,head/neck
ISIC_5962932,IL_4879844,dermoscopic,Malignant,MEL,75.0,male,head/neck
ISIC_8431410,IL_4893133,clinical: close-up,Indeterminate,AKIEC,80.0,male,head/neck
ISIC_2245518,IL_4893133,dermoscopic,Indeterminate,AKIEC,80.0,male,head/neck
ISIC_7196976,IL_4896653,clinical: close-up,Benign,BKL,55.0,male,
ISIC_8402813,IL_4896653,dermoscopic,Benign,BKL,55.0,male,
ISIC_1798918,IL_4907068,clinical: close-up,Malignant,BCC,75.0,female,lower extremity
ISIC_7744790,IL_4907068,dermoscopic,Malignant,BCC,75.0,female,lower extremity
ISIC_5765489,IL_4908746,clinical: close-up,Benign,NV,45.0,male,
ISIC_8532648,IL_4908746,dermoscopic,Benign,NV,45.0,male,
ISIC_1066639,IL_4910941,clinical: close-up,Malignant,BCC,60.0,female,
ISIC_3995849,IL_4910941,dermoscopic,Malignant,BCC,60.0,female,
ISIC_3355310,IL_4913494,clinical: close-up,Benign,BKL,85.0,female,upper extremity
ISIC_5543919,IL_4913494,dermoscopic,Benign,BKL,85.0,female,upper extremity
ISIC_9929712,IL_4915853,clinical: close-up,Benign,BKL,45.0,female,head/neck
ISIC_4231056,IL_4915853,dermoscopic,Benign,BKL,45.0,female,head/neck
ISIC_6216289,IL_4918167,clinical: close-up,Benign,INF,60.0,male,head/neck
ISIC_9630006,IL_4918167,dermoscopic,Benign,INF,60.0,male,head/neck
ISIC_9532907,IL_4918829,clinical: close-up,Malignant,BCC,75.0,male,
ISIC_2763588,IL_4918829,dermoscopic,Malignant,BCC,75.0,male,
ISIC_0715312,IL_4921939,clinical: close-up,Malignant,BCC,65.0,male,head/neck
ISIC_8184315,IL_4921939,dermoscopic,Malignant,BCC,65.0,male,head/neck
ISIC_4318027,IL_4922531,clinical: close-up,Malignant,MEL,85.0,female,
ISIC_8627581,IL_4922531,dermoscopic,Malignant,MEL,85.0,female,
ISIC_2958443,IL_4923894,clinical: close-up,Malignant,SCCKA,85.0,male,lower extremity
ISIC_3567091,IL_4923894,dermoscopic,Malignant,SCCKA,85.0,male,lower extremity
ISIC_6138256,IL_4924328,clinical: close-up,Malignant,BCC,55.0,male,upper extremity
ISIC_8353499,IL_4924328,dermoscopic,Malignant,BCC,55.0,male,upper extremity
ISIC_1731382,IL_4924418,clinical: close-up,Malignant,MEL,70.0,female,head/neck
ISIC_3070466,IL_4924418,dermoscopic,Malignant,MEL,70.0,female,head/neck
ISIC_5378878,IL_4924937,clinical: close-up,Malignant,BCC,60.0,male,upper extremity
ISIC_4419306,IL_4924937,dermoscopic,Malignant,BCC,60.0,male,upper extremity
ISIC_6698584,IL_4926064,clinical: close-up,Malignant,BCC,45.0,male,upper extremity
ISIC_0860468,IL_4926064,dermoscopic,Malignant,BCC,45.0,male,upper extremity
ISIC_5874977,IL_4928087,clinical: close-up,Malignant,MEL,70.0,male,head/neck
ISIC_5010590,IL_4928087,dermoscopic,Malignant,MEL,70.0,male,head/neck
ISIC_8800634,IL_4929209,clinical: close-up,Benign,BKL,55.0,male,
ISIC_0698052,IL_4929209,dermoscopic,Benign,BKL,55.0,male,
ISIC_1897373,IL_4930300,clinical: close-up,Malignant,AKIEC,80.0,female,lower extremity
ISIC_5555712,IL_4930300,dermoscopic,Malignant,AKIEC,80.0,female,lower extremity
ISIC_2892335,IL_4932041,clinical: close-up,Benign,BKL,85.0,female,head/neck
ISIC_3015606,IL_4932041,dermoscopic,Benign,BKL,85.0,female,head/neck
ISIC_1895532,IL_4935391,clinical: close-up,Malignant,BCC,60.0,male,head/neck
ISIC_0786326,IL_4935391,dermoscopic,Malignant,BCC,60.0,male,head/neck
ISIC_5788932,IL_4935428,clinical: close-up,Indeterminate,AKIEC,65.0,male,head/neck
ISIC_1666328,IL_4935428,dermoscopic,Indeterminate,AKIEC,65.0,male,head/neck
ISIC_2903716,IL_4935595,clinical: close-up,Benign,NV,50.0,female,head/neck
ISIC_4171839,IL_4935595,dermoscopic,Benign,NV,50.0,female,head/neck
ISIC_5542664,IL_4941375,clinical: close-up,Malignant,BCC,70.0,male,
ISIC_6451061,IL_4941375,dermoscopic,Malignant,BCC,70.0,male,
ISIC_2025477,IL_4954108,clinical: close-up,Benign,NV,30.0,male,
ISIC_6691035,IL_4954108,dermoscopic,Benign,NV,30.0,male,
ISIC_3213706,IL_4962584,clinical: close-up,Benign,NV,30.0,female,
ISIC_0499739,IL_4962584,dermoscopic,Benign,NV,30.0,female,
ISIC_3545489,IL_4968096,clinical: close-up,Malignant,BCC,70.0,male,head/neck
ISIC_3159699,IL_4968096,dermoscopic,Malignant,BCC,70.0,male,head/neck
ISIC_9828047,IL_4970478,clinical: close-up,Malignant,BCC,65.0,female,head/neck
ISIC_3917002,IL_4970478,dermoscopic,Malignant,BCC,65.0,female,head/neck
ISIC_7605546,IL_4976689,clinical: close-up,Malignant,SCCKA,65.0,male,upper extremity
ISIC_0448586,IL_4976689,dermoscopic,Malignant,SCCKA,65.0,male,upper extremity
ISIC_0612181,IL_4978975,clinical: close-up,Malignant,BCC,70.0,male,head/neck
ISIC_2646200,IL_4978975,dermoscopic,Malignant,BCC,70.0,male,head/neck
ISIC_8937601,IL_4980476,clinical: close-up,Malignant,MEL,30.0,female,
ISIC_9111814,IL_4980476,dermoscopic,Malignant,MEL,30.0,female,
ISIC_8647252,IL_4980743,clinical: close-up,Malignant,BCC,75.0,female,
ISIC_7395485,IL_4980743,dermoscopic,Malignant,BCC,75.0,female,
ISIC_9061787,IL_4987337,clinical: close-up,Malignant,BCC,60.0,male,head/neck
ISIC_3703123,IL_4987337,dermoscopic,Malignant,BCC,60.0,male,head/neck
ISIC_0499702,IL_4987655,clinical: close-up,Malignant,MEL,75.0,male,head/neck
ISIC_3431348,IL_4987655,dermoscopic,Malignant,MEL,75.0,male,head/neck
ISIC_3159028,IL_4990180,clinical: close-up,Malignant,BCC,70.0,male,lower extremity
ISIC_7436712,IL_4990180,dermoscopic,Malignant,BCC,70.0,male,lower extremity
ISIC_0763559,IL_4992123,clinical: close-up,Malignant,BCC,65.0,male,
ISIC_6074237,IL_4992123,dermoscopic,Malignant,BCC,65.0,male,
ISIC_7254042,IL_4996193,clinical: close-up,Malignant,SCCKA,80.0,male,upper extremity
ISIC_8750253,IL_4996193,dermoscopic,Malignant,SCCKA,80.0,male,upper extremity
ISIC_3418625,IL_4997932,clinical: close-up,Malignant,BCC,85.0,male,head/neck
ISIC_4357637,IL_4997932,dermoscopic,Malignant,BCC,85.0,male,head/neck
ISIC_9581030,IL_5008733,clinical: close-up,Malignant,BCC,40.0,male,upper extremity
ISIC_6036586,IL_5008733,dermoscopic,Malignant,BCC,40.0,male,upper extremity
ISIC_9738298,IL_5009030,clinical: close-up,Benign,NV,40.0,male,
ISIC_9120905,IL_5009030,dermoscopic,Benign,NV,40.0,male,
ISIC_5029533,IL_5010789,clinical: close-up,Malignant,AKIEC,75.0,male,lower extremity
ISIC_0496864,IL_5010789,dermoscopic,Malignant,AKIEC,75.0,male,lower extremity
ISIC_4307964,IL_5011583,clinical: close-up,Malignant,BCC,55.0,female,
ISIC_9354948,IL_5011583,dermoscopic,Malignant,BCC,55.0,female,
ISIC_5296837,IL_5012035,clinical: close-up,Malignant,MEL,80.0,female,head/neck
ISIC_6376325,IL_5012035,dermoscopic,Malignant,MEL,80.0,female,head/neck
ISIC_0649359,IL_5016629,clinical: close-up,Malignant,MEL,55.0,female,head/neck
ISIC_2372341,IL_5016629,dermoscopic,Malignant,MEL,55.0,female,head/neck
ISIC_7590490,IL_5017346,clinical: close-up,Benign,INF,45.0,female,upper extremity
ISIC_6044458,IL_5017346,dermoscopic,Benign,INF,45.0,female,upper extremity
ISIC_1111646,IL_5019289,clinical: close-up,Malignant,BCC,55.0,male,lower extremity
ISIC_1124077,IL_5019289,dermoscopic,Malignant,BCC,55.0,male,lower extremity
ISIC_5459597,IL_5022797,clinical: close-up,Benign,NV,35.0,female,lower extremity
ISIC_1025100,IL_5022797,dermoscopic,Benign,NV,35.0,female,lower extremity
ISIC_2124339,IL_5023109,clinical: close-up,Malignant,BCC,60.0,female,
ISIC_2084154,IL_5023109,dermoscopic,Malignant,BCC,60.0,female,
ISIC_6328900,IL_5026579,clinical: close-up,Malignant,SCCKA,75.0,female,lower extremity
ISIC_1556154,IL_5026579,dermoscopic,Malignant,SCCKA,75.0,female,lower extremity
ISIC_8641274,IL_5033340,clinical: close-up,Benign,NV,70.0,female,lower extremity
ISIC_4787120,IL_5033340,dermoscopic,Benign,NV,70.0,female,lower extremity
ISIC_1859155,IL_5034134,clinical: close-up,Malignant,BCC,65.0,female,
ISIC_0956399,IL_5034134,dermoscopic,Malignant,BCC,65.0,female,
ISIC_9261011,IL_5040645,clinical: close-up,Malignant,BCC,70.0,male,head/neck
ISIC_3183514,IL_5040645,dermoscopic,Malignant,BCC,70.0,male,head/neck
ISIC_4282374,IL_5040782,clinical: close-up,Benign,BKL,60.0,female,lower extremity
ISIC_2738904,IL_5040782,dermoscopic,Benign,BKL,60.0,female,lower extremity
ISIC_3776721,IL_5042712,clinical: close-up,Malignant,BCC,85.0,male,
ISIC_1135159,IL_5042712,dermoscopic,Malignant,BCC,85.0,male,
ISIC_6372573,IL_5042864,clinical: close-up,Benign,NV,55.0,female,lower extremity
ISIC_8699706,IL_5042864,dermoscopic,Benign,NV,55.0,female,lower extremity
ISIC_4065256,IL_5044233,clinical: close-up,Benign,VASC,20.0,male,
ISIC_7602538,IL_5044233,dermoscopic,Benign,VASC,20.0,male,
ISIC_0608821,IL_5045775,clinical: close-up,Benign,VASC,70.0,female,lower extremity
ISIC_3356573,IL_5045775,dermoscopic,Benign,VASC,70.0,female,lower extremity
ISIC_6318069,IL_5046857,clinical: close-up,Malignant,BCC,40.0,female,upper extremity
ISIC_4565131,IL_5046857,dermoscopic,Malignant,BCC,40.0,female,upper extremity
ISIC_0257297,IL_5052158,clinical: close-up,Malignant,BCC,60.0,male,
ISIC_8285958,IL_5052158,dermoscopic,Malignant,BCC,60.0,male,
ISIC_8120877,IL_5058360,clinical: close-up,Benign,NV,5.0,female,lower extremity
ISIC_9392092,IL_5058360,dermoscopic,Benign,NV,5.0,female,lower extremity
ISIC_0263908,IL_5060375,clinical: close-up,Malignant,BCC,70.0,female,
ISIC_2202352,IL_5060375,dermoscopic,Malignant,BCC,70.0,female,
ISIC_1306180,IL_5066256,clinical: close-up,Benign,BKL,65.0,male,head/neck
ISIC_4025658,IL_5066256,dermoscopic,Benign,BKL,65.0,male,head/neck
ISIC_1943368,IL_5066436,clinical: close-up,Benign,BKL,50.0,male,head/neck
ISIC_5602626,IL_5066436,dermoscopic,Benign,BKL,50.0,male,head/neck
ISIC_7518317,IL_5069726,clinical: close-up,Malignant,BCC,45.0,male,
ISIC_8759215,IL_5069726,dermoscopic,Malignant,BCC,45.0,male,
ISIC_3115412,IL_5074054,clinical: close-up,Benign,BKL,65.0,male,
ISIC_4722294,IL_5074054,dermoscopic,Benign,BKL,65.0,male,
ISIC_5323349,IL_5076594,clinical: close-up,Malignant,BCC,65.0,male,lower extremity
ISIC_3818412,IL_5076594,dermoscopic,Malignant,BCC,65.0,male,lower extremity
ISIC_3790590,IL_5076804,clinical: close-up,Malignant,BCC,85.0,male,upper extremity
ISIC_0317094,IL_5076804,dermoscopic,Malignant,BCC,85.0,male,upper extremity
ISIC_3045344,IL_5078646,clinical: close-up,Malignant,SCCKA,75.0,male,lower extremity
ISIC_8231437,IL_5078646,dermoscopic,Malignant,SCCKA,75.0,male,lower extremity
ISIC_8243063,IL_5083460,clinical: close-up,Malignant,SCCKA,85.0,male,lower extremity
ISIC_5761793,IL_5083460,dermoscopic,Malignant,SCCKA,85.0,male,lower extremity
ISIC_7555202,IL_5084556,clinical: close-up,Malignant,SCCKA,45.0,male,head/neck
ISIC_8129640,IL_5084556,dermoscopic,Malignant,SCCKA,45.0,male,head/neck
ISIC_0534510,IL_5091449,clinical: close-up,Benign,NV,15.0,female,
ISIC_1510512,IL_5091449,dermoscopic,Benign,NV,15.0,female,
ISIC_1533060,IL_5091814,clinical: close-up,Malignant,BCC,60.0,female,head/neck
ISIC_7319361,IL_5091814,dermoscopic,Malignant,BCC,60.0,female,head/neck
ISIC_9384262,IL_5092028,clinical: close-up,Malignant,AKIEC,60.0,male,upper extremity
ISIC_1999829,IL_5092028,dermoscopic,Malignant,AKIEC,60.0,male,upper extremity
ISIC_5149579,IL_5099226,clinical: close-up,Benign,NV,30.0,female,
ISIC_7206588,IL_5099226,dermoscopic,Benign,NV,30.0,female,
ISIC_9955193,IL_5109788,clinical: close-up,Benign,BKL,45.0,female,
ISIC_1275089,IL_5109788,dermoscopic,Benign,BKL,45.0,female,
ISIC_7302567,IL_5110941,clinical: close-up,Malignant,BCC,55.0,female,
ISIC_8731964,IL_5110941,dermoscopic,Malignant,BCC,55.0,female,
ISIC_5416645,IL_5111323,clinical: close-up,Malignant,MEL,60.0,male,
ISIC_7402642,IL_5111323,dermoscopic,Malignant,MEL,60.0,male,
ISIC_1971219,IL_5111360,clinical: close-up,Malignant,BCC,60.0,male,
ISIC_5597278,IL_5111360,dermoscopic,Malignant,BCC,60.0,male,
ISIC_1471558,IL_5113202,clinical: close-up,Malignant,BCC,50.0,female,head/neck
ISIC_6787367,IL_5113202,dermoscopic,Malignant,BCC,50.0,female,head/neck
ISIC_7484441,IL_5114359,clinical: close-up,Malignant,SCCKA,70.0,male,lower extremity
ISIC_2097701,IL_5114359,dermoscopic,Malignant,SCCKA,70.0,male,lower extremity
ISIC_7919849,IL_5118297,clinical: close-up,Malignant,BCC,75.0,female,lower extremity
ISIC_1325383,IL_5118297,dermoscopic,Malignant,BCC,75.0,female,lower extremity
ISIC_2293465,IL_5118917,clinical: close-up,Malignant,BCC,75.0,male,
ISIC_9584529,IL_5118917,dermoscopic,Malignant,BCC,75.0,male,
ISIC_4803473,IL_5120662,clinical: close-up,Malignant,BCC,70.0,female,upper extremity
ISIC_2068038,IL_5120662,dermoscopic,Malignant,BCC,70.0,female,upper extremity
ISIC_6968526,IL_5129613,clinical: close-up,Malignant,BCC,65.0,female,head/neck
ISIC_3712412,IL_5129613,dermoscopic,Malignant,BCC,65.0,female,head/neck
ISIC_4083123,IL_5133299,clinical: close-up,Malignant,MEL,55.0,male,lower extremity
ISIC_4277953,IL_5133299,dermoscopic,Malignant,MEL,55.0,male,lower extremity
ISIC_5187564,IL_5136335,clinical: close-up,Benign,INF,70.0,male,head/neck
ISIC_6137075,IL_5136335,dermoscopic,Benign,INF,70.0,male,head/neck
ISIC_9294596,IL_5137541,clinical: close-up,Malignant,BCC,85.0,male,head/neck
ISIC_4444763,IL_5137541,dermoscopic,Malignant,BCC,85.0,male,head/neck
ISIC_5013715,IL_5140022,clinical: close-up,Malignant,BCC,65.0,male,
ISIC_0823112,IL_5140022,dermoscopic,Malignant,BCC,65.0,male,
ISIC_4438000,IL_5147950,clinical: close-up,Malignant,BCC,60.0,male,head/neck
ISIC_9973864,IL_5147950,dermoscopic,Malignant,BCC,60.0,male,head/neck
ISIC_4443257,IL_5149230,clinical: close-up,Malignant,BCC,75.0,female,head/neck
ISIC_8255125,IL_5149230,dermoscopic,Malignant,BCC,75.0,female,head/neck
ISIC_0373667,IL_5153554,clinical: close-up,Malignant,BCC,40.0,female,
ISIC_2024217,IL_5153554,dermoscopic,Malignant,BCC,40.0,female,
ISIC_7142949,IL_5154479,clinical: close-up,Malignant,BCC,75.0,female,head/neck
ISIC_3926968,IL_5154479,dermoscopic,Malignant,BCC,75.0,female,head/neck
ISIC_2671519,IL_5156328,clinical: close-up,Malignant,BCC,55.0,male,
ISIC_1309001,IL_5156328,dermoscopic,Malignant,BCC,55.0,male,
ISIC_7958109,IL_5157227,clinical: close-up,Malignant,MEL,85.0,male,
ISIC_9792283,IL_5157227,dermoscopic,Malignant,MEL,85.0,male,
ISIC_5721420,IL_5157883,clinical: close-up,Benign,NV,55.0,female,head/neck
ISIC_0508629,IL_5157883,dermoscopic,Benign,NV,55.0,female,head/neck
ISIC_1883149,IL_5158358,clinical: close-up,Malignant,BCC,80.0,male,head/neck
ISIC_6115749,IL_5158358,dermoscopic,Malignant,BCC,80.0,male,head/neck
ISIC_5932619,IL_5160157,clinical: close-up,Malignant,BCC,45.0,female,
ISIC_0836815,IL_5160157,dermoscopic,Malignant,BCC,45.0,female,
ISIC_2164257,IL_5162996,clinical: close-up,Malignant,BCC,75.0,male,head/neck
ISIC_7892545,IL_5162996,dermoscopic,Malignant,BCC,75.0,male,head/neck
ISIC_9676659,IL_5163044,clinical: close-up,Malignant,AKIEC,65.0,female,upper extremity
ISIC_4585749,IL_5163044,dermoscopic,Malignant,AKIEC,65.0,female,upper extremity
ISIC_4013061,IL_5163548,clinical: close-up,Benign,NV,,male,lower extremity
ISIC_0570358,IL_5163548,dermoscopic,Benign,NV,,male,lower extremity
ISIC_0097906,IL_5173093,clinical: close-up,Malignant,BCC,55.0,female,
ISIC_4497730,IL_5173093,dermoscopic,Malignant,BCC,55.0,female,
ISIC_5993711,IL_5173461,clinical: close-up,Malignant,BCC,65.0,female,head/neck
ISIC_3494719,IL_5173461,dermoscopic,Malignant,BCC,65.0,female,head/neck
ISIC_2400614,IL_5179568,clinical: close-up,Benign,BKL,60.0,female,lower extremity
ISIC_7303727,IL_5179568,dermoscopic,Benign,BKL,60.0,female,lower extremity
ISIC_8949610,IL_5181041,clinical: close-up,Benign,NV,60.0,female,
ISIC_8318126,IL_5181041,dermoscopic,Benign,NV,60.0,female,
ISIC_8807238,IL_5181859,clinical: close-up,Malignant,SCCKA,65.0,male,head/neck
ISIC_5132321,IL_5181859,dermoscopic,Malignant,SCCKA,65.0,male,head/neck
ISIC_8694246,IL_5186069,clinical: close-up,Malignant,BCC,65.0,female,upper extremity
ISIC_6133264,IL_5186069,dermoscopic,Malignant,BCC,65.0,female,upper extremity
ISIC_2553804,IL_5186101,clinical: close-up,Benign,NV,35.0,male,head/neck
ISIC_6640040,IL_5186101,dermoscopic,Benign,NV,35.0,male,head/neck
ISIC_9310359,IL_5187554,clinical: close-up,Malignant,BCC,50.0,female,lower extremity
ISIC_1176980,IL_5187554,dermoscopic,Malignant,BCC,50.0,female,lower extremity
ISIC_1718325,IL_5187817,clinical: close-up,Malignant,BCC,70.0,male,
ISIC_3792868,IL_5187817,dermoscopic,Malignant,BCC,70.0,male,
ISIC_8525598,IL_5188530,clinical: close-up,Malignant,SCCKA,60.0,male,upper extremity
ISIC_8980999,IL_5188530,dermoscopic,Malignant,SCCKA,60.0,male,upper extremity
ISIC_2564518,IL_5189473,clinical: close-up,Benign,BKL,85.0,male,
ISIC_9625758,IL_5189473,dermoscopic,Benign,BKL,85.0,male,
ISIC_3242637,IL_5190686,clinical: close-up,Malignant,SCCKA,65.0,female,head/neck
ISIC_1382648,IL_5190686,dermoscopic,Malignant,SCCKA,65.0,female,head/neck
ISIC_8063764,IL_5192091,clinical: close-up,Malignant,BCC,85.0,female,upper extremity
ISIC_3877266,IL_5192091,dermoscopic,Malignant,BCC,85.0,female,upper extremity
ISIC_0576794,IL_5193790,clinical: close-up,Malignant,BCC,65.0,male,upper extremity
ISIC_8554900,IL_5193790,dermoscopic,Malignant,BCC,65.0,male,upper extremity
ISIC_9878841,IL_5197264,clinical: close-up,Malignant,BCC,70.0,male,head/neck
ISIC_2864613,IL_5197264,dermoscopic,Malignant,BCC,70.0,male,head/neck
ISIC_9231756,IL_5207680,clinical: close-up,Malignant,MEL,30.0,male,
ISIC_7808642,IL_5207680,dermoscopic,Malignant,MEL,30.0,male,
ISIC_8821690,IL_5208753,clinical: close-up,Malignant,BCC,70.0,female,head/neck
ISIC_9566384,IL_5208753,dermoscopic,Malignant,BCC,70.0,female,head/neck
ISIC_8680973,IL_5209978,clinical: close-up,Malignant,BCC,40.0,female,head/neck
ISIC_4996777,IL_5209978,dermoscopic,Malignant,BCC,40.0,female,head/neck
ISIC_5539918,IL_5214298,clinical: close-up,Malignant,SCCKA,65.0,male,head/neck
ISIC_1485788,IL_5214298,dermoscopic,Malignant,SCCKA,65.0,male,head/neck
ISIC_2557089,IL_5217084,clinical: close-up,Malignant,AKIEC,75.0,female,head/neck
ISIC_0939687,IL_5217084,dermoscopic,Malignant,AKIEC,75.0,female,head/neck
ISIC_3740583,IL_5220758,clinical: close-up,Malignant,BCC,80.0,female,lower extremity
ISIC_8145727,IL_5220758,dermoscopic,Malignant,BCC,80.0,female,lower extremity
ISIC_9627432,IL_5222228,clinical: close-up,Benign,NV,15.0,male,head/neck
ISIC_7890093,IL_5222228,dermoscopic,Benign,NV,15.0,male,head/neck
ISIC_5777376,IL_5226953,clinical: close-up,Benign,NV,5.0,male,head/neck
ISIC_5554081,IL_5226953,dermoscopic,Benign,NV,5.0,male,head/neck
ISIC_1707452,IL_5235613,clinical: close-up,Malignant,SCCKA,80.0,female,lower extremity
ISIC_2215299,IL_5235613,dermoscopic,Malignant,SCCKA,80.0,female,lower extremity
ISIC_5261867,IL_5236247,clinical: close-up,Benign,BKL,60.0,male,head/neck
ISIC_1822355,IL_5236247,dermoscopic,Benign,BKL,60.0,male,head/neck
ISIC_6363175,IL_5236713,clinical: close-up,Malignant,BCC,70.0,female,upper extremity
ISIC_8103067,IL_5236713,dermoscopic,Malignant,BCC,70.0,female,upper extremity
ISIC_3318576,IL_5236788,clinical: close-up,Benign,BKL,80.0,female,head/neck
ISIC_9380419,IL_5236788,dermoscopic,Benign,BKL,80.0,female,head/neck
ISIC_9932307,IL_5241211,clinical: close-up,Benign,NV,25.0,male,head/neck
ISIC_9267602,IL_5241211,dermoscopic,Benign,NV,25.0,male,head/neck
ISIC_9828103,IL_5245045,clinical: close-up,Malignant,BCC,70.0,male,lower extremity
ISIC_2501467,IL_5245045,dermoscopic,Malignant,BCC,70.0,male,lower extremity
ISIC_1916468,IL_5246616,clinical: close-up,Malignant,BCC,70.0,female,lower extremity
ISIC_5027796,IL_5246616,dermoscopic,Malignant,BCC,70.0,female,lower extremity
ISIC_7595404,IL_5247535,clinical: close-up,Benign,BKL,75.0,female,head/neck
ISIC_0685008,IL_5247535,dermoscopic,Benign,BKL,75.0,female,head/neck
ISIC_0944241,IL_5251059,clinical: close-up,Malignant,MEL,65.0,female,lower extremity
ISIC_5807024,IL_5251059,dermoscopic,Malignant,MEL,65.0,female,lower extremity
ISIC_7635285,IL_5252859,clinical: close-up,Indeterminate,AKIEC,75.0,male,upper extremity
ISIC_8341598,IL_5252859,dermoscopic,Indeterminate,AKIEC,75.0,male,upper extremity
ISIC_6484898,IL_5254540,clinical: close-up,Malignant,BCC,75.0,male,head/neck
ISIC_8622558,IL_5254540,dermoscopic,Malignant,BCC,75.0,male,head/neck
ISIC_2758033,IL_5260419,clinical: close-up,Malignant,SCCKA,60.0,male,head/neck
ISIC_2049002,IL_5260419,dermoscopic,Malignant,SCCKA,60.0,male,head/neck
ISIC_9048474,IL_5262456,clinical: close-up,Malignant,BCC,55.0,male,
ISIC_6092124,IL_5262456,dermoscopic,Malignant,BCC,55.0,male,
ISIC_3553323,IL_5263017,clinical: close-up,Benign,NV,45.0,male,
ISIC_3730239,IL_5263017,dermoscopic,Benign,NV,45.0,male,
ISIC_4916835,IL_5263349,clinical: close-up,Benign,BKL,60.0,female,upper extremity
ISIC_1612482,IL_5263349,dermoscopic,Benign,BKL,60.0,female,upper extremity
ISIC_4810104,IL_5264589,clinical: close-up,Benign,BKL,70.0,male,head/neck
ISIC_9071975,IL_5264589,dermoscopic,Benign,BKL,70.0,male,head/neck
ISIC_9497071,IL_5267029,clinical: close-up,Malignant,MEL,70.0,male,
ISIC_8898820,IL_5267029,dermoscopic,Malignant,MEL,70.0,male,
ISIC_0507778,IL_5267553,clinical: close-up,Malignant,BCC,60.0,female,
ISIC_4189363,IL_5267553,dermoscopic,Malignant,BCC,60.0,female,
ISIC_2420699,IL_5270623,clinical: close-up,Malignant,BCC,75.0,male,lower extremity
ISIC_1843399,IL_5270623,dermoscopic,Malignant,BCC,75.0,male,lower extremity
ISIC_9124673,IL_5271098,clinical: close-up,Malignant,BCC,75.0,male,head/neck
ISIC_0077054,IL_5271098,dermoscopic,Malignant,BCC,75.0,male,head/neck
ISIC_8953290,IL_5275481,clinical: close-up,Malignant,BCC,70.0,female,head/neck
ISIC_7325617,IL_5275481,dermoscopic,Malignant,BCC,70.0,female,head/neck
ISIC_6289625,IL_5277134,clinical: close-up,Malignant,MEL,55.0,male,
ISIC_8697607,IL_5277134,dermoscopic,Malignant,MEL,55.0,male,
ISIC_1647954,IL_5277754,clinical: close-up,Malignant,BCC,85.0,male,
ISIC_0655029,IL_5277754,dermoscopic,Malignant,BCC,85.0,male,
ISIC_1046103,IL_5278264,clinical: close-up,Benign,BKL,80.0,male,head/neck
ISIC_2702984,IL_5278264,dermoscopic,Benign,BKL,80.0,male,head/neck
ISIC_0468332,IL_5281501,clinical: close-up,Malignant,BCC,55.0,male,upper extremity
ISIC_2993047,IL_5281501,dermoscopic,Malignant,BCC,55.0,male,upper extremity
ISIC_8138760,IL_5283956,clinical: close-up,Malignant,BCC,65.0,male,
ISIC_5783892,IL_5283956,dermoscopic,Malignant,BCC,65.0,male,
ISIC_0515719,IL_5285603,clinical: close-up,Benign,VASC,85.0,male,
ISIC_8791057,IL_5285603,dermoscopic,Benign,VASC,85.0,male,
ISIC_9999151,IL_5287926,clinical: close-up,Benign,NV,65.0,female,head/neck
ISIC_3668445,IL_5287926,dermoscopic,Benign,NV,65.0,female,head/neck
ISIC_3892467,IL_5289239,clinical: close-up,Malignant,SCCKA,75.0,male,
ISIC_6989179,IL_5289239,dermoscopic,Malignant,SCCKA,75.0,male,
ISIC_7155489,IL_5293525,clinical: close-up,Benign,NV,35.0,female,
ISIC_1789556,IL_5293525,dermoscopic,Benign,NV,35.0,female,
ISIC_6705014,IL_5299543,clinical: close-up,Benign,DF,40.0,female,lower extremity
ISIC_5539676,IL_5299543,dermoscopic,Benign,DF,40.0,female,lower extremity
ISIC_4823764,IL_5304581,clinical: close-up,Benign,NV,50.0,male,
ISIC_7285901,IL_5304581,dermoscopic,Benign,NV,50.0,male,
ISIC_5682266,IL_5304698,clinical: close-up,Malignant,BCC,85.0,female,upper extremity
ISIC_8712502,IL_5304698,dermoscopic,Malignant,BCC,85.0,female,upper extremity
ISIC_2258441,IL_5310086,clinical: close-up,Malignant,MEL,50.0,female,head/neck
ISIC_8528760,IL_5310086,dermoscopic,Malignant,MEL,50.0,female,head/neck
ISIC_3340382,IL_5310317,clinical: close-up,Malignant,BCC,60.0,female,lower extremity
ISIC_5503515,IL_5310317,dermoscopic,Malignant,BCC,60.0,female,lower extremity
ISIC_7566277,IL_5310552,clinical: close-up,Benign,NV,55.0,male,upper extremity
ISIC_4757362,IL_5310552,dermoscopic,Benign,NV,55.0,male,upper extremity
ISIC_1568985,IL_5310899,clinical: close-up,Benign,BKL,55.0,female,upper extremity
ISIC_9231306,IL_5310899,dermoscopic,Benign,BKL,55.0,female,upper extremity
ISIC_3939868,IL_5311399,clinical: close-up,Malignant,BCC,75.0,female,
ISIC_7860232,IL_5311399,dermoscopic,Malignant,BCC,75.0,female,
ISIC_4909590,IL_5311441,clinical: close-up,Benign,DF,50.0,male,lower extremity
ISIC_3414486,IL_5311441,dermoscopic,Benign,DF,50.0,male,lower extremity
ISIC_3925970,IL_5311950,clinical: close-up,Benign,NV,40.0,female,
ISIC_5322852,IL_5311950,dermoscopic,Benign,NV,40.0,female,
ISIC_4889654,IL_5314103,clinical: close-up,Malignant,SCCKA,70.0,female,lower extremity
ISIC_7709002,IL_5314103,dermoscopic,Malignant,SCCKA,70.0,female,lower extremity
ISIC_1494890,IL_5315129,clinical: close-up,Benign,BKL,60.0,female,head/neck
ISIC_1937581,IL_5315129,dermoscopic,Benign,BKL,60.0,female,head/neck
ISIC_0517219,IL_5324666,clinical: close-up,Malignant,BCC,65.0,female,
ISIC_4910424,IL_5324666,dermoscopic,Malignant,BCC,65.0,female,
ISIC_9969311,IL_5324698,clinical: close-up,Benign,BKL,40.0,female,head/neck
ISIC_5306258,IL_5324698,dermoscopic,Benign,BKL,40.0,female,head/neck
ISIC_3924227,IL_5328329,clinical: close-up,Malignant,BCC,75.0,male,head/neck
ISIC_4187456,IL_5328329,dermoscopic,Malignant,BCC,75.0,male,head/neck
ISIC_1354875,IL_5328451,clinical: close-up,Malignant,MEL,75.0,male,
ISIC_7893518,IL_5328451,dermoscopic,Malignant,MEL,75.0,male,
ISIC_9423923,IL_5333822,clinical: close-up,Malignant,MEL,50.0,male,head/neck
ISIC_4793606,IL_5333822,dermoscopic,Malignant,MEL,50.0,male,head/neck
ISIC_3193023,IL_5334978,clinical: close-up,Malignant,SCCKA,70.0,female,lower extremity
ISIC_0084885,IL_5334978,dermoscopic,Malignant,SCCKA,70.0,female,lower extremity
ISIC_0659383,IL_5337254,clinical: close-up,Malignant,BCC,65.0,female,
ISIC_8450508,IL_5337254,dermoscopic,Malignant,BCC,65.0,female,
ISIC_1308871,IL_5340506,clinical: close-up,Malignant,BCC,70.0,female,head/neck
ISIC_6748152,IL_5340506,dermoscopic,Malignant,BCC,70.0,female,head/neck
ISIC_2332226,IL_5344471,clinical: close-up,Malignant,BCC,75.0,female,
ISIC_8577350,IL_5344471,dermoscopic,Malignant,BCC,75.0,female,
ISIC_7551222,IL_5345860,clinical: close-up,Malignant,BCC,75.0,male,head/neck
ISIC_9051937,IL_5345860,dermoscopic,Malignant,BCC,75.0,male,head/neck
ISIC_6368553,IL_5349744,clinical: close-up,Malignant,BCC,50.0,female,
ISIC_8534089,IL_5349744,dermoscopic,Malignant,BCC,50.0,female,
ISIC_8832464,IL_5356677,clinical: close-up,Malignant,SCCKA,85.0,male,head/neck
ISIC_3986103,IL_5356677,dermoscopic,Malignant,SCCKA,85.0,male,head/neck
ISIC_6788918,IL_5357233,clinical: close-up,Malignant,BCC,55.0,male,upper extremity
ISIC_8572463,IL_5357233,dermoscopic,Malignant,BCC,55.0,male,upper extremity
ISIC_3157761,IL_5358178,clinical: close-up,Benign,BKL,65.0,male,head/neck
ISIC_8381176,IL_5358178,dermoscopic,Benign,BKL,65.0,male,head/neck
ISIC_6015386,IL_5358454,clinical: close-up,Benign,NV,55.0,male,lower extremity
ISIC_1813785,IL_5358454,dermoscopic,Benign,NV,55.0,male,lower extremity
ISIC_6151299,IL_5358765,clinical: close-up,Malignant,BCC,75.0,female,head/neck
ISIC_2023313,IL_5358765,dermoscopic,Malignant,BCC,75.0,female,head/neck
ISIC_2861255,IL_5359337,clinical: close-up,Malignant,BCC,60.0,female,
ISIC_6356942,IL_5359337,dermoscopic,Malignant,BCC,60.0,female,
ISIC_9534817,IL_5359653,clinical: close-up,Malignant,BCC,70.0,female,upper extremity
ISIC_5439956,IL_5359653,dermoscopic,Malignant,BCC,70.0,female,upper extremity
ISIC_4031450,IL_5361790,clinical: close-up,Benign,NV,25.0,male,upper extremity
ISIC_7917913,IL_5361790,dermoscopic,Benign,NV,25.0,male,upper extremity
ISIC_9488866,IL_5361912,clinical: close-up,Malignant,BCC,55.0,female,upper extremity
ISIC_0525463,IL_5361912,dermoscopic,Malignant,BCC,55.0,female,upper extremity
ISIC_5173097,IL_5363044,clinical: close-up,Benign,VASC,55.0,female,head/neck
ISIC_8020470,IL_5363044,dermoscopic,Benign,VASC,55.0,female,head/neck
ISIC_7142689,IL_5364127,clinical: close-up,Benign,BKL,70.0,male,head/neck
ISIC_1975493,IL_5364127,dermoscopic,Benign,BKL,70.0,male,head/neck
ISIC_7731011,IL_5365301,clinical: close-up,Malignant,BCC,60.0,female,head/neck
ISIC_1281967,IL_5365301,dermoscopic,Malignant,BCC,60.0,female,head/neck
ISIC_6437956,IL_5368559,clinical: close-up,Malignant,BCC,65.0,female,head/neck
ISIC_8541890,IL_5368559,dermoscopic,Malignant,BCC,65.0,female,head/neck
ISIC_5664395,IL_5369308,clinical: close-up,Benign,BKL,65.0,female,
ISIC_1890998,IL_5369308,dermoscopic,Benign,BKL,65.0,female,
ISIC_5661142,IL_5372294,clinical: close-up,Malignant,BCC,55.0,female,
ISIC_3846262,IL_5372294,dermoscopic,Malignant,BCC,55.0,female,
ISIC_4225046,IL_5375403,clinical: close-up,Benign,BKL,60.0,male,lower extremity
ISIC_5947061,IL_5375403,dermoscopic,Benign,BKL,60.0,male,lower extremity
ISIC_8660432,IL_5375420,clinical: close-up,Benign,INF,80.0,female,head/neck
ISIC_0777268,IL_5375420,dermoscopic,Benign,INF,80.0,female,head/neck
ISIC_0724875,IL_5375846,clinical: close-up,Malignant,SCCKA,60.0,male,head/neck
ISIC_5342950,IL_5375846,dermoscopic,Malignant,SCCKA,60.0,male,head/neck
ISIC_6167402,IL_5378051,clinical: close-up,Benign,BKL,55.0,female,lower extremity
ISIC_4964694,IL_5378051,dermoscopic,Benign,BKL,55.0,female,lower extremity
ISIC_1990401,IL_5384329,clinical: close-up,Malignant,BCC,65.0,male,head/neck
ISIC_4156431,IL_5384329,dermoscopic,Malignant,BCC,65.0,male,head/neck
ISIC_7608693,IL_5386138,clinical: close-up,Malignant,BCC,65.0,female,lower extremity
ISIC_2324630,IL_5386138,dermoscopic,Malignant,BCC,65.0,female,lower extremity
ISIC_7933087,IL_5390577,clinical: close-up,Malignant,BCC,65.0,male,head/neck
ISIC_8305576,IL_5390577,dermoscopic,Malignant,BCC,65.0,male,head/neck
ISIC_0426102,IL_5394368,clinical: close-up,Malignant,BCC,75.0,male,upper extremity
ISIC_0924335,IL_5394368,dermoscopic,Malignant,BCC,75.0,male,upper extremity
ISIC_4325142,IL_5397664,clinical: close-up,Malignant,BCC,70.0,male,
ISIC_1646416,IL_5397664,dermoscopic,Malignant,BCC,70.0,male,
ISIC_6519570,IL_5399357,clinical: close-up,Benign,BKL,50.0,female,lower extremity
ISIC_1344833,IL_5399357,dermoscopic,Benign,BKL,50.0,female,lower extremity
ISIC_7671344,IL_5400506,clinical: close-up,Benign,NV,45.0,male,
ISIC_6389005,IL_5400506,dermoscopic,Benign,NV,45.0,male,
ISIC_4489370,IL_5415624,clinical: close-up,Malignant,MEL,75.0,female,head/neck
ISIC_3090517,IL_5415624,dermoscopic,Malignant,MEL,75.0,female,head/neck
ISIC_9495791,IL_5416210,clinical: close-up,Malignant,SCCKA,65.0,male,lower extremity
ISIC_6943209,IL_5416210,dermoscopic,Malignant,SCCKA,65.0,male,lower extremity
ISIC_9903464,IL_5416595,clinical: close-up,Benign,NV,40.0,female,
ISIC_4400687,IL_5416595,dermoscopic,Benign,NV,40.0,female,
ISIC_4210592,IL_5417384,clinical: close-up,Malignant,BCC,45.0,female,upper extremity
ISIC_6356372,IL_5417384,dermoscopic,Malignant,BCC,45.0,female,upper extremity
ISIC_0200116,IL_5417601,clinical: close-up,Malignant,BCC,75.0,female,lower extremity
ISIC_7008068,IL_5417601,dermoscopic,Malignant,BCC,75.0,female,lower extremity
ISIC_1727539,IL_5419004,clinical: close-up,Malignant,SCCKA,65.0,male,head/neck
ISIC_7243372,IL_5419004,dermoscopic,Malignant,SCCKA,65.0,male,head/neck
ISIC_2504068,IL_5420018,clinical: close-up,Malignant,BCC,55.0,female,
ISIC_9587078,IL_5420018,dermoscopic,Malignant,BCC,55.0,female,
ISIC_8858434,IL_5421067,clinical: close-up,Malignant,BCC,80.0,male,
ISIC_7345682,IL_5421067,dermoscopic,Malignant,BCC,80.0,male,
ISIC_8890260,IL_5423351,clinical: close-up,Benign,BKL,55.0,male,head/neck
ISIC_7009394,IL_5423351,dermoscopic,Benign,BKL,55.0,male,head/neck
ISIC_4401551,IL_5425299,clinical: close-up,Malignant,BCC,80.0,male,lower extremity
ISIC_3974488,IL_5425299,dermoscopic,Malignant,BCC,80.0,male,lower extremity
ISIC_7111015,IL_5429877,clinical: close-up,Malignant,BCC,70.0,male,upper extremity
ISIC_5605573,IL_5429877,dermoscopic,Malignant,BCC,70.0,male,upper extremity
ISIC_8251905,IL_5434909,clinical: close-up,Malignant,BCC,85.0,female,head/neck
ISIC_1833069,IL_5434909,dermoscopic,Malignant,BCC,85.0,female,head/neck
ISIC_6089668,IL_5436207,clinical: close-up,Malignant,BCC,65.0,female,lower extremity
ISIC_1574997,IL_5436207,dermoscopic,Malignant,BCC,65.0,female,lower extremity
ISIC_3273623,IL_5438158,clinical: close-up,Benign,NV,30.0,female,lower extremity
ISIC_5022731,IL_5438158,dermoscopic,Benign,NV,30.0,female,lower extremity
ISIC_9140973,IL_5439022,clinical: close-up,Benign,NV,65.0,male,
ISIC_3831165,IL_5439022,dermoscopic,Benign,NV,65.0,male,
ISIC_1721377,IL_5441408,clinical: close-up,Malignant,BCC,75.0,female,
ISIC_9560548,IL_5441408,dermoscopic,Malignant,BCC,75.0,female,
ISIC_8880696,IL_5444067,clinical: close-up,Malignant,SCCKA,85.0,male,upper extremity
ISIC_3192193,IL_5444067,dermoscopic,Malignant,SCCKA,85.0,male,upper extremity
ISIC_8828083,IL_5448170,clinical: close-up,Malignant,SCCKA,55.0,male,upper extremity
ISIC_8659657,IL_5448170,dermoscopic,Malignant,SCCKA,55.0,male,upper extremity
ISIC_2453345,IL_5455457,clinical: close-up,Benign,NV,35.0,female,
ISIC_2098382,IL_5455457,dermoscopic,Benign,NV,35.0,female,
ISIC_2150126,IL_5466304,clinical: close-up,Malignant,BCC,75.0,male,lower extremity
ISIC_2181594,IL_5466304,dermoscopic,Malignant,BCC,75.0,male,lower extremity
ISIC_0751829,IL_5468213,clinical: close-up,Benign,BKL,65.0,male,upper extremity
ISIC_5509823,IL_5468213,dermoscopic,Benign,BKL,65.0,male,upper extremity
ISIC_1126704,IL_5472522,clinical: close-up,Benign,BKL,45.0,female,lower extremity
ISIC_2822341,IL_5472522,dermoscopic,Benign,BKL,45.0,female,lower extremity
ISIC_0627933,IL_5473127,clinical: close-up,Benign,INF,50.0,male,lower extremity
ISIC_7447961,IL_5473127,dermoscopic,Benign,INF,50.0,male,lower extremity
ISIC_2494258,IL_5478972,clinical: close-up,Benign,NV,55.0,female,upper extremity
ISIC_8385616,IL_5478972,dermoscopic,Benign,NV,55.0,female,upper extremity
ISIC_9023174,IL_5482346,clinical: close-up,Malignant,BCC,65.0,male,lower extremity
ISIC_4411067,IL_5482346,dermoscopic,Malignant,BCC,65.0,male,lower extremity
ISIC_0506961,IL_5490605,clinical: close-up,Malignant,SCCKA,65.0,male,head/neck
ISIC_4425852,IL_5490605,dermoscopic,Malignant,SCCKA,65.0,male,head/neck
ISIC_2070457,IL_5492781,clinical: close-up,Malignant,BCC,60.0,male,head/neck
ISIC_5938890,IL_5492781,dermoscopic,Malignant,BCC,60.0,male,head/neck
ISIC_6070480,IL_5493547,clinical: close-up,Malignant,SCCKA,80.0,male,head/neck
ISIC_2902367,IL_5493547,dermoscopic,Malignant,SCCKA,80.0,male,head/neck
ISIC_0833402,IL_5496114,clinical: close-up,Malignant,MEL,85.0,male,
ISIC_5629148,IL_5496114,dermoscopic,Malignant,MEL,85.0,male,
ISIC_6422570,IL_5499388,clinical: close-up,Malignant,BCC,50.0,male,upper extremity
ISIC_1670166,IL_5499388,dermoscopic,Malignant,BCC,50.0,male,upper extremity
ISIC_3744785,IL_5504349,clinical: close-up,Malignant,BCC,40.0,female,upper extremity
ISIC_4833123,IL_5504349,dermoscopic,Malignant,BCC,40.0,female,upper extremity
ISIC_2304487,IL_5504376,clinical: close-up,Benign,NV,40.0,female,lower extremity
ISIC_9276715,IL_5504376,dermoscopic,Benign,NV,40.0,female,lower extremity
ISIC_5274848,IL_5507611,clinical: close-up,Malignant,BCC,45.0,female,
ISIC_4423752,IL_5507611,dermoscopic,Malignant,BCC,45.0,female,
ISIC_0923483,IL_5512123,clinical: close-up,Malignant,BCC,70.0,male,
ISIC_4939357,IL_5512123,dermoscopic,Malignant,BCC,70.0,male,
ISIC_1771077,IL_5513291,clinical: close-up,Benign,BKL,80.0,male,head/neck
ISIC_1818377,IL_5513291,dermoscopic,Benign,BKL,80.0,male,head/neck
ISIC_6513947,IL_5518223,clinical: close-up,Malignant,BCC,80.0,female,
ISIC_0835030,IL_5518223,dermoscopic,Malignant,BCC,80.0,female,
ISIC_4449884,IL_5518573,clinical: close-up,Benign,BKL,70.0,male,upper extremity
ISIC_0273939,IL_5518573,dermoscopic,Benign,BKL,70.0,male,upper extremity
ISIC_4420662,IL_5519397,clinical: close-up,Malignant,BCC,75.0,male,upper extremity
ISIC_8746740,IL_5519397,dermoscopic,Malignant,BCC,75.0,male,upper extremity
ISIC_0707479,IL_5526388,clinical: close-up,Malignant,AKIEC,65.0,female,
ISIC_7957957,IL_5526388,dermoscopic,Malignant,AKIEC,65.0,female,
ISIC_8990576,IL_5527928,clinical: close-up,Malignant,MEL,45.0,male,
ISIC_9434832,IL_5527928,dermoscopic,Malignant,MEL,45.0,male,
ISIC_5680960,IL_5529544,clinical: close-up,Malignant,BCC,70.0,male,
ISIC_4691479,IL_5529544,dermoscopic,Malignant,BCC,70.0,male,
ISIC_4467591,IL_5533204,clinical: close-up,Malignant,BCC,65.0,male,
ISIC_1741453,IL_5533204,dermoscopic,Malignant,BCC,65.0,male,
ISIC_1992999,IL_5534064,clinical: close-up,Benign,NV,30.0,male,
ISIC_0907266,IL_5534064,dermoscopic,Benign,NV,30.0,male,
ISIC_3411624,IL_5543989,clinical: close-up,Malignant,BCC,50.0,female,head/neck
ISIC_1714879,IL_5543989,dermoscopic,Malignant,BCC,50.0,female,head/neck
ISIC_1355075,IL_5545955,clinical: close-up,Malignant,SCCKA,50.0,male,oral/genital
ISIC_0090512,IL_5545955,dermoscopic,Malignant,SCCKA,50.0,male,oral/genital
ISIC_1435330,IL_5550587,clinical: close-up,Benign,NV,50.0,female,
ISIC_2525497,IL_5550587,dermoscopic,Benign,NV,50.0,female,
ISIC_9310034,IL_5550773,clinical: close-up,Malignant,AKIEC,65.0,female,head/neck
ISIC_8620082,IL_5550773,dermoscopic,Malignant,AKIEC,65.0,female,head/neck
ISIC_6433212,IL_5551611,clinical: close-up,Malignant,BCC,80.0,female,
ISIC_9476389,IL_5551611,dermoscopic,Malignant,BCC,80.0,female,
ISIC_7391511,IL_5553029,clinical: close-up,Malignant,BCC,80.0,male,
ISIC_8413819,IL_5553029,dermoscopic,Malignant,BCC,80.0,male,
ISIC_0292082,IL_5554236,clinical: close-up,Benign,BKL,50.0,male,
ISIC_5567558,IL_5554236,dermoscopic,Benign,BKL,50.0,male,
ISIC_6006215,IL_5555237,clinical: close-up,Malignant,BCC,70.0,male,
ISIC_5638742,IL_5555237,dermoscopic,Malignant,BCC,70.0,male,
ISIC_3740957,IL_5555860,clinical: close-up,Malignant,BCC,40.0,female,lower extremity
ISIC_9064266,IL_5555860,dermoscopic,Malignant,BCC,40.0,female,lower extremity
ISIC_5508754,IL_5557985,clinical: close-up,Benign,NV,45.0,male,
ISIC_2031349,IL_5557985,dermoscopic,Benign,NV,45.0,male,
ISIC_6829175,IL_5560445,clinical: close-up,Malignant,BCC,70.0,male,head/neck
ISIC_6845294,IL_5560445,dermoscopic,Malignant,BCC,70.0,male,head/neck
ISIC_2930478,IL_5562402,clinical: close-up,Malignant,BCC,70.0,male,
ISIC_0755088,IL_5562402,dermoscopic,Malignant,BCC,70.0,male,
ISIC_2891584,IL_5563241,clinical: close-up,Malignant,BCC,60.0,female,
ISIC_7610657,IL_5563241,dermoscopic,Malignant,BCC,60.0,female,
ISIC_8545769,IL_5564093,clinical: close-up,Malignant,BCC,45.0,male,head/neck
ISIC_7315517,IL_5564093,dermoscopic,Malignant,BCC,45.0,male,head/neck
ISIC_3838800,IL_5566169,clinical: close-up,Benign,NV,5.0,male,head/neck
ISIC_0360727,IL_5566169,dermoscopic,Benign,NV,5.0,male,head/neck
ISIC_7746558,IL_5569419,clinical: close-up,Benign,BKL,60.0,male,lower extremity
ISIC_3865643,IL_5569419,dermoscopic,Benign,BKL,60.0,male,lower extremity
ISIC_4691032,IL_5569670,clinical: close-up,Malignant,BCC,70.0,male,lower extremity
ISIC_6276225,IL_5569670,dermoscopic,Malignant,BCC,70.0,male,lower extremity
ISIC_1974672,IL_5570821,clinical: close-up,Malignant,SCCKA,80.0,male,head/neck
ISIC_1837879,IL_5570821,dermoscopic,Malignant,SCCKA,80.0,male,head/neck
ISIC_7717586,IL_5572380,clinical: close-up,Malignant,BCC,75.0,male,
ISIC_8586056,IL_5572380,dermoscopic,Malignant,BCC,75.0,male,
ISIC_3784009,IL_5572496,clinical: close-up,Benign,NV,40.0,male,
ISIC_7261168,IL_5572496,dermoscopic,Benign,NV,40.0,male,
ISIC_0441425,IL_5574879,clinical: close-up,Malignant,SCCKA,45.0,male,
ISIC_8947312,IL_5574879,dermoscopic,Malignant,SCCKA,45.0,male,
ISIC_5060422,IL_5575063,clinical: close-up,Benign,BKL,70.0,male,head/neck
ISIC_1603122,IL_5575063,dermoscopic,Benign,BKL,70.0,male,head/neck
ISIC_7345955,IL_5576259,clinical: close-up,Malignant,BCC,60.0,female,upper extremity
ISIC_6831651,IL_5576259,dermoscopic,Malignant,BCC,60.0,female,upper extremity
ISIC_7179957,IL_5576993,clinical: close-up,Benign,NV,70.0,male,
ISIC_8698177,IL_5576993,dermoscopic,Benign,NV,70.0,male,
ISIC_9899763,IL_5577465,clinical: close-up,Benign,NV,40.0,female,upper extremity
ISIC_4043651,IL_5577465,dermoscopic,Benign,NV,40.0,female,upper extremity
ISIC_2624256,IL_5579945,clinical: close-up,Malignant,BCC,60.0,female,lower extremity
ISIC_4957929,IL_5579945,dermoscopic,Malignant,BCC,60.0,female,lower extremity
ISIC_8175420,IL_5580548,clinical: close-up,Malignant,SCCKA,75.0,male,lower extremity
ISIC_2845706,IL_5580548,dermoscopic,Malignant,SCCKA,75.0,male,lower extremity
ISIC_2371823,IL_5584867,clinical: close-up,Malignant,SCCKA,40.0,female,upper extremity
ISIC_1335240,IL_5584867,dermoscopic,Malignant,SCCKA,40.0,female,upper extremity
ISIC_8834324,IL_5588135,clinical: close-up,Benign,BKL,60.0,female,upper extremity
ISIC_7818562,IL_5588135,dermoscopic,Benign,BKL,60.0,female,upper extremity
ISIC_4564652,IL_5592337,clinical: close-up,Malignant,AKIEC,75.0,male,upper extremity
ISIC_1083704,IL_5592337,dermoscopic,Malignant,AKIEC,75.0,male,upper extremity
ISIC_1996268,IL_5600470,clinical: close-up,Benign,BKL,45.0,male,
ISIC_3446046,IL_5600470,dermoscopic,Benign,BKL,45.0,male,
ISIC_5178054,IL_5601227,clinical: close-up,Malignant,BCC,70.0,male,upper extremity
ISIC_1845537,IL_5601227,dermoscopic,Malignant,BCC,70.0,male,upper extremity
ISIC_2343962,IL_5604150,clinical: close-up,Malignant,SCCKA,70.0,male,
ISIC_5566852,IL_5604150,dermoscopic,Malignant,SCCKA,70.0,male,
ISIC_9916568,IL_5604764,clinical: close-up,Malignant,BCC,85.0,female,head/neck
ISIC_5179024,IL_5604764,dermoscopic,Malignant,BCC,85.0,female,head/neck
ISIC_6573445,IL_5607786,clinical: close-up,Malignant,MEL,60.0,male,
ISIC_5699349,IL_5607786,dermoscopic,Malignant,MEL,60.0,male,
ISIC_8338783,IL_5607912,clinical: close-up,Benign,NV,60.0,male,
ISIC_2605163,IL_5607912,dermoscopic,Benign,NV,60.0,male,
ISIC_6038047,IL_5608215,clinical: close-up,Malignant,MEL,50.0,male,
ISIC_7902497,IL_5608215,dermoscopic,Malignant,MEL,50.0,male,
ISIC_1727258,IL_5614486,clinical: close-up,Malignant,BCC,85.0,male,
ISIC_2740604,IL_5614486,dermoscopic,Malignant,BCC,85.0,male,
ISIC_3776498,IL_5625000,clinical: close-up,Malignant,BCC,55.0,male,head/neck
ISIC_2255098,IL_5625000,dermoscopic,Malignant,BCC,55.0,male,head/neck
ISIC_8868188,IL_5625816,clinical: close-up,Benign,BKL,70.0,female,lower extremity
ISIC_4877797,IL_5625816,dermoscopic,Benign,BKL,70.0,female,lower extremity
ISIC_4523157,IL_5627565,clinical: close-up,Malignant,BCC,75.0,female,
ISIC_3197377,IL_5627565,dermoscopic,Malignant,BCC,75.0,female,
ISIC_2677713,IL_5631172,clinical: close-up,Benign,DF,45.0,male,
ISIC_2877235,IL_5631172,dermoscopic,Benign,DF,45.0,male,
ISIC_7195517,IL_5631575,clinical: close-up,Benign,BKL,55.0,female,head/neck
ISIC_9188614,IL_5631575,dermoscopic,Benign,BKL,55.0,female,head/neck
ISIC_6593403,IL_5655244,clinical: close-up,Benign,NV,50.0,male,lower extremity
ISIC_5157495,IL_5655244,dermoscopic,Benign,NV,50.0,male,lower extremity
ISIC_3167280,IL_5655863,clinical: close-up,Malignant,BCC,75.0,female,
ISIC_8274376,IL_5655863,dermoscopic,Malignant,BCC,75.0,female,
ISIC_0411208,IL_5666618,clinical: close-up,Malignant,MEL,70.0,female,lower extremity
ISIC_8653825,IL_5666618,dermoscopic,Malignant,MEL,70.0,female,lower extremity
ISIC_3025142,IL_5670003,clinical: close-up,Malignant,BCC,75.0,male,
ISIC_3154934,IL_5670003,dermoscopic,Malignant,BCC,75.0,male,
ISIC_3436899,IL_5672522,clinical: close-up,Malignant,BCC,60.0,female,lower extremity
ISIC_5142210,IL_5672522,dermoscopic,Malignant,BCC,60.0,female,lower extremity
ISIC_9209368,IL_5673593,clinical: close-up,Malignant,MEL,35.0,female,
ISIC_9384345,IL_5673593,dermoscopic,Malignant,MEL,35.0,female,
ISIC_6938902,IL_5675796,clinical: close-up,Benign,BKL,65.0,male,
ISIC_5402488,IL_5675796,dermoscopic,Benign,BKL,65.0,male,
ISIC_6313303,IL_5684831,clinical: close-up,Malignant,BCC,55.0,male,lower extremity
ISIC_2311853,IL_5684831,dermoscopic,Malignant,BCC,55.0,male,lower extremity
ISIC_7151709,IL_5691160,clinical: close-up,Malignant,BCC,55.0,male,
ISIC_5436116,IL_5691160,dermoscopic,Malignant,BCC,55.0,male,
ISIC_7992008,IL_5696181,clinical: close-up,Benign,NV,55.0,female,head/neck
ISIC_9823894,IL_5696181,dermoscopic,Benign,NV,55.0,female,head/neck
ISIC_6736703,IL_5698688,clinical: close-up,Malignant,BCC,50.0,female,
ISIC_9521548,IL_5698688,dermoscopic,Malignant,BCC,50.0,female,
ISIC_6548664,IL_5699716,clinical: close-up,Benign,BKL,40.0,male,
ISIC_4184819,IL_5699716,dermoscopic,Benign,BKL,40.0,male,
ISIC_4542447,IL_5700109,clinical: close-up,Malignant,SCCKA,85.0,male,upper extremity
ISIC_4681024,IL_5700109,dermoscopic,Malignant,SCCKA,85.0,male,upper extremity
ISIC_8271995,IL_5703544,clinical: close-up,Benign,NV,60.0,female,
ISIC_2175735,IL_5703544,dermoscopic,Benign,NV,60.0,female,
ISIC_8349783,IL_5708642,clinical: close-up,Malignant,SCCKA,70.0,female,upper extremity
ISIC_9159202,IL_5708642,dermoscopic,Malignant,SCCKA,70.0,female,upper extremity
ISIC_2874145,IL_5709126,clinical: close-up,Malignant,BCC,75.0,male,
ISIC_9399711,IL_5709126,dermoscopic,Malignant,BCC,75.0,male,
ISIC_5223774,IL_5709842,clinical: close-up,Benign,NV,35.0,female,
ISIC_8002362,IL_5709842,dermoscopic,Benign,NV,35.0,female,
ISIC_6487282,IL_5722759,clinical: close-up,Malignant,BCC,80.0,female,head/neck
ISIC_3178939,IL_5722759,dermoscopic,Malignant,BCC,80.0,female,head/neck
ISIC_9107434,IL_5725663,clinical: close-up,Malignant,SCCKA,75.0,male,upper extremity
ISIC_1462182,IL_5725663,dermoscopic,Malignant,SCCKA,75.0,male,upper extremity
ISIC_9642927,IL_5725802,clinical: close-up,Benign,NV,55.0,male,lower extremity
ISIC_2961262,IL_5725802,dermoscopic,Benign,NV,55.0,male,lower extremity
ISIC_3127556,IL_5730089,clinical: close-up,Malignant,BCC,60.0,male,head/neck
ISIC_2183361,IL_5730089,dermoscopic,Malignant,BCC,60.0,male,head/neck
ISIC_7662628,IL_5732372,clinical: close-up,Malignant,BCC,60.0,male,
ISIC_2990629,IL_5732372,dermoscopic,Malignant,BCC,60.0,male,
ISIC_2226996,IL_5733908,clinical: close-up,Malignant,MEL,35.0,female,head/neck
ISIC_2843665,IL_5733908,dermoscopic,Malignant,MEL,35.0,female,head/neck
ISIC_7034446,IL_5744385,clinical: close-up,Benign,BKL,80.0,male,head/neck
ISIC_3825679,IL_5744385,dermoscopic,Benign,BKL,80.0,male,head/neck
ISIC_3614372,IL_5747064,clinical: close-up,Benign,BKL,75.0,female,upper extremity
ISIC_5707695,IL_5747064,dermoscopic,Benign,BKL,75.0,female,upper extremity
ISIC_9325289,IL_5747539,clinical: close-up,Malignant,BCC,60.0,male,
ISIC_8309358,IL_5747539,dermoscopic,Malignant,BCC,60.0,male,
ISIC_9814001,IL_5752488,clinical: close-up,Indeterminate,AKIEC,55.0,male,head/neck
ISIC_5104415,IL_5752488,dermoscopic,Indeterminate,AKIEC,55.0,male,head/neck
ISIC_0990706,IL_5755884,clinical: close-up,Benign,BKL,80.0,male,head/neck
ISIC_4063953,IL_5755884,dermoscopic,Benign,BKL,80.0,male,head/neck
ISIC_9759381,IL_5759496,clinical: close-up,Malignant,AKIEC,65.0,female,upper extremity
ISIC_5413870,IL_5759496,dermoscopic,Malignant,AKIEC,65.0,female,upper extremity
ISIC_2968192,IL_5762747,clinical: close-up,Malignant,BCC,50.0,male,lower extremity
ISIC_8381606,IL_5762747,dermoscopic,Malignant,BCC,50.0,male,lower extremity
ISIC_9786685,IL_5764596,clinical: close-up,Malignant,BCC,45.0,female,lower extremity
ISIC_7537434,IL_5764596,dermoscopic,Malignant,BCC,45.0,female,lower extremity
ISIC_4194365,IL_5764702,clinical: close-up,Malignant,BCC,40.0,female,
ISIC_1810342,IL_5764702,dermoscopic,Malignant,BCC,40.0,female,
ISIC_3943289,IL_5765069,clinical: close-up,Malignant,BCC,65.0,female,upper extremity
ISIC_5959727,IL_5765069,dermoscopic,Malignant,BCC,65.0,female,upper extremity
ISIC_6995667,IL_5766426,clinical: close-up,Malignant,MEL,50.0,female,
ISIC_7450231,IL_5766426,dermoscopic,Malignant,MEL,50.0,female,
ISIC_5660758,IL_5766493,clinical: close-up,Malignant,BCC,70.0,male,head/neck
ISIC_2122841,IL_5766493,dermoscopic,Malignant,BCC,70.0,male,head/neck
ISIC_0352367,IL_5767308,clinical: close-up,Benign,BKL,75.0,male,
ISIC_8858676,IL_5767308,dermoscopic,Benign,BKL,75.0,male,
ISIC_3981334,IL_5769609,clinical: close-up,Malignant,BCC,70.0,female,lower extremity
ISIC_0610035,IL_5769609,dermoscopic,Malignant,BCC,70.0,female,lower extremity
ISIC_3024107,IL_5770532,clinical: close-up,Benign,NV,50.0,female,head/neck
ISIC_2205902,IL_5770532,dermoscopic,Benign,NV,50.0,female,head/neck
ISIC_8508919,IL_5779680,clinical: close-up,Malignant,BCC,70.0,male,
ISIC_4351882,IL_5779680,dermoscopic,Malignant,BCC,70.0,male,
ISIC_5493878,IL_5780868,clinical: close-up,Malignant,BCC,60.0,male,head/neck
ISIC_1111101,IL_5780868,dermoscopic,Malignant,BCC,60.0,male,head/neck
ISIC_7294780,IL_5780931,clinical: close-up,Benign,NV,40.0,male,
ISIC_9519122,IL_5780931,dermoscopic,Benign,NV,40.0,male,
ISIC_3428455,IL_5782288,clinical: close-up,Malignant,AKIEC,85.0,male,head/neck
ISIC_9566444,IL_5782288,dermoscopic,Malignant,AKIEC,85.0,male,head/neck
ISIC_0784089,IL_5784432,clinical: close-up,Malignant,BCC,75.0,male,
ISIC_0802543,IL_5784432,dermoscopic,Malignant,BCC,75.0,male,
ISIC_7070387,IL_5787945,clinical: close-up,Benign,INF,70.0,male,lower extremity
ISIC_6896664,IL_5787945,dermoscopic,Benign,INF,70.0,male,lower extremity
ISIC_0584164,IL_5790103,clinical: close-up,Malignant,BCC,70.0,male,
ISIC_5832081,IL_5790103,dermoscopic,Malignant,BCC,70.0,male,
ISIC_6753928,IL_5793339,clinical: close-up,Malignant,BCC,60.0,male,
ISIC_9093424,IL_5793339,dermoscopic,Malignant,BCC,60.0,male,
ISIC_1957687,IL_5795574,clinical: close-up,Indeterminate,AKIEC,60.0,female,head/neck
ISIC_7128280,IL_5795574,dermoscopic,Indeterminate,AKIEC,60.0,female,head/neck
ISIC_0537911,IL_5795869,clinical: close-up,Malignant,MEL,65.0,female,head/neck
ISIC_3327928,IL_5795869,dermoscopic,Malignant,MEL,65.0,female,head/neck
ISIC_9060487,IL_5797500,clinical: close-up,Benign,NV,45.0,male,
ISIC_9187182,IL_5797500,dermoscopic,Benign,NV,45.0,male,
ISIC_3566394,IL_5797843,clinical: close-up,Malignant,BCC,40.0,female,upper extremity
ISIC_8006314,IL_5797843,dermoscopic,Malignant,BCC,40.0,female,upper extremity
ISIC_0674586,IL_5798814,clinical: close-up,Benign,NV,40.0,male,
ISIC_2855242,IL_5798814,dermoscopic,Benign,NV,40.0,male,
ISIC_3510532,IL_5802470,clinical: close-up,Malignant,BCC,70.0,female,
ISIC_4842886,IL_5802470,dermoscopic,Malignant,BCC,70.0,female,
ISIC_6838452,IL_5805980,clinical: close-up,Malignant,BCC,80.0,male,
ISIC_7882033,IL_5805980,dermoscopic,Malignant,BCC,80.0,male,
ISIC_1085320,IL_5809538,clinical: close-up,Malignant,MEL,60.0,male,
ISIC_4093313,IL_5809538,dermoscopic,Malignant,MEL,60.0,male,
ISIC_8776447,IL_5809749,clinical: close-up,Malignant,BCC,65.0,male,upper extremity
ISIC_6093126,IL_5809749,dermoscopic,Malignant,BCC,65.0,male,upper extremity
ISIC_5741122,IL_5811280,clinical: close-up,Malignant,BCC,70.0,female,head/neck
ISIC_7215858,IL_5811280,dermoscopic,Malignant,BCC,70.0,female,head/neck
ISIC_5985462,IL_5814206,clinical: close-up,Malignant,BCC,70.0,female,head/neck
ISIC_7619664,IL_5814206,dermoscopic,Malignant,BCC,70.0,female,head/neck
ISIC_3740979,IL_5816331,clinical: close-up,Benign,NV,60.0,male,lower extremity
ISIC_8253705,IL_5816331,dermoscopic,Benign,NV,60.0,male,lower extremity
ISIC_0657349,IL_5816419,clinical: close-up,Benign,NV,35.0,female,
ISIC_8257972,IL_5816419,dermoscopic,Benign,NV,35.0,female,
ISIC_2021937,IL_5818163,clinical: close-up,Malignant,AKIEC,50.0,male,head/neck
ISIC_5376495,IL_5818163,dermoscopic,Malignant,AKIEC,50.0,male,head/neck
ISIC_2531173,IL_5818168,clinical: close-up,Malignant,BCC,75.0,male,
ISIC_4301953,IL_5818168,dermoscopic,Malignant,BCC,75.0,male,
ISIC_6250101,IL_5818628,clinical: close-up,Malignant,BCC,80.0,male,lower extremity
ISIC_1129613,IL_5818628,dermoscopic,Malignant,BCC,80.0,male,lower extremity
ISIC_3388002,IL_5821357,clinical: close-up,Benign,BKL,55.0,male,head/neck
ISIC_0848694,IL_5821357,dermoscopic,Benign,BKL,55.0,male,head/neck
ISIC_4733745,IL_5823414,clinical: close-up,Benign,BKL,85.0,male,head/neck
ISIC_4613268,IL_5823414,dermoscopic,Benign,BKL,85.0,male,head/neck
ISIC_6043504,IL_5825636,clinical: close-up,Malignant,BCC,70.0,female,
ISIC_0649497,IL_5825636,dermoscopic,Malignant,BCC,70.0,female,
ISIC_4156387,IL_5827394,clinical: close-up,Malignant,SCCKA,75.0,male,head/neck
ISIC_8960889,IL_5827394,dermoscopic,Malignant,SCCKA,75.0,male,head/neck
ISIC_1403022,IL_5827688,clinical: close-up,Benign,BKL,30.0,female,lower extremity
ISIC_8643100,IL_5827688,dermoscopic,Benign,BKL,30.0,female,lower extremity
ISIC_0506930,IL_5829281,clinical: close-up,Malignant,BCC,65.0,female,lower extremity
ISIC_3537131,IL_5829281,dermoscopic,Malignant,BCC,65.0,female,lower extremity
ISIC_7133516,IL_5830387,clinical: close-up,Benign,NV,50.0,male,
ISIC_6465119,IL_5830387,dermoscopic,Benign,NV,50.0,male,
ISIC_5015322,IL_5832073,clinical: close-up,Benign,BKL,50.0,male,upper extremity
ISIC_3822340,IL_5832073,dermoscopic,Benign,BKL,50.0,male,upper extremity
ISIC_5406249,IL_5833308,clinical: close-up,Benign,NV,60.0,male,
ISIC_5660553,IL_5833308,dermoscopic,Benign,NV,60.0,male,
ISIC_8231124,IL_5834999,clinical: close-up,Indeterminate,AKIEC,85.0,female,lower extremity
ISIC_4668008,IL_5834999,dermoscopic,Indeterminate,AKIEC,85.0,female,lower extremity
ISIC_1923944,IL_5835237,clinical: close-up,Malignant,BCC,75.0,female,
ISIC_1643848,IL_5835237,dermoscopic,Malignant,BCC,75.0,female,
ISIC_2738967,IL_5836381,clinical: close-up,Malignant,BCC,70.0,male,
ISIC_7204645,IL_5836381,dermoscopic,Malignant,BCC,70.0,male,
ISIC_6110952,IL_5839734,clinical: close-up,Malignant,SCCKA,85.0,male,head/neck
ISIC_0709199,IL_5839734,dermoscopic,Malignant,SCCKA,85.0,male,head/neck
ISIC_9420991,IL_5842745,clinical: close-up,Malignant,AKIEC,60.0,male,
ISIC_3627147,IL_5842745,dermoscopic,Malignant,AKIEC,60.0,male,
ISIC_9171491,IL_5846759,clinical: close-up,Malignant,BCC,70.0,female,
ISIC_6337323,IL_5846759,dermoscopic,Malignant,BCC,70.0,female,
ISIC_8899246,IL_5848004,clinical: close-up,Benign,NV,50.0,female,
ISIC_3372650,IL_5848004,dermoscopic,Benign,NV,50.0,female,
ISIC_1002562,IL_5848162,clinical: close-up,Malignant,SCCKA,85.0,male,lower extremity
ISIC_3975783,IL_5848162,dermoscopic,Malignant,SCCKA,85.0,male,lower extremity
ISIC_2557679,IL_5849837,clinical: close-up,Malignant,SCCKA,75.0,male,lower extremity
ISIC_5001424,IL_5849837,dermoscopic,Malignant,SCCKA,75.0,male,lower extremity
ISIC_2111264,IL_5853973,clinical: close-up,Malignant,BCC,50.0,male,
ISIC_2740122,IL_5853973,dermoscopic,Malignant,BCC,50.0,male,
ISIC_3515789,IL_5857209,clinical: close-up,Benign,NV,30.0,male,
ISIC_1552276,IL_5857209,dermoscopic,Benign,NV,30.0,male,
ISIC_2156824,IL_5857700,clinical: close-up,Malignant,SCCKA,75.0,female,head/neck
ISIC_3023198,IL_5857700,dermoscopic,Malignant,SCCKA,75.0,female,head/neck
ISIC_2834466,IL_5858083,clinical: close-up,Malignant,BCC,80.0,male,head/neck
ISIC_0379668,IL_5858083,dermoscopic,Malignant,BCC,80.0,male,head/neck
ISIC_4017835,IL_5858663,clinical: close-up,Malignant,AKIEC,70.0,female,
ISIC_6022197,IL_5858663,dermoscopic,Malignant,AKIEC,70.0,female,
ISIC_0325706,IL_5865217,clinical: close-up,Malignant,BCC,65.0,female,
ISIC_5989590,IL_5865217,dermoscopic,Malignant,BCC,65.0,female,
ISIC_8520875,IL_5866168,clinical: close-up,Malignant,MEL,30.0,male,
ISIC_8362681,IL_5866168,dermoscopic,Malignant,MEL,30.0,male,
ISIC_9470013,IL_5867572,clinical: close-up,Malignant,BCC,40.0,female,upper extremity
ISIC_1119886,IL_5867572,dermoscopic,Malignant,BCC,40.0,female,upper extremity
ISIC_0527788,IL_5873826,clinical: close-up,Benign,NV,5.0,male,head/neck
ISIC_2056374,IL_5873826,dermoscopic,Benign,NV,5.0,male,head/neck
ISIC_3696217,IL_5874088,clinical: close-up,Malignant,BCC,75.0,female,upper extremity
ISIC_6078907,IL_5874088,dermoscopic,Malignant,BCC,75.0,female,upper extremity
ISIC_5301048,IL_5879862,clinical: close-up,Malignant,MEL,40.0,male,
ISIC_9141788,IL_5879862,dermoscopic,Malignant,MEL,40.0,male,
ISIC_0612725,IL_5880006,clinical: close-up,Malignant,SCCKA,65.0,female,head/neck
ISIC_0547517,IL_5880006,dermoscopic,Malignant,SCCKA,65.0,female,head/neck
ISIC_3298769,IL_5880830,clinical: close-up,Malignant,BCC,55.0,male,head/neck
ISIC_9777580,IL_5880830,dermoscopic,Malignant,BCC,55.0,male,head/neck
ISIC_2817890,IL_5882272,clinical: close-up,Malignant,SCCKA,75.0,female,head/neck
ISIC_9286506,IL_5882272,dermoscopic,Malignant,SCCKA,75.0,female,head/neck
ISIC_5977837,IL_5882687,clinical: close-up,Malignant,BCC,75.0,male,
ISIC_1044266,IL_5882687,dermoscopic,Malignant,BCC,75.0,male,
ISIC_0498304,IL_5890338,clinical: close-up,Malignant,BCC,85.0,male,
ISIC_5814193,IL_5890338,dermoscopic,Malignant,BCC,85.0,male,
ISIC_6058576,IL_5895681,clinical: close-up,Malignant,MEL,70.0,male,head/neck
ISIC_9342357,IL_5895681,dermoscopic,Malignant,MEL,70.0,male,head/neck
ISIC_3018802,IL_5896465,clinical: close-up,Malignant,SCCKA,75.0,male,head/neck
ISIC_6863789,IL_5896465,dermoscopic,Malignant,SCCKA,75.0,male,head/neck
ISIC_5695123,IL_5900922,clinical: close-up,Benign,NV,30.0,male,lower extremity
ISIC_1970255,IL_5900922,dermoscopic,Benign,NV,30.0,male,lower extremity
ISIC_5374944,IL_5903951,clinical: close-up,Malignant,BCC,65.0,male,upper extremity
ISIC_9296237,IL_5903951,dermoscopic,Malignant,BCC,65.0,male,upper extremity
ISIC_9886033,IL_5909950,clinical: close-up,Benign,VASC,,female,
ISIC_7516657,IL_5909950,dermoscopic,Benign,VASC,,female,
ISIC_9460407,IL_5910352,clinical: close-up,Malignant,BCC,65.0,male,
ISIC_0368554,IL_5910352,dermoscopic,Malignant,BCC,65.0,male,
ISIC_9894744,IL_5911154,clinical: close-up,Malignant,BCC,80.0,male,head/neck
ISIC_4523106,IL_5911154,dermoscopic,Malignant,BCC,80.0,male,head/neck
ISIC_8112445,IL_5914745,clinical: close-up,Malignant,BCC,45.0,female,
ISIC_4275923,IL_5914745,dermoscopic,Malignant,BCC,45.0,female,
ISIC_1300480,IL_5917369,clinical: close-up,Malignant,BCC,75.0,male,head/neck
ISIC_0684071,IL_5917369,dermoscopic,Malignant,BCC,75.0,male,head/neck
ISIC_9198446,IL_5917999,clinical: close-up,Benign,NV,5.0,female,lower extremity
ISIC_4432152,IL_5917999,dermoscopic,Benign,NV,5.0,female,lower extremity
ISIC_3965246,IL_5922871,clinical: close-up,Malignant,BCC,60.0,male,upper extremity
ISIC_5180599,IL_5922871,dermoscopic,Malignant,BCC,60.0,male,upper extremity
ISIC_4330850,IL_5924727,clinical: close-up,Benign,BKL,70.0,male,head/neck
ISIC_4505155,IL_5924727,dermoscopic,Benign,BKL,70.0,male,head/neck
ISIC_5116537,IL_5928623,clinical: close-up,Benign,BKL,60.0,male,head/neck
ISIC_2633032,IL_5928623,dermoscopic,Benign,BKL,60.0,male,head/neck
ISIC_3237120,IL_5930295,clinical: close-up,Malignant,BCC,65.0,male,lower extremity
ISIC_1695711,IL_5930295,dermoscopic,Malignant,BCC,65.0,male,lower extremity
ISIC_7542892,IL_5931575,clinical: close-up,Malignant,BCC,75.0,female,upper extremity
ISIC_2669811,IL_5931575,dermoscopic,Malignant,BCC,75.0,female,upper extremity
ISIC_0990979,IL_5940346,clinical: close-up,Malignant,BCC,60.0,male,lower extremity
ISIC_2376934,IL_5940346,dermoscopic,Malignant,BCC,60.0,male,lower extremity
ISIC_1448081,IL_5941345,clinical: close-up,Malignant,BCC,75.0,female,
ISIC_9140582,IL_5941345,dermoscopic,Malignant,BCC,75.0,female,
ISIC_1580971,IL_5941947,clinical: close-up,Malignant,MEL,55.0,male,head/neck
ISIC_1801591,IL_5941947,dermoscopic,Malignant,MEL,55.0,male,head/neck
ISIC_2059897,IL_5946581,clinical: close-up,Malignant,BCC,75.0,female,head/neck
ISIC_8613265,IL_5946581,dermoscopic,Malignant,BCC,75.0,female,head/neck
ISIC_6630088,IL_5950762,clinical: close-up,Malignant,SCCKA,75.0,female,lower extremity
ISIC_2791059,IL_5950762,dermoscopic,Malignant,SCCKA,75.0,female,lower extremity
ISIC_0512778,IL_5952880,clinical: close-up,Benign,NV,35.0,female,
ISIC_7989369,IL_5952880,dermoscopic,Benign,NV,35.0,female,
ISIC_3614265,IL_5954640,clinical: close-up,Benign,BKL,70.0,male,head/neck
ISIC_3430932,IL_5954640,dermoscopic,Benign,BKL,70.0,male,head/neck
ISIC_0513234,IL_5954989,clinical: close-up,Malignant,SCCKA,80.0,female,lower extremity
ISIC_1376673,IL_5954989,dermoscopic,Malignant,SCCKA,80.0,female,lower extremity
ISIC_3045023,IL_5961668,clinical: close-up,Benign,NV,45.0,female,
ISIC_4198312,IL_5961668,dermoscopic,Benign,NV,45.0,female,
ISIC_6183115,IL_5963960,clinical: close-up,Malignant,BCC,65.0,male,head/neck
ISIC_0962183,IL_5963960,dermoscopic,Malignant,BCC,65.0,male,head/neck
ISIC_6135860,IL_5970079,clinical: close-up,Malignant,SCCKA,55.0,male,head/neck
ISIC_3420711,IL_5970079,dermoscopic,Malignant,SCCKA,55.0,male,head/neck
ISIC_1952689,IL_5974480,clinical: close-up,Malignant,BCC,65.0,female,head/neck
ISIC_8431346,IL_5974480,dermoscopic,Malignant,BCC,65.0,female,head/neck
ISIC_1432182,IL_5975500,clinical: close-up,Malignant,SCCKA,85.0,female,head/neck
ISIC_8338464,IL_5975500,dermoscopic,Malignant,SCCKA,85.0,female,head/neck
ISIC_6996440,IL_5979205,clinical: close-up,Benign,NV,45.0,male,
ISIC_3006692,IL_5979205,dermoscopic,Benign,NV,45.0,male,
ISIC_7857854,IL_5979940,clinical: close-up,Malignant,BCC,55.0,male,
ISIC_8543046,IL_5979940,dermoscopic,Malignant,BCC,55.0,male,
ISIC_4129053,IL_5985854,clinical: close-up,Malignant,BCC,65.0,male,upper extremity
ISIC_0093873,IL_5985854,dermoscopic,Malignant,BCC,65.0,male,upper extremity
ISIC_3420842,IL_5992819,clinical: close-up,Benign,BKL,65.0,male,
ISIC_9613721,IL_5992819,dermoscopic,Benign,BKL,65.0,male,
ISIC_8104170,IL_5993994,clinical: close-up,Malignant,BCC,85.0,female,lower extremity
ISIC_2921430,IL_5993994,dermoscopic,Malignant,BCC,85.0,female,lower extremity
ISIC_9770798,IL_5996475,clinical: close-up,Malignant,MEL,35.0,female,
ISIC_9186111,IL_5996475,dermoscopic,Malignant,MEL,35.0,female,
ISIC_7816290,IL_5997841,clinical: close-up,Malignant,BCC,70.0,male,lower extremity
ISIC_3187907,IL_5997841,dermoscopic,Malignant,BCC,70.0,male,lower extremity
ISIC_9762915,IL_6003342,clinical: close-up,Benign,BKL,65.0,male,head/neck
ISIC_5312126,IL_6003342,dermoscopic,Benign,BKL,65.0,male,head/neck
ISIC_8033561,IL_6003876,clinical: close-up,Malignant,BCC,85.0,female,head/neck
ISIC_3548770,IL_6003876,dermoscopic,Malignant,BCC,85.0,female,head/neck
ISIC_9670100,IL_6004102,clinical: close-up,Malignant,MEL,55.0,female,head/neck
ISIC_2631859,IL_6004102,dermoscopic,Malignant,MEL,55.0,female,head/neck
ISIC_0307003,IL_6004998,clinical: close-up,Benign,INF,40.0,male,head/neck
ISIC_2888616,IL_6004998,dermoscopic,Benign,INF,40.0,male,head/neck
ISIC_5399582,IL_6005068,clinical: close-up,Malignant,BCC,50.0,female,lower extremity
ISIC_7441024,IL_6005068,dermoscopic,Malignant,BCC,50.0,female,lower extremity
ISIC_1032764,IL_6007498,clinical: close-up,Malignant,BCC,65.0,male,
ISIC_8606881,IL_6007498,dermoscopic,Malignant,BCC,65.0,male,
ISIC_6214078,IL_6007909,clinical: close-up,Benign,BKL,60.0,female,lower extremity
ISIC_1090300,IL_6007909,dermoscopic,Benign,BKL,60.0,female,lower extremity
ISIC_0987080,IL_6010748,clinical: close-up,Malignant,BCC,75.0,male,lower extremity
ISIC_0853302,IL_6010748,dermoscopic,Malignant,BCC,75.0,male,lower extremity
ISIC_4476901,IL_6011265,clinical: close-up,Malignant,BCC,60.0,male,
ISIC_0477999,IL_6011265,dermoscopic,Malignant,BCC,60.0,male,
ISIC_3838940,IL_6014318,clinical: close-up,Malignant,BCC,70.0,female,
ISIC_9053541,IL_6014318,dermoscopic,Malignant,BCC,70.0,female,
ISIC_0973981,IL_6017753,clinical: close-up,Benign,BKL,65.0,male,
ISIC_6838890,IL_6017753,dermoscopic,Benign,BKL,65.0,male,
ISIC_0423080,IL_6019192,clinical: close-up,Malignant,MEL,40.0,female,
ISIC_2267440,IL_6019192,dermoscopic,Malignant,MEL,40.0,female,
ISIC_4770739,IL_6019983,clinical: close-up,Benign,VASC,35.0,female,
ISIC_3849096,IL_6019983,dermoscopic,Benign,VASC,35.0,female,
ISIC_0906065,IL_6021116,clinical: close-up,Malignant,BCC,45.0,female,upper extremity
ISIC_9892179,IL_6021116,dermoscopic,Malignant,BCC,45.0,female,upper extremity
ISIC_9212791,IL_6021149,clinical: close-up,Malignant,BCC,75.0,male,
ISIC_3946401,IL_6021149,dermoscopic,Malignant,BCC,75.0,male,
ISIC_5318049,IL_6022474,clinical: close-up,Benign,BKL,85.0,male,
ISIC_6494733,IL_6022474,dermoscopic,Benign,BKL,85.0,male,
ISIC_3441354,IL_6031338,clinical: close-up,Malignant,BCC,80.0,male,
ISIC_1528651,IL_6031338,dermoscopic,Malignant,BCC,80.0,male,
ISIC_8225481,IL_6033161,clinical: close-up,Malignant,BCC,60.0,male,lower extremity
ISIC_6469024,IL_6033161,dermoscopic,Malignant,BCC,60.0,male,lower extremity
ISIC_8188045,IL_6033617,clinical: close-up,Malignant,AKIEC,65.0,female,lower extremity
ISIC_1076265,IL_6033617,dermoscopic,Malignant,AKIEC,65.0,female,lower extremity
ISIC_8641404,IL_6037073,clinical: close-up,Malignant,BCC,50.0,female,upper extremity
ISIC_4406973,IL_6037073,dermoscopic,Malignant,BCC,50.0,female,upper extremity
ISIC_4529113,IL_6049551,clinical: close-up,Malignant,BCC,40.0,female,
ISIC_2733454,IL_6049551,dermoscopic,Malignant,BCC,40.0,female,
ISIC_6605295,IL_6050524,clinical: close-up,Malignant,BCC,65.0,female,head/neck
ISIC_0350119,IL_6050524,dermoscopic,Malignant,BCC,65.0,female,head/neck
ISIC_3736605,IL_6052093,clinical: close-up,Malignant,MEL,70.0,female,lower extremity
ISIC_6119319,IL_6052093,dermoscopic,Malignant,MEL,70.0,female,lower extremity
ISIC_3831969,IL_6052166,clinical: close-up,Malignant,SCCKA,70.0,male,head/neck
ISIC_4622676,IL_6052166,dermoscopic,Malignant,SCCKA,70.0,male,head/neck
ISIC_0524110,IL_6055895,clinical: close-up,Malignant,BCC,75.0,male,upper extremity
ISIC_3063817,IL_6055895,dermoscopic,Malignant,BCC,75.0,male,upper extremity
ISIC_8499977,IL_6064590,clinical: close-up,Malignant,BCC,60.0,male,head/neck
ISIC_2434031,IL_6064590,dermoscopic,Malignant,BCC,60.0,male,head/neck
ISIC_9818964,IL_6066269,clinical: close-up,Benign,BKL,65.0,female,upper extremity
ISIC_4235972,IL_6066269,dermoscopic,Benign,BKL,65.0,female,upper extremity
ISIC_3519677,IL_6069436,clinical: close-up,Indeterminate,AKIEC,75.0,male,head/neck
ISIC_0670265,IL_6069436,dermoscopic,Indeterminate,AKIEC,75.0,male,head/neck
ISIC_9236121,IL_6071484,clinical: close-up,Malignant,SCCKA,75.0,male,head/neck
ISIC_2510819,IL_6071484,dermoscopic,Malignant,SCCKA,75.0,male,head/neck
ISIC_6731947,IL_6077697,clinical: close-up,Benign,BKL,70.0,female,
ISIC_3488397,IL_6077697,dermoscopic,Benign,BKL,70.0,female,
ISIC_8073921,IL_6083019,clinical: close-up,Benign,BKL,65.0,male,head/neck
ISIC_9406973,IL_6083019,dermoscopic,Benign,BKL,65.0,male,head/neck
ISIC_0211067,IL_6084278,clinical: close-up,Malignant,MEL,65.0,male,
ISIC_3773277,IL_6084278,dermoscopic,Malignant,MEL,65.0,male,
ISIC_1714093,IL_6093082,clinical: close-up,Malignant,BCC,60.0,male,
ISIC_7631504,IL_6093082,dermoscopic,Malignant,BCC,60.0,male,
ISIC_1219741,IL_6106772,clinical: close-up,Benign,NV,70.0,male,
ISIC_4257866,IL_6106772,dermoscopic,Benign,NV,70.0,male,
ISIC_0389181,IL_6106939,clinical: close-up,Benign,NV,55.0,male,lower extremity
ISIC_6403341,IL_6106939,dermoscopic,Benign,NV,55.0,male,lower extremity
ISIC_7113721,IL_6107862,clinical: close-up,Malignant,BCC,50.0,male,head/neck
ISIC_6590195,IL_6107862,dermoscopic,Malignant,BCC,50.0,male,head/neck
ISIC_0937410,IL_6110349,clinical: close-up,Malignant,BCC,60.0,female,upper extremity
ISIC_7330557,IL_6110349,dermoscopic,Malignant,BCC,60.0,female,upper extremity
ISIC_0662021,IL_6111577,clinical: close-up,Benign,INF,75.0,male,
ISIC_2419039,IL_6111577,dermoscopic,Benign,INF,75.0,male,
ISIC_3345386,IL_6113276,clinical: close-up,Malignant,BCC,75.0,male,head/neck
ISIC_8562787,IL_6113276,dermoscopic,Malignant,BCC,75.0,male,head/neck
ISIC_5349810,IL_6113513,clinical: close-up,Benign,NV,10.0,female,lower extremity
ISIC_6806266,IL_6113513,dermoscopic,Benign,NV,10.0,female,lower extremity
ISIC_8333805,IL_6114071,clinical: close-up,Benign,NV,70.0,female,
ISIC_3526708,IL_6114071,dermoscopic,Benign,NV,70.0,female,
ISIC_5661673,IL_6116581,clinical: close-up,Benign,BKL,55.0,male,
ISIC_5164646,IL_6116581,dermoscopic,Benign,BKL,55.0,male,
ISIC_2781687,IL_6119395,clinical: close-up,Malignant,BCC,50.0,female,
ISIC_6306620,IL_6119395,dermoscopic,Malignant,BCC,50.0,female,
ISIC_4502259,IL_6122240,clinical: close-up,Malignant,MEL,75.0,male,lower extremity
ISIC_1950997,IL_6122240,dermoscopic,Malignant,MEL,75.0,male,lower extremity
ISIC_7207387,IL_6122367,clinical: close-up,Malignant,BCC,70.0,male,head/neck
ISIC_3215995,IL_6122367,dermoscopic,Malignant,BCC,70.0,male,head/neck
ISIC_8414442,IL_6122545,clinical: close-up,Malignant,BCC,60.0,female,lower extremity
ISIC_9572075,IL_6122545,dermoscopic,Malignant,BCC,60.0,female,lower extremity
ISIC_6593095,IL_6124707,clinical: close-up,Malignant,BCC,70.0,female,head/neck
ISIC_8193005,IL_6124707,dermoscopic,Malignant,BCC,70.0,female,head/neck
ISIC_1858368,IL_6135781,clinical: close-up,Malignant,BCC,65.0,female,head/neck
ISIC_2087207,IL_6135781,dermoscopic,Malignant,BCC,65.0,female,head/neck
ISIC_0458709,IL_6140435,clinical: close-up,Benign,NV,75.0,male,
ISIC_8647858,IL_6140435,dermoscopic,Benign,NV,75.0,male,
ISIC_2083558,IL_6144791,clinical: close-up,Malignant,BCC,50.0,male,
ISIC_0593908,IL_6144791,dermoscopic,Malignant,BCC,50.0,male,
ISIC_9932255,IL_6152356,clinical: close-up,Malignant,AKIEC,40.0,male,head/neck
ISIC_1990622,IL_6152356,dermoscopic,Malignant,AKIEC,40.0,male,head/neck
ISIC_4913073,IL_6156024,clinical: close-up,Malignant,BCC,80.0,female,
ISIC_2146757,IL_6156024,dermoscopic,Malignant,BCC,80.0,female,
ISIC_0938645,IL_6156028,clinical: close-up,Malignant,AKIEC,70.0,male,upper extremity
ISIC_9934612,IL_6156028,dermoscopic,Malignant,AKIEC,70.0,male,upper extremity
ISIC_4242454,IL_6157145,clinical: close-up,Benign,BKL,80.0,male,
ISIC_4323016,IL_6157145,dermoscopic,Benign,BKL,80.0,male,
ISIC_7507320,IL_6157998,clinical: close-up,Malignant,BCC,65.0,male,
ISIC_4224540,IL_6157998,dermoscopic,Malignant,BCC,65.0,male,
ISIC_9454462,IL_6161419,clinical: close-up,Malignant,BCC,60.0,female,head/neck
ISIC_0408084,IL_6161419,dermoscopic,Malignant,BCC,60.0,female,head/neck
ISIC_0372945,IL_6163368,clinical: close-up,Benign,BKL,45.0,male,head/neck
ISIC_9007301,IL_6163368,dermoscopic,Benign,BKL,45.0,male,head/neck
ISIC_7849398,IL_6166867,clinical: close-up,Malignant,SCCKA,80.0,female,head/neck
ISIC_8283280,IL_6166867,dermoscopic,Malignant,SCCKA,80.0,female,head/neck
ISIC_5456265,IL_6169727,clinical: close-up,Malignant,SCCKA,75.0,male,
ISIC_2131769,IL_6169727,dermoscopic,Malignant,SCCKA,75.0,male,
ISIC_1763722,IL_6170194,clinical: close-up,Malignant,BCC,65.0,female,
ISIC_1484722,IL_6170194,dermoscopic,Malignant,BCC,65.0,female,
ISIC_7235822,IL_6176161,clinical: close-up,Malignant,BCC,65.0,male,head/neck
ISIC_5604357,IL_6176161,dermoscopic,Malignant,BCC,65.0,male,head/neck
ISIC_5213096,IL_6178941,clinical: close-up,Benign,NV,70.0,male,
ISIC_9572021,IL_6178941,dermoscopic,Benign,NV,70.0,male,
ISIC_3300164,IL_6179190,clinical: close-up,Malignant,BCC,70.0,male,head/neck
ISIC_5116256,IL_6179190,dermoscopic,Malignant,BCC,70.0,male,head/neck
ISIC_5334491,IL_6181794,clinical: close-up,Malignant,BCC,50.0,male,upper extremity
ISIC_7426470,IL_6181794,dermoscopic,Malignant,BCC,50.0,male,upper extremity
ISIC_6560005,IL_6185483,clinical: close-up,Malignant,BCC,65.0,male,head/neck
ISIC_8667734,IL_6185483,dermoscopic,Malignant,BCC,65.0,male,head/neck
ISIC_2726721,IL_6186086,clinical: close-up,Malignant,BCC,60.0,female,lower extremity
ISIC_9137740,IL_6186086,dermoscopic,Malignant,BCC,60.0,female,lower extremity
ISIC_4276424,IL_6188972,clinical: close-up,Malignant,BCC,60.0,female,
ISIC_4963201,IL_6188972,dermoscopic,Malignant,BCC,60.0,female,
ISIC_5483736,IL_6192656,clinical: close-up,Malignant,BCC,70.0,male,lower extremity
ISIC_2036909,IL_6192656,dermoscopic,Malignant,BCC,70.0,male,lower extremity
ISIC_6285557,IL_6192920,clinical: close-up,Malignant,BCC,70.0,male,
ISIC_3813726,IL_6192920,dermoscopic,Malignant,BCC,70.0,male,
ISIC_5438818,IL_6193857,clinical: close-up,Indeterminate,AKIEC,70.0,male,head/neck
ISIC_3025966,IL_6193857,dermoscopic,Indeterminate,AKIEC,70.0,male,head/neck
ISIC_4301937,IL_6194887,clinical: close-up,Malignant,BCC,70.0,male,
ISIC_7582667,IL_6194887,dermoscopic,Malignant,BCC,70.0,male,
ISIC_6345022,IL_6195057,clinical: close-up,Malignant,BCC,65.0,male,
ISIC_7710765,IL_6195057,dermoscopic,Malignant,BCC,65.0,male,
ISIC_2965800,IL_6197231,clinical: close-up,Malignant,BCC,75.0,female,head/neck
ISIC_5325372,IL_6197231,dermoscopic,Malignant,BCC,75.0,female,head/neck
ISIC_0362181,IL_6201256,clinical: close-up,Malignant,BCC,75.0,female,head/neck
ISIC_9509446,IL_6201256,dermoscopic,Malignant,BCC,75.0,female,head/neck
ISIC_8527678,IL_6204310,clinical: close-up,Indeterminate,AKIEC,65.0,male,head/neck
ISIC_5521729,IL_6204310,dermoscopic,Indeterminate,AKIEC,65.0,male,head/neck
ISIC_3343720,IL_6213256,clinical: close-up,Benign,BKL,60.0,female,lower extremity
ISIC_1168286,IL_6213256,dermoscopic,Benign,BKL,60.0,female,lower extremity
ISIC_9200112,IL_6215945,clinical: close-up,Malignant,BCC,55.0,male,
ISIC_5773512,IL_6215945,dermoscopic,Malignant,BCC,55.0,male,
ISIC_5087027,IL_6216018,clinical: close-up,Malignant,BCC,75.0,male,head/neck
ISIC_6065573,IL_6216018,dermoscopic,Malignant,BCC,75.0,male,head/neck
ISIC_0379139,IL_6219839,clinical: close-up,Malignant,BCC,50.0,male,upper extremity
ISIC_3995853,IL_6219839,dermoscopic,Malignant,BCC,50.0,male,upper extremity
ISIC_5609956,IL_6220664,clinical: close-up,Malignant,MEL,60.0,female,lower extremity
ISIC_6576436,IL_6220664,dermoscopic,Malignant,MEL,60.0,female,lower extremity
ISIC_0933479,IL_6222346,clinical: close-up,Benign,BKL,70.0,male,head/neck
ISIC_1030228,IL_6222346,dermoscopic,Benign,BKL,70.0,male,head/neck
ISIC_4175828,IL_6226671,clinical: close-up,Malignant,BCC,50.0,female,upper extremity
ISIC_1949643,IL_6226671,dermoscopic,Malignant,BCC,50.0,female,upper extremity
ISIC_3341232,IL_6226782,clinical: close-up,Malignant,BCC,55.0,male,lower extremity
ISIC_5085980,IL_6226782,dermoscopic,Malignant,BCC,55.0,male,lower extremity
ISIC_7820228,IL_6228849,clinical: close-up,Malignant,BCC,65.0,male,lower extremity
ISIC_3317235,IL_6228849,dermoscopic,Malignant,BCC,65.0,male,lower extremity
ISIC_7466902,IL_6230080,clinical: close-up,Benign,VASC,45.0,female,
ISIC_8600102,IL_6230080,dermoscopic,Benign,VASC,45.0,female,
ISIC_7138691,IL_6238861,clinical: close-up,Benign,BKL,75.0,male,upper extremity
ISIC_3047578,IL_6238861,dermoscopic,Benign,BKL,75.0,male,upper extremity
ISIC_6506817,IL_6242822,clinical: close-up,Malignant,BCC,55.0,male,head/neck
ISIC_0532349,IL_6242822,dermoscopic,Malignant,BCC,55.0,male,head/neck
ISIC_1192919,IL_6244969,clinical: close-up,Malignant,BCC,75.0,male,head/neck
ISIC_0974797,IL_6244969,dermoscopic,Malignant,BCC,75.0,male,head/neck
ISIC_3548384,IL_6246530,clinical: close-up,Malignant,BCC,65.0,female,lower extremity
ISIC_3334573,IL_6246530,dermoscopic,Malignant,BCC,65.0,female,lower extremity
ISIC_0899253,IL_6247210,clinical: close-up,Benign,BKL,50.0,female,upper extremity
ISIC_7016834,IL_6247210,dermoscopic,Benign,BKL,50.0,female,upper extremity
ISIC_0875516,IL_6248025,clinical: close-up,Benign,BKL,70.0,male,head/neck
ISIC_1192068,IL_6248025,dermoscopic,Benign,BKL,70.0,male,head/neck
ISIC_5083671,IL_6248388,clinical: close-up,Benign,INF,75.0,male,lower extremity
ISIC_5829840,IL_6248388,dermoscopic,Benign,INF,75.0,male,lower extremity
ISIC_5449503,IL_6256539,clinical: close-up,Malignant,MEL,55.0,female,head/neck
ISIC_0669396,IL_6256539,dermoscopic,Malignant,MEL,55.0,female,head/neck
ISIC_9886919,IL_6259017,clinical: close-up,Malignant,BCC,80.0,male,lower extremity
ISIC_9668142,IL_6259017,dermoscopic,Malignant,BCC,80.0,male,lower extremity
ISIC_3439130,IL_6259285,clinical: close-up,Benign,BKL,45.0,male,
ISIC_1320525,IL_6259285,dermoscopic,Benign,BKL,45.0,male,
ISIC_2150484,IL_6261131,clinical: close-up,Malignant,BCC,70.0,female,upper extremity
ISIC_0801838,IL_6261131,dermoscopic,Malignant,BCC,70.0,female,upper extremity
ISIC_8491981,IL_6267051,clinical: close-up,Malignant,MEL,50.0,female,head/neck
ISIC_4668657,IL_6267051,dermoscopic,Malignant,MEL,50.0,female,head/neck
ISIC_9401538,IL_6267520,clinical: close-up,Malignant,BCC,50.0,female,
ISIC_9404018,IL_6267520,dermoscopic,Malignant,BCC,50.0,female,
ISIC_8096941,IL_6281110,clinical: close-up,Malignant,BCC,60.0,female,head/neck
ISIC_3974904,IL_6281110,dermoscopic,Malignant,BCC,60.0,female,head/neck
ISIC_8989885,IL_6289320,clinical: close-up,Malignant,SCCKA,65.0,female,lower extremity
ISIC_7243320,IL_6289320,dermoscopic,Malignant,SCCKA,65.0,female,lower extremity
ISIC_4430642,IL_6291533,clinical: close-up,Malignant,MEL,70.0,female,
ISIC_3486312,IL_6291533,dermoscopic,Malignant,MEL,70.0,female,
ISIC_1052154,IL_6292784,clinical: close-up,Malignant,MEL,45.0,female,head/neck
ISIC_7702697,IL_6292784,dermoscopic,Malignant,MEL,45.0,female,head/neck
ISIC_1447403,IL_6294894,clinical: close-up,Benign,NV,40.0,female,lower extremity
ISIC_9756878,IL_6294894,dermoscopic,Benign,NV,40.0,female,lower extremity
ISIC_4692254,IL_6296418,clinical: close-up,Malignant,BCC,70.0,male,head/neck
ISIC_2334974,IL_6296418,dermoscopic,Malignant,BCC,70.0,male,head/neck
ISIC_2164186,IL_6305050,clinical: close-up,Benign,NV,30.0,female,
ISIC_7436110,IL_6305050,dermoscopic,Benign,NV,30.0,female,
ISIC_6895047,IL_6305058,clinical: close-up,Malignant,BCC,40.0,male,upper extremity
ISIC_1002134,IL_6305058,dermoscopic,Malignant,BCC,40.0,male,upper extremity
ISIC_5450702,IL_6309287,clinical: close-up,Malignant,SCCKA,50.0,male,head/neck
ISIC_5966811,IL_6309287,dermoscopic,Malignant,SCCKA,50.0,male,head/neck
ISIC_1923268,IL_6312723,clinical: close-up,Malignant,BCC,75.0,male,head/neck
ISIC_2106664,IL_6312723,dermoscopic,Malignant,BCC,75.0,male,head/neck
ISIC_3505887,IL_6312892,clinical: close-up,Malignant,BCC,50.0,female,head/neck
ISIC_8239177,IL_6312892,dermoscopic,Malignant,BCC,50.0,female,head/neck
ISIC_5402789,IL_6314670,clinical: close-up,Benign,NV,40.0,female,lower extremity
ISIC_2747022,IL_6314670,dermoscopic,Benign,NV,40.0,female,lower extremity
ISIC_5944719,IL_6316913,clinical: close-up,Malignant,BCC,75.0,male,
ISIC_9356329,IL_6316913,dermoscopic,Malignant,BCC,75.0,male,
ISIC_9718756,IL_6322114,clinical: close-up,Malignant,BCC,80.0,male,lower extremity
ISIC_4851411,IL_6322114,dermoscopic,Malignant,BCC,80.0,male,lower extremity
ISIC_5242567,IL_6332213,clinical: close-up,Malignant,BCC,55.0,male,
ISIC_4648933,IL_6332213,dermoscopic,Malignant,BCC,55.0,male,
ISIC_1405142,IL_6335975,clinical: close-up,Malignant,BCC,65.0,female,
ISIC_7799504,IL_6335975,dermoscopic,Malignant,BCC,65.0,female,
ISIC_7041996,IL_6336481,clinical: close-up,Malignant,SCCKA,65.0,female,head/neck
ISIC_4103339,IL_6336481,dermoscopic,Malignant,SCCKA,65.0,female,head/neck
ISIC_8473871,IL_6337790,clinical: close-up,Benign,BKL,70.0,male,
ISIC_9226737,IL_6337790,dermoscopic,Benign,BKL,70.0,male,
ISIC_4336547,IL_6338408,clinical: close-up,Malignant,BCC,65.0,female,lower extremity
ISIC_2084190,IL_6338408,dermoscopic,Malignant,BCC,65.0,female,lower extremity
ISIC_4343132,IL_6342379,clinical: close-up,Malignant,BCC,70.0,male,head/neck
ISIC_7794974,IL_6342379,dermoscopic,Malignant,BCC,70.0,male,head/neck
ISIC_9076994,IL_6346184,clinical: close-up,Malignant,BCC,60.0,male,upper extremity
ISIC_4588258,IL_6346184,dermoscopic,Malignant,BCC,60.0,male,upper extremity
ISIC_9074776,IL_6346442,clinical: close-up,Malignant,BCC,50.0,female,upper extremity
ISIC_8932533,IL_6346442,dermoscopic,Malignant,BCC,50.0,female,upper extremity
ISIC_9487423,IL_6347465,clinical: close-up,Benign,BKL,70.0,male,
ISIC_8319384,IL_6347465,dermoscopic,Benign,BKL,70.0,male,
ISIC_6340932,IL_6348689,clinical: close-up,Malignant,SCCKA,80.0,male,upper extremity
ISIC_9055179,IL_6348689,dermoscopic,Malignant,SCCKA,80.0,male,upper extremity
ISIC_2078548,IL_6352685,clinical: close-up,Malignant,BCC,70.0,female,lower extremity
ISIC_4914433,IL_6352685,dermoscopic,Malignant,BCC,70.0,female,lower extremity
ISIC_7735271,IL_6356620,clinical: close-up,Malignant,BCC,85.0,female,
ISIC_6835241,IL_6356620,dermoscopic,Malignant,BCC,85.0,female,
ISIC_2744921,IL_6356650,clinical: close-up,Malignant,BCC,45.0,female,head/neck
ISIC_4548759,IL_6356650,dermoscopic,Malignant,BCC,45.0,female,head/neck
ISIC_4279073,IL_6359555,clinical: close-up,Benign,NV,,female,
ISIC_9334393,IL_6359555,dermoscopic,Benign,NV,,female,
ISIC_2338734,IL_6361071,clinical: close-up,Benign,BKL,65.0,male,head/neck
ISIC_1561841,IL_6361071,dermoscopic,Benign,BKL,65.0,male,head/neck
ISIC_6077125,IL_6361201,clinical: close-up,Benign,BKL,40.0,male,lower extremity
ISIC_4386149,IL_6361201,dermoscopic,Benign,BKL,40.0,male,lower extremity
ISIC_8285513,IL_6362018,clinical: close-up,Malignant,BCC,55.0,male,upper extremity
ISIC_3357576,IL_6362018,dermoscopic,Malignant,BCC,55.0,male,upper extremity
ISIC_9512295,IL_6362579,clinical: close-up,Malignant,SCCKA,70.0,male,lower extremity
ISIC_7424118,IL_6362579,dermoscopic,Malignant,SCCKA,70.0,male,lower extremity
ISIC_4862589,IL_6365127,clinical: close-up,Benign,BKL,55.0,female,lower extremity
ISIC_4594686,IL_6365127,dermoscopic,Benign,BKL,55.0,female,lower extremity
ISIC_0793894,IL_6365837,clinical: close-up,Malignant,BCC,55.0,male,
ISIC_2252215,IL_6365837,dermoscopic,Malignant,BCC,55.0,male,
ISIC_8376889,IL_6367899,clinical: close-up,Malignant,MEL,65.0,female,lower extremity
ISIC_5714835,IL_6367899,dermoscopic,Malignant,MEL,65.0,female,lower extremity
ISIC_4638443,IL_6368595,clinical: close-up,Benign,BKL,70.0,male,lower extremity
ISIC_8071918,IL_6368595,dermoscopic,Benign,BKL,70.0,male,lower extremity
ISIC_6069821,IL_6370707,clinical: close-up,Benign,BKL,75.0,male,lower extremity
ISIC_2615324,IL_6370707,dermoscopic,Benign,BKL,75.0,male,lower extremity
ISIC_6918071,IL_6372731,clinical: close-up,Malignant,SCCKA,75.0,female,upper extremity
ISIC_2891101,IL_6372731,dermoscopic,Malignant,SCCKA,75.0,female,upper extremity
ISIC_1860926,IL_6381274,clinical: close-up,Malignant,BCC,75.0,male,lower extremity
ISIC_2329035,IL_6381274,dermoscopic,Malignant,BCC,75.0,male,lower extremity
ISIC_4533084,IL_6383449,clinical: close-up,Benign,NV,30.0,male,
ISIC_3298166,IL_6383449,dermoscopic,Benign,NV,30.0,male,
ISIC_8531002,IL_6386977,clinical: close-up,Malignant,MEL,70.0,male,
ISIC_6747251,IL_6386977,dermoscopic,Malignant,MEL,70.0,male,
ISIC_2668678,IL_6389219,clinical: close-up,Malignant,AKIEC,85.0,male,head/neck
ISIC_7029533,IL_6389219,dermoscopic,Malignant,AKIEC,85.0,male,head/neck
ISIC_2412335,IL_6390381,clinical: close-up,Indeterminate,AKIEC,50.0,female,
ISIC_8001737,IL_6390381,dermoscopic,Indeterminate,AKIEC,50.0,female,
ISIC_0169510,IL_6393566,clinical: close-up,Benign,VASC,65.0,female,
ISIC_5866736,IL_6393566,dermoscopic,Benign,VASC,65.0,female,
ISIC_0654229,IL_6393751,clinical: close-up,Benign,NV,35.0,female,oral/genital
ISIC_1816373,IL_6393751,dermoscopic,Benign,NV,35.0,female,oral/genital
ISIC_7505667,IL_6393969,clinical: close-up,Benign,NV,35.0,male,upper extremity
ISIC_8612251,IL_6393969,dermoscopic,Benign,NV,35.0,male,upper extremity
ISIC_5846820,IL_6412076,clinical: close-up,Malignant,BCC,65.0,male,head/neck
ISIC_9995871,IL_6412076,dermoscopic,Malignant,BCC,65.0,male,head/neck
ISIC_5826859,IL_6413155,clinical: close-up,Indeterminate,AKIEC,50.0,male,head/neck
ISIC_4773028,IL_6413155,dermoscopic,Indeterminate,AKIEC,50.0,male,head/neck
ISIC_2931409,IL_6413460,clinical: close-up,Malignant,BCC,65.0,female,upper extremity
ISIC_6532286,IL_6413460,dermoscopic,Malignant,BCC,65.0,female,upper extremity
ISIC_4886585,IL_6419934,clinical: close-up,Malignant,MEL,50.0,female,lower extremity
ISIC_9866460,IL_6419934,dermoscopic,Malignant,MEL,50.0,female,lower extremity
ISIC_4343144,IL_6420001,clinical: close-up,Malignant,BCC,50.0,male,head/neck
ISIC_5686692,IL_6420001,dermoscopic,Malignant,BCC,50.0,male,head/neck
ISIC_0202768,IL_6427457,clinical: close-up,Malignant,BCC,40.0,female,head/neck
ISIC_0940771,IL_6427457,dermoscopic,Malignant,BCC,40.0,female,head/neck
ISIC_1089519,IL_6430052,clinical: close-up,Malignant,BCC,75.0,male,head/neck
ISIC_5186218,IL_6430052,dermoscopic,Malignant,BCC,75.0,male,head/neck
ISIC_6760472,IL_6430136,clinical: close-up,Benign,NV,60.0,male,lower extremity
ISIC_1548274,IL_6430136,dermoscopic,Benign,NV,60.0,male,lower extremity
ISIC_7717657,IL_6431723,clinical: close-up,Benign,NV,30.0,female,upper extremity
ISIC_9506376,IL_6431723,dermoscopic,Benign,NV,30.0,female,upper extremity
ISIC_0725098,IL_6434551,clinical: close-up,Malignant,BCC,55.0,female,
ISIC_3442836,IL_6434551,dermoscopic,Malignant,BCC,55.0,female,
ISIC_5298792,IL_6440740,clinical: close-up,Malignant,SCCKA,80.0,male,head/neck
ISIC_4684676,IL_6440740,dermoscopic,Malignant,SCCKA,80.0,male,head/neck
ISIC_4770601,IL_6441506,clinical: close-up,Malignant,MEL,55.0,male,
ISIC_2598537,IL_6441506,dermoscopic,Malignant,MEL,55.0,male,
ISIC_4530809,IL_6442141,clinical: close-up,Malignant,BCC,55.0,male,head/neck
ISIC_9379057,IL_6442141,dermoscopic,Malignant,BCC,55.0,male,head/neck
ISIC_4292605,IL_6442521,clinical: close-up,Malignant,BCC,70.0,male,
ISIC_6653326,IL_6442521,dermoscopic,Malignant,BCC,70.0,male,
ISIC_7152699,IL_6446380,clinical: close-up,Benign,NV,70.0,female,upper extremity
ISIC_1582241,IL_6446380,dermoscopic,Benign,NV,70.0,female,upper extremity
ISIC_3053943,IL_6448360,clinical: close-up,Benign,NV,40.0,female,
ISIC_0850383,IL_6448360,dermoscopic,Benign,NV,40.0,female,
ISIC_6076049,IL_6450698,clinical: close-up,Malignant,BCC,70.0,female,head/neck
ISIC_6277878,IL_6450698,dermoscopic,Malignant,BCC,70.0,female,head/neck
ISIC_4468660,IL_6452981,clinical: close-up,Malignant,BCC,55.0,female,
ISIC_5834421,IL_6452981,dermoscopic,Malignant,BCC,55.0,female,
ISIC_1657968,IL_6455280,clinical: close-up,Malignant,BCC,70.0,female,
ISIC_7272721,IL_6455280,dermoscopic,Malignant,BCC,70.0,female,
ISIC_6236784,IL_6455878,clinical: close-up,Malignant,BCC,60.0,female,head/neck
ISIC_3062370,IL_6455878,dermoscopic,Malignant,BCC,60.0,female,head/neck
ISIC_2993511,IL_6458200,clinical: close-up,Malignant,BCC,80.0,female,head/neck
ISIC_0244875,IL_6458200,dermoscopic,Malignant,BCC,80.0,female,head/neck
ISIC_7652679,IL_6462004,clinical: close-up,Malignant,SCCKA,50.0,male,head/neck
ISIC_7645755,IL_6462004,dermoscopic,Malignant,SCCKA,50.0,male,head/neck
ISIC_4666384,IL_6466353,clinical: close-up,Benign,BKL,75.0,male,lower extremity
ISIC_0392480,IL_6466353,dermoscopic,Benign,BKL,75.0,male,lower extremity
ISIC_6731532,IL_6477197,clinical: close-up,Malignant,BCC,70.0,male,
ISIC_5553849,IL_6477197,dermoscopic,Malignant,BCC,70.0,male,
ISIC_1714713,IL_6480673,clinical: close-up,Benign,NV,15.0,female,lower extremity
ISIC_0487104,IL_6480673,dermoscopic,Benign,NV,15.0,female,lower extremity
ISIC_2233787,IL_6481065,clinical: close-up,Benign,NV,35.0,female,lower extremity
ISIC_1085792,IL_6481065,dermoscopic,Benign,NV,35.0,female,lower extremity
ISIC_3638194,IL_6481274,clinical: close-up,Malignant,BCC,75.0,male,head/neck
ISIC_0562738,IL_6481274,dermoscopic,Malignant,BCC,75.0,male,head/neck
ISIC_2122406,IL_6481536,clinical: close-up,Benign,NV,45.0,female,lower extremity
ISIC_2795308,IL_6481536,dermoscopic,Benign,NV,45.0,female,lower extremity
ISIC_6182960,IL_6484840,clinical: close-up,Malignant,BCC,60.0,female,head/neck
ISIC_5271791,IL_6484840,dermoscopic,Malignant,BCC,60.0,female,head/neck
ISIC_3014783,IL_6491562,clinical: close-up,Malignant,BCC,50.0,female,
ISIC_1191996,IL_6491562,dermoscopic,Malignant,BCC,50.0,female,
ISIC_1662993,IL_6491893,clinical: close-up,Malignant,BCC,60.0,female,lower extremity
ISIC_6239365,IL_6491893,dermoscopic,Malignant,BCC,60.0,female,lower extremity
ISIC_4352572,IL_6493670,clinical: close-up,Benign,NV,35.0,male,
ISIC_6455558,IL_6493670,dermoscopic,Benign,NV,35.0,male,
ISIC_1218245,IL_6497290,clinical: close-up,Benign,BKL,65.0,male,
ISIC_8810868,IL_6497290,dermoscopic,Benign,BKL,65.0,male,
ISIC_5689912,IL_6498121,clinical: close-up,Malignant,BCC,45.0,male,
ISIC_3553315,IL_6498121,dermoscopic,Malignant,BCC,45.0,male,
ISIC_9253237,IL_6498340,clinical: close-up,Malignant,BCC,65.0,male,head/neck
ISIC_5696465,IL_6498340,dermoscopic,Malignant,BCC,65.0,male,head/neck
ISIC_7325787,IL_6498417,clinical: close-up,Malignant,BCC,75.0,female,
ISIC_5836740,IL_6498417,dermoscopic,Malignant,BCC,75.0,female,
ISIC_5433214,IL_6502253,clinical: close-up,Malignant,BCC,75.0,male,
ISIC_5062776,IL_6502253,dermoscopic,Malignant,BCC,75.0,male,
ISIC_5592478,IL_6502535,clinical: close-up,Benign,BKL,65.0,female,upper extremity
ISIC_3317643,IL_6502535,dermoscopic,Benign,BKL,65.0,female,upper extremity
ISIC_9046790,IL_6503105,clinical: close-up,Malignant,MEL,70.0,male,head/neck
ISIC_7308959,IL_6503105,dermoscopic,Malignant,MEL,70.0,male,head/neck
ISIC_2689111,IL_6505724,clinical: close-up,Malignant,BCC,75.0,male,lower extremity
ISIC_4113429,IL_6505724,dermoscopic,Malignant,BCC,75.0,male,lower extremity
ISIC_7960659,IL_6509109,clinical: close-up,Malignant,BCC,45.0,female,upper extremity
ISIC_0208357,IL_6509109,dermoscopic,Malignant,BCC,45.0,female,upper extremity
ISIC_7257043,IL_6511492,clinical: close-up,Malignant,MEL,80.0,female,head/neck
ISIC_0866872,IL_6511492,dermoscopic,Malignant,MEL,80.0,female,head/neck
ISIC_5612498,IL_6514387,clinical: close-up,Benign,NV,40.0,female,lower extremity
ISIC_4045574,IL_6514387,dermoscopic,Benign,NV,40.0,female,lower extremity
ISIC_4991395,IL_6518522,clinical: close-up,Malignant,BCC,60.0,female,lower extremity
ISIC_3997102,IL_6518522,dermoscopic,Malignant,BCC,60.0,female,lower extremity
ISIC_0888116,IL_6520783,clinical: close-up,Malignant,BCC,70.0,female,upper extremity
ISIC_2508643,IL_6520783,dermoscopic,Malignant,BCC,70.0,female,upper extremity
ISIC_9951505,IL_6525739,clinical: close-up,Malignant,BCC,75.0,male,
ISIC_2025971,IL_6525739,dermoscopic,Malignant,BCC,75.0,male,
ISIC_7082655,IL_6527343,clinical: close-up,Malignant,MEL,60.0,male,
ISIC_3779625,IL_6527343,dermoscopic,Malignant,MEL,60.0,male,
ISIC_7535873,IL_6527542,clinical: close-up,Malignant,BCC,85.0,male,head/neck
ISIC_4343848,IL_6527542,dermoscopic,Malignant,BCC,85.0,male,head/neck
ISIC_1807722,IL_6528074,clinical: close-up,Malignant,BCC,65.0,male,
ISIC_4577203,IL_6528074,dermoscopic,Malignant,BCC,65.0,male,
ISIC_1733540,IL_6528772,clinical: close-up,Benign,NV,50.0,female,lower extremity
ISIC_1828562,IL_6528772,dermoscopic,Benign,NV,50.0,female,lower extremity
ISIC_6538197,IL_6532631,clinical: close-up,Malignant,BCC,85.0,male,upper extremity
ISIC_6297733,IL_6532631,dermoscopic,Malignant,BCC,85.0,male,upper extremity
ISIC_7190000,IL_6546506,clinical: close-up,Malignant,SCCKA,70.0,male,
ISIC_4629088,IL_6546506,dermoscopic,Malignant,SCCKA,70.0,male,
ISIC_1138088,IL_6550099,clinical: close-up,Benign,NV,35.0,male,
ISIC_9994191,IL_6550099,dermoscopic,Benign,NV,35.0,male,
ISIC_1886909,IL_6550593,clinical: close-up,Malignant,BCC,60.0,female,head/neck
ISIC_3873824,IL_6550593,dermoscopic,Malignant,BCC,60.0,female,head/neck
ISIC_1011069,IL_6552664,clinical: close-up,Malignant,MEL,80.0,male,lower extremity
ISIC_5253746,IL_6552664,dermoscopic,Malignant,MEL,80.0,male,lower extremity
ISIC_2226952,IL_6552855,clinical: close-up,Malignant,BCC,50.0,male,
ISIC_8621381,IL_6552855,dermoscopic,Malignant,BCC,50.0,male,
ISIC_5930151,IL_6555203,clinical: close-up,Malignant,AKIEC,65.0,female,head/neck
ISIC_4347690,IL_6555203,dermoscopic,Malignant,AKIEC,65.0,female,head/neck
ISIC_8022914,IL_6555655,clinical: close-up,Malignant,BCC,55.0,male,head/neck
ISIC_5213643,IL_6555655,dermoscopic,Malignant,BCC,55.0,male,head/neck
ISIC_0424515,IL_6558411,clinical: close-up,Benign,BKL,80.0,male,
ISIC_8939939,IL_6558411,dermoscopic,Benign,BKL,80.0,male,
ISIC_2481693,IL_6559871,clinical: close-up,Malignant,BCC,60.0,female,upper extremity
ISIC_4736865,IL_6559871,dermoscopic,Malignant,BCC,60.0,female,upper extremity
ISIC_9026609,IL_6575450,clinical: close-up,Malignant,AKIEC,60.0,male,lower extremity
ISIC_4297812,IL_6575450,dermoscopic,Malignant,AKIEC,60.0,male,lower extremity
ISIC_7148211,IL_6578198,clinical: close-up,Malignant,BCC,80.0,male,
ISIC_6063074,IL_6578198,dermoscopic,Malignant,BCC,80.0,male,
ISIC_9258545,IL_6581276,clinical: close-up,Malignant,MEL,70.0,male,lower extremity
ISIC_6242110,IL_6581276,dermoscopic,Malignant,MEL,70.0,male,lower extremity
ISIC_6175610,IL_6582258,clinical: close-up,Malignant,SCCKA,65.0,male,head/neck
ISIC_3659324,IL_6582258,dermoscopic,Malignant,SCCKA,65.0,male,head/neck
ISIC_7672873,IL_6583801,clinical: close-up,Benign,BKL,60.0,female,
ISIC_3892538,IL_6583801,dermoscopic,Benign,BKL,60.0,female,
ISIC_9810068,IL_6586182,clinical: close-up,Malignant,BCC,80.0,male,
ISIC_8127734,IL_6586182,dermoscopic,Malignant,BCC,80.0,male,
ISIC_3164080,IL_6587096,clinical: close-up,Malignant,MEL,75.0,female,lower extremity
ISIC_0603818,IL_6587096,dermoscopic,Malignant,MEL,75.0,female,lower extremity
ISIC_8357891,IL_6588313,clinical: close-up,Malignant,BCC,45.0,male,
ISIC_6062128,IL_6588313,dermoscopic,Malignant,BCC,45.0,male,
ISIC_9950919,IL_6592756,clinical: close-up,Malignant,BCC,75.0,male,upper extremity
ISIC_5284704,IL_6592756,dermoscopic,Malignant,BCC,75.0,male,upper extremity
ISIC_0504075,IL_6595342,clinical: close-up,Benign,NV,55.0,male,head/neck
ISIC_4458763,IL_6595342,dermoscopic,Benign,NV,55.0,male,head/neck
ISIC_4797688,IL_6598167,clinical: close-up,Malignant,MAL_OTH,75.0,male,lower extremity
ISIC_1665727,IL_6598167,dermoscopic,Malignant,MAL_OTH,75.0,male,lower extremity
ISIC_4043291,IL_6600785,clinical: close-up,Malignant,SCCKA,70.0,male,head/neck
ISIC_3418246,IL_6600785,dermoscopic,Malignant,SCCKA,70.0,male,head/neck
ISIC_9424114,IL_6605794,clinical: close-up,Malignant,BCC,70.0,female,lower extremity
ISIC_8684482,IL_6605794,dermoscopic,Malignant,BCC,70.0,female,lower extremity
ISIC_2277641,IL_6606069,clinical: close-up,Malignant,BCC,40.0,female,head/neck
ISIC_8668985,IL_6606069,dermoscopic,Malignant,BCC,40.0,female,head/neck
ISIC_5047126,IL_6609864,clinical: close-up,Benign,NV,70.0,male,
ISIC_2848487,IL_6609864,dermoscopic,Benign,NV,70.0,male,
ISIC_4037796,IL_6613281,clinical: close-up,Malignant,BCC,75.0,male,lower extremity
ISIC_7854881,IL_6613281,dermoscopic,Malignant,BCC,75.0,male,lower extremity
ISIC_0234148,IL_6613514,clinical: close-up,Benign,NV,20.0,female,
ISIC_0179367,IL_6613514,dermoscopic,Benign,NV,20.0,female,
ISIC_8038275,IL_6618073,clinical: close-up,Benign,NV,60.0,female,upper extremity
ISIC_4503581,IL_6618073,dermoscopic,Benign,NV,60.0,female,upper extremity
ISIC_1562789,IL_6622231,clinical: close-up,Benign,NV,40.0,male,
ISIC_6442452,IL_6622231,dermoscopic,Benign,NV,40.0,male,
ISIC_8153909,IL_6622693,clinical: close-up,Malignant,MEL,60.0,male,head/neck
ISIC_6293492,IL_6622693,dermoscopic,Malignant,MEL,60.0,male,head/neck
ISIC_4513123,IL_6632725,clinical: close-up,Malignant,MEL,60.0,male,upper extremity
ISIC_7170025,IL_6632725,dermoscopic,Malignant,MEL,60.0,male,upper extremity
ISIC_2825735,IL_6634369,clinical: close-up,Malignant,BCC,80.0,female,head/neck
ISIC_6738813,IL_6634369,dermoscopic,Malignant,BCC,80.0,female,head/neck
ISIC_6216368,IL_6635942,clinical: close-up,Malignant,BCC,60.0,female,head/neck
ISIC_9018696,IL_6635942,dermoscopic,Malignant,BCC,60.0,female,head/neck
ISIC_2439000,IL_6636674,clinical: close-up,Malignant,AKIEC,75.0,male,head/neck
ISIC_4314742,IL_6636674,dermoscopic,Malignant,AKIEC,75.0,male,head/neck
ISIC_8171205,IL_6638180,clinical: close-up,Malignant,BCC,55.0,male,head/neck
ISIC_6508531,IL_6638180,dermoscopic,Malignant,BCC,55.0,male,head/neck
ISIC_8403731,IL_6638218,clinical: close-up,Malignant,BCC,80.0,male,head/neck
ISIC_5822186,IL_6638218,dermoscopic,Malignant,BCC,80.0,male,head/neck
ISIC_6685057,IL_6639519,clinical: close-up,Malignant,BCC,85.0,female,
ISIC_7115768,IL_6639519,dermoscopic,Malignant,BCC,85.0,female,
ISIC_5101807,IL_6646437,clinical: close-up,Malignant,BCC,85.0,male,lower extremity
ISIC_4877646,IL_6646437,dermoscopic,Malignant,BCC,85.0,male,lower extremity
ISIC_6751695,IL_6647837,clinical: close-up,Malignant,BCC,60.0,female,
ISIC_8649350,IL_6647837,dermoscopic,Malignant,BCC,60.0,female,
ISIC_1000918,IL_6650596,clinical: close-up,Malignant,BCC,85.0,female,upper extremity
ISIC_4905525,IL_6650596,dermoscopic,Malignant,BCC,85.0,female,upper extremity
ISIC_6208118,IL_6653244,clinical: close-up,Benign,NV,25.0,male,
ISIC_0887284,IL_6653244,dermoscopic,Benign,NV,25.0,male,
ISIC_8124386,IL_6654419,clinical: close-up,Malignant,AKIEC,75.0,female,lower extremity
ISIC_1999632,IL_6654419,dermoscopic,Malignant,AKIEC,75.0,female,lower extremity
ISIC_8949217,IL_6654739,clinical: close-up,Benign,BKL,60.0,male,
ISIC_8436376,IL_6654739,dermoscopic,Benign,BKL,60.0,male,
ISIC_0329283,IL_6655417,clinical: close-up,Benign,NV,40.0,female,upper extremity
ISIC_1831934,IL_6655417,dermoscopic,Benign,NV,40.0,female,upper extremity
ISIC_0258020,IL_6657702,clinical: close-up,Malignant,MEL,70.0,male,head/neck
ISIC_5068413,IL_6657702,dermoscopic,Malignant,MEL,70.0,male,head/neck
ISIC_2984850,IL_6660320,clinical: close-up,Benign,INF,50.0,female,
ISIC_3584809,IL_6660320,dermoscopic,Benign,INF,50.0,female,
ISIC_3931844,IL_6660376,clinical: close-up,Malignant,MEL,85.0,female,lower extremity
ISIC_8026822,IL_6660376,dermoscopic,Malignant,MEL,85.0,female,lower extremity
ISIC_9800865,IL_6662747,clinical: close-up,Benign,BKL,10.0,female,head/neck
ISIC_6657890,IL_6662747,dermoscopic,Benign,BKL,10.0,female,head/neck
ISIC_9114356,IL_6665809,clinical: close-up,Malignant,AKIEC,75.0,male,lower extremity
ISIC_0970615,IL_6665809,dermoscopic,Malignant,AKIEC,75.0,male,lower extremity
ISIC_0121050,IL_6673700,clinical: close-up,Benign,NV,50.0,female,
ISIC_5171808,IL_6673700,dermoscopic,Benign,NV,50.0,female,
ISIC_8429175,IL_6676284,clinical: close-up,Malignant,AKIEC,80.0,male,upper extremity
ISIC_8860235,IL_6676284,dermoscopic,Malignant,AKIEC,80.0,male,upper extremity
ISIC_2243897,IL_6677993,clinical: close-up,Benign,NV,55.0,male,head/neck
ISIC_2961437,IL_6677993,dermoscopic,Benign,NV,55.0,male,head/neck
ISIC_0426781,IL_6679773,clinical: close-up,Malignant,BCC,55.0,female,head/neck
ISIC_7196937,IL_6679773,dermoscopic,Malignant,BCC,55.0,female,head/neck
ISIC_6007784,IL_6680109,clinical: close-up,Malignant,BCC,65.0,male,
ISIC_5079694,IL_6680109,dermoscopic,Malignant,BCC,65.0,male,
ISIC_2580507,IL_6681910,clinical: close-up,Malignant,BCC,70.0,male,upper extremity
ISIC_4938829,IL_6681910,dermoscopic,Malignant,BCC,70.0,male,upper extremity
ISIC_8749451,IL_6684225,clinical: close-up,Malignant,BCC,70.0,male,head/neck
ISIC_7478833,IL_6684225,dermoscopic,Malignant,BCC,70.0,male,head/neck
ISIC_7335684,IL_6686200,clinical: close-up,Malignant,BCC,75.0,female,head/neck
ISIC_6569850,IL_6686200,dermoscopic,Malignant,BCC,75.0,female,head/neck
ISIC_4229124,IL_6690716,clinical: close-up,Benign,BKL,75.0,male,lower extremity
ISIC_6825359,IL_6690716,dermoscopic,Benign,BKL,75.0,male,lower extremity
ISIC_9369364,IL_6691534,clinical: close-up,Malignant,BCC,75.0,male,
ISIC_0190959,IL_6691534,dermoscopic,Malignant,BCC,75.0,male,
ISIC_1242913,IL_6691831,clinical: close-up,Malignant,BCC,85.0,female,head/neck
ISIC_4133448,IL_6691831,dermoscopic,Malignant,BCC,85.0,female,head/neck
ISIC_0682339,IL_6693472,clinical: close-up,Malignant,MEL,75.0,male,head/neck
ISIC_2783831,IL_6693472,dermoscopic,Malignant,MEL,75.0,male,head/neck
ISIC_7168635,IL_6695946,clinical: close-up,Benign,BEN_OTH,50.0,female,head/neck
ISIC_6026183,IL_6695946,dermoscopic,Benign,BEN_OTH,50.0,female,head/neck
ISIC_5176734,IL_6705491,clinical: close-up,Malignant,MEL,70.0,male,upper extremity
ISIC_9266057,IL_6705491,dermoscopic,Malignant,MEL,70.0,male,upper extremity
ISIC_6872166,IL_6706303,clinical: close-up,Malignant,AKIEC,45.0,male,upper extremity
ISIC_7006091,IL_6706303,dermoscopic,Malignant,AKIEC,45.0,male,upper extremity
ISIC_6145727,IL_6710445,clinical: close-up,Malignant,BCC,55.0,male,lower extremity
ISIC_3783849,IL_6710445,dermoscopic,Malignant,BCC,55.0,male,lower extremity
ISIC_9784837,IL_6711797,clinical: close-up,Malignant,BCC,85.0,male,upper extremity
ISIC_9153141,IL_6711797,dermoscopic,Malignant,BCC,85.0,male,upper extremity
ISIC_6110252,IL_6717785,clinical: close-up,Benign,NV,50.0,female,
ISIC_5239106,IL_6717785,dermoscopic,Benign,NV,50.0,female,
ISIC_5836804,IL_6718051,clinical: close-up,Malignant,BCC,85.0,male,head/neck
ISIC_4185934,IL_6718051,dermoscopic,Malignant,BCC,85.0,male,head/neck
ISIC_6625754,IL_6719325,clinical: close-up,Malignant,BCC,60.0,female,head/neck
ISIC_5709448,IL_6719325,dermoscopic,Malignant,BCC,60.0,female,head/neck
ISIC_4464487,IL_6727928,clinical: close-up,Malignant,AKIEC,75.0,male,lower extremity
ISIC_1817508,IL_6727928,dermoscopic,Malignant,AKIEC,75.0,male,lower extremity
ISIC_4583576,IL_6731689,clinical: close-up,Benign,BKL,80.0,male,upper extremity
ISIC_8373214,IL_6731689,dermoscopic,Benign,BKL,80.0,male,upper extremity
ISIC_4857675,IL_6731781,clinical: close-up,Benign,NV,40.0,male,lower extremity
ISIC_0914647,IL_6731781,dermoscopic,Benign,NV,40.0,male,lower extremity
ISIC_3078783,IL_6732051,clinical: close-up,Malignant,BCC,65.0,female,upper extremity
ISIC_2974995,IL_6732051,dermoscopic,Malignant,BCC,65.0,female,upper extremity
ISIC_4155762,IL_6733818,clinical: close-up,Malignant,BCC,75.0,female,
ISIC_9472474,IL_6733818,dermoscopic,Malignant,BCC,75.0,female,
ISIC_9756777,IL_6738007,clinical: close-up,Malignant,BCC,50.0,male,upper extremity
ISIC_8498076,IL_6738007,dermoscopic,Malignant,BCC,50.0,male,upper extremity
ISIC_3601752,IL_6741185,clinical: close-up,Malignant,MEL,40.0,female,head/neck
ISIC_3807230,IL_6741185,dermoscopic,Malignant,MEL,40.0,female,head/neck
ISIC_8722591,IL_6743301,clinical: close-up,Malignant,BCC,65.0,male,head/neck
ISIC_0499568,IL_6743301,dermoscopic,Malignant,BCC,65.0,male,head/neck
ISIC_4297082,IL_6751385,clinical: close-up,Malignant,SCCKA,65.0,male,upper extremity
ISIC_7774559,IL_6751385,dermoscopic,Malignant,SCCKA,65.0,male,upper extremity
ISIC_7902533,IL_6762452,clinical: close-up,Malignant,BCC,45.0,female,
ISIC_5022439,IL_6762452,dermoscopic,Malignant,BCC,45.0,female,
ISIC_4061158,IL_6764559,clinical: close-up,Malignant,SCCKA,55.0,male,head/neck
ISIC_8292493,IL_6764559,dermoscopic,Malignant,SCCKA,55.0,male,head/neck
ISIC_5260184,IL_6765370,clinical: close-up,Malignant,BCC,65.0,male,upper extremity
ISIC_7193606,IL_6765370,dermoscopic,Malignant,BCC,65.0,male,upper extremity
ISIC_6713718,IL_6767086,clinical: close-up,Malignant,BCC,75.0,male,upper extremity
ISIC_7991319,IL_6767086,dermoscopic,Malignant,BCC,75.0,male,upper extremity
ISIC_0924690,IL_6767312,clinical: close-up,Malignant,BCC,85.0,female,
ISIC_2288348,IL_6767312,dermoscopic,Malignant,BCC,85.0,female,
ISIC_9915675,IL_6768350,clinical: close-up,Malignant,BCC,65.0,male,
ISIC_6005450,IL_6768350,dermoscopic,Malignant,BCC,65.0,male,
ISIC_1119486,IL_6777208,clinical: close-up,Malignant,AKIEC,60.0,male,
ISIC_2268118,IL_6777208,dermoscopic,Malignant,AKIEC,60.0,male,
ISIC_0125985,IL_6780614,clinical: close-up,Malignant,BCC,80.0,female,head/neck
ISIC_8407534,IL_6780614,dermoscopic,Malignant,BCC,80.0,female,head/neck
ISIC_8171954,IL_6780891,clinical: close-up,Malignant,BCC,45.0,female,
ISIC_0481541,IL_6780891,dermoscopic,Malignant,BCC,45.0,female,
ISIC_7919661,IL_6783043,clinical: close-up,Malignant,BCC,65.0,male,head/neck
ISIC_1012530,IL_6783043,dermoscopic,Malignant,BCC,65.0,male,head/neck
ISIC_2882147,IL_6784777,clinical: close-up,Malignant,BCC,50.0,female,head/neck
ISIC_7706527,IL_6784777,dermoscopic,Malignant,BCC,50.0,female,head/neck
ISIC_2443273,IL_6787106,clinical: close-up,Benign,BKL,60.0,male,
ISIC_5275192,IL_6787106,dermoscopic,Benign,BKL,60.0,male,
ISIC_8879612,IL_6800675,clinical: close-up,Malignant,BCC,50.0,female,upper extremity
ISIC_4687962,IL_6800675,dermoscopic,Malignant,BCC,50.0,female,upper extremity
ISIC_7336445,IL_6802570,clinical: close-up,Malignant,BCC,45.0,male,head/neck
ISIC_8900097,IL_6802570,dermoscopic,Malignant,BCC,45.0,male,head/neck
ISIC_3431588,IL_6802806,clinical: close-up,Malignant,BCC,65.0,male,
ISIC_4236187,IL_6802806,dermoscopic,Malignant,BCC,65.0,male,
ISIC_2766210,IL_6806231,clinical: close-up,Benign,NV,50.0,female,upper extremity
ISIC_2205187,IL_6806231,dermoscopic,Benign,NV,50.0,female,upper extremity
ISIC_7397866,IL_6806894,clinical: close-up,Benign,BEN_OTH,65.0,male,lower extremity
ISIC_1589936,IL_6806894,dermoscopic,Benign,BEN_OTH,65.0,male,lower extremity
ISIC_0159106,IL_6812828,clinical: close-up,Benign,BKL,60.0,male,
ISIC_6590580,IL_6812828,dermoscopic,Benign,BKL,60.0,male,
ISIC_7386871,IL_6816811,clinical: close-up,Malignant,BCC,65.0,male,upper extremity
ISIC_3675396,IL_6816811,dermoscopic,Malignant,BCC,65.0,male,upper extremity
ISIC_4735270,IL_6816964,clinical: close-up,Malignant,BCC,65.0,male,head/neck
ISIC_9497415,IL_6816964,dermoscopic,Malignant,BCC,65.0,male,head/neck
ISIC_0371990,IL_6820116,clinical: close-up,Malignant,BCC,65.0,male,lower extremity
ISIC_1177251,IL_6820116,dermoscopic,Malignant,BCC,65.0,male,lower extremity
ISIC_8342006,IL_6825163,clinical: close-up,Benign,BKL,65.0,female,head/neck
ISIC_8782095,IL_6825163,dermoscopic,Benign,BKL,65.0,female,head/neck
ISIC_5785000,IL_6826946,clinical: close-up,Malignant,BCC,60.0,male,head/neck
ISIC_4485874,IL_6826946,dermoscopic,Malignant,BCC,60.0,male,head/neck
ISIC_3033593,IL_6831423,clinical: close-up,Benign,BKL,75.0,male,upper extremity
ISIC_5602759,IL_6831423,dermoscopic,Benign,BKL,75.0,male,upper extremity
ISIC_3933356,IL_6832488,clinical: close-up,Benign,BEN_OTH,70.0,male,head/neck
ISIC_7886084,IL_6832488,dermoscopic,Benign,BEN_OTH,70.0,male,head/neck
ISIC_0895842,IL_6833958,clinical: close-up,Malignant,AKIEC,50.0,male,head/neck
ISIC_0605910,IL_6833958,dermoscopic,Malignant,AKIEC,50.0,male,head/neck
ISIC_1942943,IL_6834280,clinical: close-up,Malignant,BCC,50.0,male,head/neck
ISIC_6072797,IL_6834280,dermoscopic,Malignant,BCC,50.0,male,head/neck
ISIC_2508300,IL_6834343,clinical: close-up,Malignant,BCC,65.0,female,lower extremity
ISIC_1587160,IL_6834343,dermoscopic,Malignant,BCC,65.0,female,lower extremity
ISIC_2276012,IL_6836295,clinical: close-up,Malignant,BCC,70.0,female,head/neck
ISIC_7042361,IL_6836295,dermoscopic,Malignant,BCC,70.0,female,head/neck
ISIC_1583880,IL_6836759,clinical: close-up,Malignant,BCC,85.0,female,head/neck
ISIC_6580622,IL_6836759,dermoscopic,Malignant,BCC,85.0,female,head/neck
ISIC_8025365,IL_6839518,clinical: close-up,Malignant,BCC,55.0,male,
ISIC_1146594,IL_6839518,dermoscopic,Malignant,BCC,55.0,male,
ISIC_2886088,IL_6841105,clinical: close-up,Malignant,BCC,40.0,female,
ISIC_9390664,IL_6841105,dermoscopic,Malignant,BCC,40.0,female,
ISIC_2099638,IL_6845657,clinical: close-up,Malignant,BCC,50.0,male,head/neck
ISIC_0472359,IL_6845657,dermoscopic,Malignant,BCC,50.0,male,head/neck
ISIC_5308424,IL_6847142,clinical: close-up,Malignant,BCC,65.0,female,lower extremity
ISIC_7030907,IL_6847142,dermoscopic,Malignant,BCC,65.0,female,lower extremity
ISIC_4117941,IL_6847557,clinical: close-up,Benign,NV,35.0,male,
ISIC_4548708,IL_6847557,dermoscopic,Benign,NV,35.0,male,
ISIC_0661387,IL_6847653,clinical: close-up,Malignant,BCC,45.0,female,upper extremity
ISIC_3938095,IL_6847653,dermoscopic,Malignant,BCC,45.0,female,upper extremity
ISIC_0230992,IL_6849118,clinical: close-up,Malignant,SCCKA,65.0,male,upper extremity
ISIC_8257388,IL_6849118,dermoscopic,Malignant,SCCKA,65.0,male,upper extremity
ISIC_3072984,IL_6850540,clinical: close-up,Benign,BKL,55.0,female,head/neck
ISIC_1992710,IL_6850540,dermoscopic,Benign,BKL,55.0,female,head/neck
ISIC_3535393,IL_6852784,clinical: close-up,Malignant,SCCKA,65.0,female,lower extremity
ISIC_8984180,IL_6852784,dermoscopic,Malignant,SCCKA,65.0,female,lower extremity
ISIC_4460423,IL_6853764,clinical: close-up,Benign,NV,30.0,female,head/neck
ISIC_5242239,IL_6853764,dermoscopic,Benign,NV,30.0,female,head/neck
ISIC_0635424,IL_6860509,clinical: close-up,Benign,NV,50.0,female,
ISIC_3587898,IL_6860509,dermoscopic,Benign,NV,50.0,female,
ISIC_2659768,IL_6867211,clinical: close-up,Malignant,BCC,60.0,male,upper extremity
ISIC_6444211,IL_6867211,dermoscopic,Malignant,BCC,60.0,male,upper extremity
ISIC_9172622,IL_6869608,clinical: close-up,Benign,NV,45.0,female,lower extremity
ISIC_0628522,IL_6869608,dermoscopic,Benign,NV,45.0,female,lower extremity
ISIC_8853941,IL_6877500,clinical: close-up,Benign,NV,65.0,male,lower extremity
ISIC_8072870,IL_6877500,dermoscopic,Benign,NV,65.0,male,lower extremity
ISIC_6786577,IL_6877594,clinical: close-up,Malignant,MEL,80.0,male,
ISIC_9179884,IL_6877594,dermoscopic,Malignant,MEL,80.0,male,
ISIC_8256652,IL_6879944,clinical: close-up,Malignant,BCC,55.0,male,lower extremity
ISIC_6645684,IL_6879944,dermoscopic,Malignant,BCC,55.0,male,lower extremity
ISIC_9586593,IL_6881549,clinical: close-up,Malignant,MEL,50.0,male,
ISIC_4444976,IL_6881549,dermoscopic,Malignant,MEL,50.0,male,
ISIC_3636477,IL_6887782,clinical: close-up,Malignant,MEL,70.0,female,head/neck
ISIC_6801081,IL_6887782,dermoscopic,Malignant,MEL,70.0,female,head/neck
ISIC_1364908,IL_6888709,clinical: close-up,Malignant,BCC,70.0,male,head/neck
ISIC_2627340,IL_6888709,dermoscopic,Malignant,BCC,70.0,male,head/neck
ISIC_1249178,IL_6889294,clinical: close-up,Benign,NV,30.0,female,head/neck
ISIC_6773668,IL_6889294,dermoscopic,Benign,NV,30.0,female,head/neck
ISIC_0441765,IL_6891715,clinical: close-up,Malignant,BCC,75.0,male,head/neck
ISIC_4316947,IL_6891715,dermoscopic,Malignant,BCC,75.0,male,head/neck
ISIC_5688333,IL_6893390,clinical: close-up,Malignant,BCC,65.0,female,
ISIC_9845346,IL_6893390,dermoscopic,Malignant,BCC,65.0,female,
ISIC_7395651,IL_6893895,clinical: close-up,Malignant,SCCKA,50.0,male,head/neck
ISIC_4042132,IL_6893895,dermoscopic,Malignant,SCCKA,50.0,male,head/neck
ISIC_2736440,IL_6900005,clinical: close-up,Malignant,SCCKA,80.0,male,lower extremity
ISIC_1424240,IL_6900005,dermoscopic,Malignant,SCCKA,80.0,male,lower extremity
ISIC_6412771,IL_6901137,clinical: close-up,Benign,NV,25.0,male,
ISIC_7105831,IL_6901137,dermoscopic,Benign,NV,25.0,male,
ISIC_6194754,IL_6907035,clinical: close-up,Indeterminate,AKIEC,60.0,male,head/neck
ISIC_2039556,IL_6907035,dermoscopic,Indeterminate,AKIEC,60.0,male,head/neck
ISIC_0365517,IL_6907846,clinical: close-up,Malignant,BCC,45.0,female,
ISIC_4876540,IL_6907846,dermoscopic,Malignant,BCC,45.0,female,
ISIC_0497671,IL_6910887,clinical: close-up,Malignant,SCCKA,80.0,male,head/neck
ISIC_8657483,IL_6910887,dermoscopic,Malignant,SCCKA,80.0,male,head/neck
ISIC_4113126,IL_6916787,clinical: close-up,Malignant,MEL,50.0,female,head/neck
ISIC_2710427,IL_6916787,dermoscopic,Malignant,MEL,50.0,female,head/neck
ISIC_7466654,IL_6918825,clinical: close-up,Malignant,BCC,70.0,female,head/neck
ISIC_0308676,IL_6918825,dermoscopic,Malignant,BCC,70.0,female,head/neck
ISIC_6112946,IL_6921234,clinical: close-up,Malignant,SCCKA,55.0,male,lower extremity
ISIC_5977103,IL_6921234,dermoscopic,Malignant,SCCKA,55.0,male,lower extremity
ISIC_3830802,IL_6923101,clinical: close-up,Benign,BKL,65.0,male,head/neck
ISIC_6045266,IL_6923101,dermoscopic,Benign,BKL,65.0,male,head/neck
ISIC_1141942,IL_6931875,clinical: close-up,Malignant,BCC,85.0,male,head/neck
ISIC_0386589,IL_6931875,dermoscopic,Malignant,BCC,85.0,male,head/neck
ISIC_6303646,IL_6935621,clinical: close-up,Malignant,BCC,50.0,female,upper extremity
ISIC_5419605,IL_6935621,dermoscopic,Malignant,BCC,50.0,female,upper extremity
ISIC_7241087,IL_6940421,clinical: close-up,Malignant,BCC,75.0,male,
ISIC_2952204,IL_6940421,dermoscopic,Malignant,BCC,75.0,male,
ISIC_5842417,IL_6942277,clinical: close-up,Malignant,BCC,50.0,female,
ISIC_9255841,IL_6942277,dermoscopic,Malignant,BCC,50.0,female,
ISIC_2538950,IL_6943395,clinical: close-up,Malignant,BCC,65.0,female,
ISIC_7507040,IL_6943395,dermoscopic,Malignant,BCC,65.0,female,
ISIC_7096753,IL_6943696,clinical: close-up,Malignant,MEL,55.0,male,
ISIC_3511086,IL_6943696,dermoscopic,Malignant,MEL,55.0,male,
ISIC_9261289,IL_6944538,clinical: close-up,Malignant,BCC,70.0,male,head/neck
ISIC_3799041,IL_6944538,dermoscopic,Malignant,BCC,70.0,male,head/neck
ISIC_3761563,IL_6946441,clinical: close-up,Malignant,BCC,80.0,male,upper extremity
ISIC_9329600,IL_6946441,dermoscopic,Malignant,BCC,80.0,male,upper extremity
ISIC_5212180,IL_6947307,clinical: close-up,Malignant,MEL,60.0,male,
ISIC_7501825,IL_6947307,dermoscopic,Malignant,MEL,60.0,male,
ISIC_5353872,IL_6950082,clinical: close-up,Malignant,BCC,70.0,female,head/neck
ISIC_8668491,IL_6950082,dermoscopic,Malignant,BCC,70.0,female,head/neck
ISIC_3043432,IL_6950574,clinical: close-up,Malignant,SCCKA,75.0,female,head/neck
ISIC_5310585,IL_6950574,dermoscopic,Malignant,SCCKA,75.0,female,head/neck
ISIC_5282437,IL_6953253,clinical: close-up,Benign,BKL,60.0,female,lower extremity
ISIC_2122704,IL_6953253,dermoscopic,Benign,BKL,60.0,female,lower extremity
ISIC_8326686,IL_6955894,clinical: close-up,Malignant,SCCKA,85.0,male,upper extremity
ISIC_2336235,IL_6955894,dermoscopic,Malignant,SCCKA,85.0,male,upper extremity
ISIC_4441956,IL_6955950,clinical: close-up,Malignant,BCC,70.0,female,head/neck
ISIC_2731701,IL_6955950,dermoscopic,Malignant,BCC,70.0,female,head/neck
ISIC_8596125,IL_6960759,clinical: close-up,Benign,NV,60.0,male,
ISIC_7053064,IL_6960759,dermoscopic,Benign,NV,60.0,male,
ISIC_6419369,IL_6962518,clinical: close-up,Benign,BKL,85.0,female,head/neck
ISIC_1375994,IL_6962518,dermoscopic,Benign,BKL,85.0,female,head/neck
ISIC_7764869,IL_6962525,clinical: close-up,Malignant,MEL,80.0,female,head/neck
ISIC_9399586,IL_6962525,dermoscopic,Malignant,MEL,80.0,female,head/neck
ISIC_5031508,IL_6967466,clinical: close-up,Indeterminate,AKIEC,70.0,male,head/neck
ISIC_8058034,IL_6967466,dermoscopic,Indeterminate,AKIEC,70.0,male,head/neck
ISIC_8698202,IL_6968028,clinical: close-up,Malignant,BCC,50.0,female,
ISIC_6843700,IL_6968028,dermoscopic,Malignant,BCC,50.0,female,
ISIC_2835239,IL_6970769,clinical: close-up,Indeterminate,AKIEC,55.0,male,
ISIC_9490027,IL_6970769,dermoscopic,Indeterminate,AKIEC,55.0,male,
ISIC_6966608,IL_6970839,clinical: close-up,Malignant,BCC,30.0,male,
ISIC_7308323,IL_6970839,dermoscopic,Malignant,BCC,30.0,male,
ISIC_2771215,IL_6972994,clinical: close-up,Benign,BKL,85.0,male,
ISIC_9594263,IL_6972994,dermoscopic,Benign,BKL,85.0,male,
ISIC_0988479,IL_6975771,clinical: close-up,Benign,BKL,80.0,female,
ISIC_7188767,IL_6975771,dermoscopic,Benign,BKL,80.0,female,
ISIC_8898114,IL_6976997,clinical: close-up,Malignant,BCC,60.0,male,lower extremity
ISIC_8789412,IL_6976997,dermoscopic,Malignant,BCC,60.0,male,lower extremity
ISIC_5663141,IL_6980799,clinical: close-up,Malignant,BCC,70.0,male,head/neck
ISIC_3869672,IL_6980799,dermoscopic,Malignant,BCC,70.0,male,head/neck
ISIC_2313224,IL_6982257,clinical: close-up,Benign,BKL,50.0,male,head/neck
ISIC_7889425,IL_6982257,dermoscopic,Benign,BKL,50.0,male,head/neck
ISIC_8895392,IL_6983089,clinical: close-up,Malignant,BCC,45.0,female,upper extremity
ISIC_8260085,IL_6983089,dermoscopic,Malignant,BCC,45.0,female,upper extremity
ISIC_7495478,IL_6985784,clinical: close-up,Malignant,BCC,60.0,male,
ISIC_9814156,IL_6985784,dermoscopic,Malignant,BCC,60.0,male,
ISIC_4222832,IL_6987623,clinical: close-up,Malignant,SCCKA,55.0,male,upper extremity
ISIC_5348732,IL_6987623,dermoscopic,Malignant,SCCKA,55.0,male,upper extremity
ISIC_7905939,IL_6994946,clinical: close-up,Malignant,BCC,85.0,male,
ISIC_1099345,IL_6994946,dermoscopic,Malignant,BCC,85.0,male,
ISIC_9690596,IL_6995611,clinical: close-up,Malignant,BCC,60.0,male,
ISIC_7126369,IL_6995611,dermoscopic,Malignant,BCC,60.0,male,
ISIC_9460306,IL_6995800,clinical: close-up,Malignant,BCC,50.0,female,head/neck
ISIC_2821063,IL_6995800,dermoscopic,Malignant,BCC,50.0,female,head/neck
ISIC_2012204,IL_7001999,clinical: close-up,Benign,BKL,60.0,female,
ISIC_5398617,IL_7001999,dermoscopic,Benign,BKL,60.0,female,
ISIC_1858857,IL_7002218,clinical: close-up,Malignant,BCC,75.0,male,
ISIC_7101608,IL_7002218,dermoscopic,Malignant,BCC,75.0,male,
ISIC_8172746,IL_7009317,clinical: close-up,Malignant,BCC,80.0,male,lower extremity
ISIC_6550575,IL_7009317,dermoscopic,Malignant,BCC,80.0,male,lower extremity
ISIC_6720121,IL_7010716,clinical: close-up,Malignant,BCC,65.0,male,lower extremity
ISIC_5272574,IL_7010716,dermoscopic,Malignant,BCC,65.0,male,lower extremity
ISIC_5138739,IL_7018812,clinical: close-up,Benign,NV,25.0,female,lower extremity
ISIC_4604978,IL_7018812,dermoscopic,Benign,NV,25.0,female,lower extremity
ISIC_5398729,IL_7020464,clinical: close-up,Malignant,BCC,65.0,female,
ISIC_5978873,IL_7020464,dermoscopic,Malignant,BCC,65.0,female,
ISIC_2260553,IL_7021252,clinical: close-up,Malignant,BCC,85.0,female,upper extremity
ISIC_9333834,IL_7021252,dermoscopic,Malignant,BCC,85.0,female,upper extremity
ISIC_7044269,IL_7023343,clinical: close-up,Benign,BKL,45.0,male,head/neck
ISIC_7798660,IL_7023343,dermoscopic,Benign,BKL,45.0,male,head/neck
ISIC_8224925,IL_7023776,clinical: close-up,Malignant,MEL,70.0,male,head/neck
ISIC_0303344,IL_7023776,dermoscopic,Malignant,MEL,70.0,male,head/neck
ISIC_4860957,IL_7034758,clinical: close-up,Malignant,BCC,70.0,male,
ISIC_6314287,IL_7034758,dermoscopic,Malignant,BCC,70.0,male,
ISIC_4718280,IL_7041328,clinical: close-up,Malignant,BCC,50.0,female,head/neck
ISIC_3023055,IL_7041328,dermoscopic,Malignant,BCC,50.0,female,head/neck
ISIC_5390171,IL_7048697,clinical: close-up,Benign,DF,40.0,male,upper extremity
ISIC_2516006,IL_7048697,dermoscopic,Benign,DF,40.0,male,upper extremity
ISIC_9208623,IL_7050947,clinical: close-up,Malignant,BCC,30.0,male,
ISIC_6757914,IL_7050947,dermoscopic,Malignant,BCC,30.0,male,
ISIC_8349907,IL_7059623,clinical: close-up,Benign,NV,45.0,male,
ISIC_9153724,IL_7059623,dermoscopic,Benign,NV,45.0,male,
ISIC_2426618,IL_7060630,clinical: close-up,Malignant,AKIEC,75.0,female,head/neck
ISIC_1917329,IL_7060630,dermoscopic,Malignant,AKIEC,75.0,female,head/neck
ISIC_9909995,IL_7061463,clinical: close-up,Malignant,BCC,55.0,male,
ISIC_9232753,IL_7061463,dermoscopic,Malignant,BCC,55.0,male,
ISIC_9933283,IL_7062666,clinical: close-up,Malignant,BCC,65.0,female,upper extremity
ISIC_7588660,IL_7062666,dermoscopic,Malignant,BCC,65.0,female,upper extremity
ISIC_8932910,IL_7068236,clinical: close-up,Malignant,BCC,65.0,male,upper extremity
ISIC_2272478,IL_7068236,dermoscopic,Malignant,BCC,65.0,male,upper extremity
ISIC_1577177,IL_7070259,clinical: close-up,Malignant,BCC,85.0,male,
ISIC_1329019,IL_7070259,dermoscopic,Malignant,BCC,85.0,male,
ISIC_2062545,IL_7071169,clinical: close-up,Indeterminate,AKIEC,80.0,male,head/neck
ISIC_3513821,IL_7071169,dermoscopic,Indeterminate,AKIEC,80.0,male,head/neck
ISIC_7286255,IL_7074375,clinical: close-up,Malignant,BCC,55.0,female,
ISIC_4583761,IL_7074375,dermoscopic,Malignant,BCC,55.0,female,
ISIC_9778028,IL_7077656,clinical: close-up,Malignant,BCC,55.0,male,
ISIC_8229493,IL_7077656,dermoscopic,Malignant,BCC,55.0,male,
ISIC_8764700,IL_7084309,clinical: close-up,Malignant,BCC,65.0,male,head/neck
ISIC_6396169,IL_7084309,dermoscopic,Malignant,BCC,65.0,male,head/neck
ISIC_5395930,IL_7085786,clinical: close-up,Malignant,BCC,65.0,male,upper extremity
ISIC_0141332,IL_7085786,dermoscopic,Malignant,BCC,65.0,male,upper extremity
ISIC_5517639,IL_7092034,clinical: close-up,Malignant,BCC,65.0,female,
ISIC_5128796,IL_7092034,dermoscopic,Malignant,BCC,65.0,female,
ISIC_0217174,IL_7096412,clinical: close-up,Malignant,BCC,75.0,male,head/neck
ISIC_0720537,IL_7096412,dermoscopic,Malignant,BCC,75.0,male,head/neck
ISIC_7838099,IL_7099045,clinical: close-up,Malignant,AKIEC,80.0,male,upper extremity
ISIC_7705901,IL_7099045,dermoscopic,Malignant,AKIEC,80.0,male,upper extremity
ISIC_9072692,IL_7101016,clinical: close-up,Malignant,BCC,55.0,male,head/neck
ISIC_5064090,IL_7101016,dermoscopic,Malignant,BCC,55.0,male,head/neck
ISIC_0350911,IL_7103139,clinical: close-up,Benign,NV,25.0,female,
ISIC_9688192,IL_7103139,dermoscopic,Benign,NV,25.0,female,
ISIC_2233726,IL_7103424,clinical: close-up,Malignant,BCC,65.0,female,head/neck
ISIC_4807163,IL_7103424,dermoscopic,Malignant,BCC,65.0,female,head/neck
ISIC_3432469,IL_7115746,clinical: close-up,Malignant,BCC,85.0,male,head/neck
ISIC_2324920,IL_7115746,dermoscopic,Malignant,BCC,85.0,male,head/neck
ISIC_0987929,IL_7117274,clinical: close-up,Malignant,BCC,80.0,male,
ISIC_0319894,IL_7117274,dermoscopic,Malignant,BCC,80.0,male,
ISIC_2240444,IL_7117904,clinical: close-up,Benign,BKL,45.0,female,
ISIC_8627295,IL_7117904,dermoscopic,Benign,BKL,45.0,female,
ISIC_2022573,IL_7126907,clinical: close-up,Malignant,BCC,60.0,male,head/neck
ISIC_3826563,IL_7126907,dermoscopic,Malignant,BCC,60.0,male,head/neck
ISIC_5605119,IL_7127568,clinical: close-up,Malignant,BCC,80.0,female,head/neck
ISIC_3184893,IL_7127568,dermoscopic,Malignant,BCC,80.0,female,head/neck
ISIC_3827392,IL_7130960,clinical: close-up,Benign,NV,55.0,male,
ISIC_7302180,IL_7130960,dermoscopic,Benign,NV,55.0,male,
ISIC_3037740,IL_7133935,clinical: close-up,Benign,NV,20.0,male,lower extremity
ISIC_0095743,IL_7133935,dermoscopic,Benign,NV,20.0,male,lower extremity
ISIC_8878792,IL_7135513,clinical: close-up,Benign,BKL,75.0,female,lower extremity
ISIC_5217075,IL_7135513,dermoscopic,Benign,BKL,75.0,female,lower extremity
ISIC_1157338,IL_7136276,clinical: close-up,Indeterminate,AKIEC,70.0,male,head/neck
ISIC_4222750,IL_7136276,dermoscopic,Indeterminate,AKIEC,70.0,male,head/neck
ISIC_5425472,IL_7140483,clinical: close-up,Malignant,BCC,55.0,female,
ISIC_2880667,IL_7140483,dermoscopic,Malignant,BCC,55.0,female,
ISIC_5855684,IL_7140493,clinical: close-up,Benign,BKL,60.0,female,lower extremity
ISIC_0761359,IL_7140493,dermoscopic,Benign,BKL,60.0,female,lower extremity
ISIC_8078817,IL_7141559,clinical: close-up,Benign,VASC,45.0,male,
ISIC_4881815,IL_7141559,dermoscopic,Benign,VASC,45.0,male,
ISIC_4892815,IL_7142205,clinical: close-up,Benign,NV,15.0,male,head/neck
ISIC_0769255,IL_7142205,dermoscopic,Benign,NV,15.0,male,head/neck
ISIC_5992256,IL_7144691,clinical: close-up,Malignant,BCC,60.0,male,
ISIC_5901264,IL_7144691,dermoscopic,Malignant,BCC,60.0,male,
ISIC_9562167,IL_7145393,clinical: close-up,Malignant,MEL,65.0,male,head/neck
ISIC_8815594,IL_7145393,dermoscopic,Malignant,MEL,65.0,male,head/neck
ISIC_9820560,IL_7147534,clinical: close-up,Malignant,BCC,75.0,male,upper extremity
ISIC_4536103,IL_7147534,dermoscopic,Malignant,BCC,75.0,male,upper extremity
ISIC_2617383,IL_7147688,clinical: close-up,Indeterminate,AKIEC,85.0,female,lower extremity
ISIC_3009842,IL_7147688,dermoscopic,Indeterminate,AKIEC,85.0,female,lower extremity
ISIC_6966227,IL_7148705,clinical: close-up,Benign,NV,60.0,female,lower extremity
ISIC_9477090,IL_7148705,dermoscopic,Benign,NV,60.0,female,lower extremity
ISIC_7138482,IL_7148774,clinical: close-up,Malignant,BCC,85.0,male,head/neck
ISIC_1344587,IL_7148774,dermoscopic,Malignant,BCC,85.0,male,head/neck
ISIC_1784132,IL_7151010,clinical: close-up,Benign,BKL,45.0,female,head/neck
ISIC_6959082,IL_7151010,dermoscopic,Benign,BKL,45.0,female,head/neck
ISIC_7645695,IL_7154137,clinical: close-up,Malignant,SCCKA,50.0,male,head/neck
ISIC_3203799,IL_7154137,dermoscopic,Malignant,SCCKA,50.0,male,head/neck
ISIC_5519093,IL_7159942,clinical: close-up,Benign,NV,40.0,male,lower extremity
ISIC_6550801,IL_7159942,dermoscopic,Benign,NV,40.0,male,lower extremity
ISIC_1621985,IL_7161164,clinical: close-up,Benign,NV,80.0,male,
ISIC_9473743,IL_7161164,dermoscopic,Benign,NV,80.0,male,
ISIC_1934403,IL_7164412,clinical: close-up,Malignant,SCCKA,75.0,female,head/neck
ISIC_4982700,IL_7164412,dermoscopic,Malignant,SCCKA,75.0,female,head/neck
ISIC_9730737,IL_7165616,clinical: close-up,Indeterminate,AKIEC,75.0,male,head/neck
ISIC_7356122,IL_7165616,dermoscopic,Indeterminate,AKIEC,75.0,male,head/neck
ISIC_0148805,IL_7170892,clinical: close-up,Malignant,BCC,75.0,male,upper extremity
ISIC_9218783,IL_7170892,dermoscopic,Malignant,BCC,75.0,male,upper extremity
ISIC_0989126,IL_7173573,clinical: close-up,Benign,NV,35.0,female,
ISIC_3362091,IL_7173573,dermoscopic,Benign,NV,35.0,female,
ISIC_9798470,IL_7178513,clinical: close-up,Malignant,BCC,75.0,male,head/neck
ISIC_3042456,IL_7178513,dermoscopic,Malignant,BCC,75.0,male,head/neck
ISIC_9318888,IL_7181510,clinical: close-up,Malignant,BCC,65.0,male,lower extremity
ISIC_3774225,IL_7181510,dermoscopic,Malignant,BCC,65.0,male,lower extremity
ISIC_4494081,IL_7186549,clinical: close-up,Malignant,BCC,65.0,male,upper extremity
ISIC_0197527,IL_7186549,dermoscopic,Malignant,BCC,65.0,male,upper extremity
ISIC_4491147,IL_7193768,clinical: close-up,Benign,NV,45.0,male,lower extremity
ISIC_5767646,IL_7193768,dermoscopic,Benign,NV,45.0,male,lower extremity
ISIC_9728651,IL_7197131,clinical: close-up,Malignant,BCC,75.0,male,
ISIC_3346679,IL_7197131,dermoscopic,Malignant,BCC,75.0,male,
ISIC_7957331,IL_7198144,clinical: close-up,Malignant,BCC,50.0,male,
ISIC_4080973,IL_7198144,dermoscopic,Malignant,BCC,50.0,male,
ISIC_1386079,IL_7199069,clinical: close-up,Malignant,BCC,60.0,male,head/neck
ISIC_4051799,IL_7199069,dermoscopic,Malignant,BCC,60.0,male,head/neck
ISIC_4135378,IL_7206184,clinical: close-up,Malignant,AKIEC,60.0,male,lower extremity
ISIC_5056247,IL_7206184,dermoscopic,Malignant,AKIEC,60.0,male,lower extremity
ISIC_7247659,IL_7209123,clinical: close-up,Malignant,BCC,75.0,male,
ISIC_3527498,IL_7209123,dermoscopic,Malignant,BCC,75.0,male,
ISIC_5706903,IL_7210800,clinical: close-up,Malignant,MEL,50.0,female,
ISIC_6048752,IL_7210800,dermoscopic,Malignant,MEL,50.0,female,
ISIC_0855130,IL_7210952,clinical: close-up,Malignant,BCC,65.0,male,head/neck
ISIC_7116804,IL_7210952,dermoscopic,Malignant,BCC,65.0,male,head/neck
ISIC_8556689,IL_7212919,clinical: close-up,Benign,NV,35.0,male,
ISIC_8344146,IL_7212919,dermoscopic,Benign,NV,35.0,male,
ISIC_6481562,IL_7213774,clinical: close-up,Malignant,BCC,55.0,female,upper extremity
ISIC_7858765,IL_7213774,dermoscopic,Malignant,BCC,55.0,female,upper extremity
ISIC_5719893,IL_7215009,clinical: close-up,Malignant,SCCKA,85.0,male,lower extremity
ISIC_9419736,IL_7215009,dermoscopic,Malignant,SCCKA,85.0,male,lower extremity
ISIC_0185719,IL_7216182,clinical: close-up,Malignant,BCC,50.0,male,lower extremity
ISIC_4482209,IL_7216182,dermoscopic,Malignant,BCC,50.0,male,lower extremity
ISIC_1424951,IL_7216660,clinical: close-up,Benign,NV,50.0,male,
ISIC_1430481,IL_7216660,dermoscopic,Benign,NV,50.0,male,
ISIC_3672834,IL_7217453,clinical: close-up,Benign,NV,45.0,male,
ISIC_7391014,IL_7217453,dermoscopic,Benign,NV,45.0,male,
ISIC_7632213,IL_7219424,clinical: close-up,Malignant,BCC,75.0,male,
ISIC_7793572,IL_7219424,dermoscopic,Malignant,BCC,75.0,male,
ISIC_2414931,IL_7224392,clinical: close-up,Malignant,BCC,65.0,male,
ISIC_1182747,IL_7224392,dermoscopic,Malignant,BCC,65.0,male,
ISIC_0831021,IL_7227279,clinical: close-up,Malignant,AKIEC,65.0,female,head/neck
ISIC_9824186,IL_7227279,dermoscopic,Malignant,AKIEC,65.0,female,head/neck
ISIC_3288726,IL_7230035,clinical: close-up,Malignant,MEL,50.0,male,
ISIC_9546502,IL_7230035,dermoscopic,Malignant,MEL,50.0,male,
ISIC_0286860,IL_7230788,clinical: close-up,Benign,DF,65.0,male,upper extremity
ISIC_1954444,IL_7230788,dermoscopic,Benign,DF,65.0,male,upper extremity
ISIC_5301687,IL_7232316,clinical: close-up,Malignant,BCC,70.0,male,head/neck
ISIC_6366384,IL_7232316,dermoscopic,Malignant,BCC,70.0,male,head/neck
ISIC_2230113,IL_7232351,clinical: close-up,Malignant,BCC,65.0,female,lower extremity
ISIC_3022261,IL_7232351,dermoscopic,Malignant,BCC,65.0,female,lower extremity
ISIC_7202617,IL_7237859,clinical: close-up,Benign,NV,65.0,male,
ISIC_2918081,IL_7237859,dermoscopic,Benign,NV,65.0,male,
ISIC_0863711,IL_7240190,clinical: close-up,Malignant,BCC,45.0,female,upper extremity
ISIC_9447530,IL_7240190,dermoscopic,Malignant,BCC,45.0,female,upper extremity
ISIC_0127934,IL_7240345,clinical: close-up,Benign,NV,5.0,female,lower extremity
ISIC_7973098,IL_7240345,dermoscopic,Benign,NV,5.0,female,lower extremity
ISIC_5280186,IL_7242669,clinical: close-up,Benign,NV,60.0,female,
ISIC_4204876,IL_7242669,dermoscopic,Benign,NV,60.0,female,
ISIC_8884437,IL_7243389,clinical: close-up,Benign,NV,65.0,female,lower extremity
ISIC_7615308,IL_7243389,dermoscopic,Benign,NV,65.0,female,lower extremity
ISIC_1644843,IL_7244140,clinical: close-up,Benign,NV,15.0,female,upper extremity
ISIC_5207549,IL_7244140,dermoscopic,Benign,NV,15.0,female,upper extremity
ISIC_8458042,IL_7251492,clinical: close-up,Malignant,BCC,65.0,female,head/neck
ISIC_6600475,IL_7251492,dermoscopic,Malignant,BCC,65.0,female,head/neck
ISIC_3159993,IL_7252139,clinical: close-up,Benign,BKL,65.0,male,upper extremity
ISIC_1607224,IL_7252139,dermoscopic,Benign,BKL,65.0,male,upper extremity
ISIC_2447346,IL_7253119,clinical: close-up,Malignant,SCCKA,70.0,female,lower extremity
ISIC_7383339,IL_7253119,dermoscopic,Malignant,SCCKA,70.0,female,lower extremity
ISIC_4109800,IL_7257166,clinical: close-up,Malignant,BCC,75.0,female,upper extremity
ISIC_2628667,IL_7257166,dermoscopic,Malignant,BCC,75.0,female,upper extremity
ISIC_7479360,IL_7257549,clinical: close-up,Malignant,BCC,60.0,female,
ISIC_3888868,IL_7257549,dermoscopic,Malignant,BCC,60.0,female,
ISIC_9973095,IL_7263910,clinical: close-up,Malignant,AKIEC,65.0,female,head/neck
ISIC_9428829,IL_7263910,dermoscopic,Malignant,AKIEC,65.0,female,head/neck
ISIC_3974637,IL_7273243,clinical: close-up,Benign,NV,40.0,female,head/neck
ISIC_9287993,IL_7273243,dermoscopic,Benign,NV,40.0,female,head/neck
ISIC_0307392,IL_7278606,clinical: close-up,Malignant,BCC,85.0,female,upper extremity
ISIC_3395616,IL_7278606,dermoscopic,Malignant,BCC,85.0,female,upper extremity
ISIC_3642409,IL_7281878,clinical: close-up,Malignant,BCC,65.0,male,
ISIC_2866719,IL_7281878,dermoscopic,Malignant,BCC,65.0,male,
ISIC_8531625,IL_7288279,clinical: close-up,Malignant,BCC,65.0,female,upper extremity
ISIC_2062148,IL_7288279,dermoscopic,Malignant,BCC,65.0,female,upper extremity
ISIC_0798109,IL_7288845,clinical: close-up,Malignant,BCC,50.0,male,head/neck
ISIC_8551756,IL_7288845,dermoscopic,Malignant,BCC,50.0,male,head/neck
ISIC_6724521,IL_7289099,clinical: close-up,Benign,BKL,70.0,male,head/neck
ISIC_6254065,IL_7289099,dermoscopic,Benign,BKL,70.0,male,head/neck
ISIC_9522896,IL_7294235,clinical: close-up,Malignant,BCC,75.0,female,head/neck
ISIC_4427785,IL_7294235,dermoscopic,Malignant,BCC,75.0,female,head/neck
ISIC_2664046,IL_7294930,clinical: close-up,Malignant,BCC,80.0,male,
ISIC_9611388,IL_7294930,dermoscopic,Malignant,BCC,80.0,male,
ISIC_8375466,IL_7295306,clinical: close-up,Malignant,BCC,80.0,male,head/neck
ISIC_9543842,IL_7295306,dermoscopic,Malignant,BCC,80.0,male,head/neck
ISIC_5967560,IL_7296591,clinical: close-up,Malignant,BCC,70.0,female,upper extremity
ISIC_1207350,IL_7296591,dermoscopic,Malignant,BCC,70.0,female,upper extremity
ISIC_0557709,IL_7297013,clinical: close-up,Malignant,MEL,70.0,female,lower extremity
ISIC_2793180,IL_7297013,dermoscopic,Malignant,MEL,70.0,female,lower extremity
ISIC_4689149,IL_7304734,clinical: close-up,Malignant,SCCKA,60.0,male,upper extremity
ISIC_6044250,IL_7304734,dermoscopic,Malignant,SCCKA,60.0,male,upper extremity
ISIC_7865678,IL_7308703,clinical: close-up,Benign,NV,40.0,male,
ISIC_9136283,IL_7308703,dermoscopic,Benign,NV,40.0,male,
ISIC_5291074,IL_7308979,clinical: close-up,Benign,BKL,85.0,male,head/neck
ISIC_5636046,IL_7308979,dermoscopic,Benign,BKL,85.0,male,head/neck
ISIC_1559307,IL_7309398,clinical: close-up,Benign,NV,45.0,female,upper extremity
ISIC_1537765,IL_7309398,dermoscopic,Benign,NV,45.0,female,upper extremity
ISIC_6679416,IL_7319157,clinical: close-up,Malignant,BCC,55.0,female,
ISIC_2020122,IL_7319157,dermoscopic,Malignant,BCC,55.0,female,
ISIC_1359419,IL_7320172,clinical: close-up,Malignant,MEL,85.0,male,
ISIC_4282860,IL_7320172,dermoscopic,Malignant,MEL,85.0,male,
ISIC_3250445,IL_7329436,clinical: close-up,Malignant,BCC,70.0,male,head/neck
ISIC_1106208,IL_7329436,dermoscopic,Malignant,BCC,70.0,male,head/neck
ISIC_1869252,IL_7331633,clinical: close-up,Benign,INF,10.0,male,head/neck
ISIC_6119847,IL_7331633,dermoscopic,Benign,INF,10.0,male,head/neck
ISIC_5083751,IL_7332620,clinical: close-up,Malignant,BCC,45.0,male,lower extremity
ISIC_9263753,IL_7332620,dermoscopic,Malignant,BCC,45.0,male,lower extremity
ISIC_7747685,IL_7335735,clinical: close-up,Malignant,BCC,55.0,male,
ISIC_8776361,IL_7335735,dermoscopic,Malignant,BCC,55.0,male,
ISIC_5775199,IL_7336042,clinical: close-up,Malignant,BCC,75.0,male,
ISIC_9594679,IL_7336042,dermoscopic,Malignant,BCC,75.0,male,
ISIC_4987986,IL_7336420,clinical: close-up,Benign,NV,50.0,male,
ISIC_8718627,IL_7336420,dermoscopic,Benign,NV,50.0,male,
ISIC_3610123,IL_7336538,clinical: close-up,Malignant,BCC,85.0,male,
ISIC_8483907,IL_7336538,dermoscopic,Malignant,BCC,85.0,male,
ISIC_9559910,IL_7337481,clinical: close-up,Malignant,BCC,75.0,male,
ISIC_4565417,IL_7337481,dermoscopic,Malignant,BCC,75.0,male,
ISIC_5406917,IL_7340279,clinical: close-up,Malignant,SCCKA,85.0,male,lower extremity
ISIC_2199762,IL_7340279,dermoscopic,Malignant,SCCKA,85.0,male,lower extremity
ISIC_2110641,IL_7340563,clinical: close-up,Malignant,MAL_OTH,60.0,male,
ISIC_2759533,IL_7340563,dermoscopic,Malignant,MAL_OTH,60.0,male,
ISIC_0859627,IL_7344766,clinical: close-up,Malignant,SCCKA,80.0,male,head/neck
ISIC_7921865,IL_7344766,dermoscopic,Malignant,SCCKA,80.0,male,head/neck
ISIC_5058400,IL_7348200,clinical: close-up,Malignant,BCC,70.0,male,head/neck
ISIC_4591575,IL_7348200,dermoscopic,Malignant,BCC,70.0,male,head/neck
ISIC_1950578,IL_7348404,clinical: close-up,Malignant,BCC,70.0,female,upper extremity
ISIC_5274972,IL_7348404,dermoscopic,Malignant,BCC,70.0,female,upper extremity
ISIC_7730161,IL_7350361,clinical: close-up,Malignant,MEL,70.0,female,
ISIC_4218751,IL_7350361,dermoscopic,Malignant,MEL,70.0,female,
ISIC_1711017,IL_7353062,clinical: close-up,Benign,BKL,80.0,male,
ISIC_0738113,IL_7353062,dermoscopic,Benign,BKL,80.0,male,
ISIC_1958652,IL_7358979,clinical: close-up,Benign,NV,35.0,female,lower extremity
ISIC_0951274,IL_7358979,dermoscopic,Benign,NV,35.0,female,lower extremity
ISIC_2998511,IL_7360885,clinical: close-up,Malignant,SCCKA,80.0,female,lower extremity
ISIC_7742545,IL_7360885,dermoscopic,Malignant,SCCKA,80.0,female,lower extremity
ISIC_3640695,IL_7361065,clinical: close-up,Malignant,BCC,80.0,male,head/neck
ISIC_2288726,IL_7361065,dermoscopic,Malignant,BCC,80.0,male,head/neck
ISIC_1391601,IL_7361836,clinical: close-up,Malignant,BCC,55.0,female,lower extremity
ISIC_6755281,IL_7361836,dermoscopic,Malignant,BCC,55.0,female,lower extremity
ISIC_6706263,IL_7363229,clinical: close-up,Malignant,BCC,80.0,male,upper extremity
ISIC_7517022,IL_7363229,dermoscopic,Malignant,BCC,80.0,male,upper extremity
ISIC_4958487,IL_7363364,clinical: close-up,Malignant,BCC,50.0,male,lower extremity
ISIC_1597752,IL_7363364,dermoscopic,Malignant,BCC,50.0,male,lower extremity
ISIC_7775105,IL_7363444,clinical: close-up,Malignant,BCC,75.0,female,upper extremity
ISIC_4662348,IL_7363444,dermoscopic,Malignant,BCC,75.0,female,upper extremity
ISIC_5804154,IL_7363602,clinical: close-up,Malignant,BCC,55.0,male,head/neck
ISIC_2282699,IL_7363602,dermoscopic,Malignant,BCC,55.0,male,head/neck
ISIC_7745898,IL_7364791,clinical: close-up,Malignant,BCC,75.0,female,head/neck
ISIC_7760822,IL_7364791,dermoscopic,Malignant,BCC,75.0,female,head/neck
ISIC_2340328,IL_7366789,clinical: close-up,Benign,BKL,65.0,male,
ISIC_5151650,IL_7366789,dermoscopic,Benign,BKL,65.0,male,
ISIC_0629020,IL_7367397,clinical: close-up,Malignant,BCC,50.0,female,head/neck
ISIC_1124994,IL_7367397,dermoscopic,Malignant,BCC,50.0,female,head/neck
ISIC_0966559,IL_7368324,clinical: close-up,Malignant,BCC,65.0,female,lower extremity
ISIC_8391328,IL_7368324,dermoscopic,Malignant,BCC,65.0,female,lower extremity
ISIC_4560761,IL_7369841,clinical: close-up,Malignant,MEL,75.0,male,lower extremity
ISIC_7978498,IL_7369841,dermoscopic,Malignant,MEL,75.0,male,lower extremity
ISIC_7767475,IL_7372717,clinical: close-up,Benign,BKL,75.0,male,head/neck
ISIC_8352723,IL_7372717,dermoscopic,Benign,BKL,75.0,male,head/neck
ISIC_4564343,IL_7373612,clinical: close-up,Malignant,BCC,40.0,female,upper extremity
ISIC_5434141,IL_7373612,dermoscopic,Malignant,BCC,40.0,female,upper extremity
ISIC_0169534,IL_7376173,clinical: close-up,Benign,BKL,70.0,male,
ISIC_7716315,IL_7376173,dermoscopic,Benign,BKL,70.0,male,
ISIC_8478651,IL_7376850,clinical: close-up,Malignant,BCC,70.0,male,upper extremity
ISIC_6248808,IL_7376850,dermoscopic,Malignant,BCC,70.0,male,upper extremity
ISIC_4424871,IL_7377156,clinical: close-up,Malignant,BCC,70.0,male,lower extremity
ISIC_4859968,IL_7377156,dermoscopic,Malignant,BCC,70.0,male,lower extremity
ISIC_1415038,IL_7382399,clinical: close-up,Benign,NV,40.0,female,
ISIC_8566440,IL_7382399,dermoscopic,Benign,NV,40.0,female,
ISIC_9210156,IL_7385795,clinical: close-up,Benign,INF,75.0,male,lower extremity
ISIC_8825637,IL_7385795,dermoscopic,Benign,INF,75.0,male,lower extremity
ISIC_3100261,IL_7385851,clinical: close-up,Malignant,AKIEC,45.0,male,head/neck
ISIC_7326842,IL_7385851,dermoscopic,Malignant,AKIEC,45.0,male,head/neck
ISIC_7789436,IL_7387291,clinical: close-up,Benign,NV,25.0,male,
ISIC_5788717,IL_7387291,dermoscopic,Benign,NV,25.0,male,
ISIC_1245273,IL_7389782,clinical: close-up,Malignant,BCC,80.0,male,
ISIC_4158219,IL_7389782,dermoscopic,Malignant,BCC,80.0,male,
ISIC_8745622,IL_7390451,clinical: close-up,Malignant,BCC,70.0,male,
ISIC_7372306,IL_7390451,dermoscopic,Malignant,BCC,70.0,male,
ISIC_5759990,IL_7394402,clinical: close-up,Malignant,BCC,65.0,female,lower extremity
ISIC_6664237,IL_7394402,dermoscopic,Malignant,BCC,65.0,female,lower extremity
ISIC_4888153,IL_7397211,clinical: close-up,Malignant,SCCKA,85.0,female,upper extremity
ISIC_8734016,IL_7397211,dermoscopic,Malignant,SCCKA,85.0,female,upper extremity
ISIC_7626679,IL_7397466,clinical: close-up,Benign,NV,30.0,male,lower extremity
ISIC_9759173,IL_7397466,dermoscopic,Benign,NV,30.0,male,lower extremity
ISIC_7472074,IL_7397642,clinical: close-up,Malignant,BCC,85.0,male,
ISIC_7623387,IL_7397642,dermoscopic,Malignant,BCC,85.0,male,
ISIC_4635975,IL_7400064,clinical: close-up,Benign,BKL,60.0,female,head/neck
ISIC_5149324,IL_7400064,dermoscopic,Benign,BKL,60.0,female,head/neck
ISIC_5763649,IL_7402046,clinical: close-up,Malignant,SCCKA,55.0,male,
ISIC_2611469,IL_7402046,dermoscopic,Malignant,SCCKA,55.0,male,
ISIC_6939444,IL_7402183,clinical: close-up,Benign,NV,75.0,male,
ISIC_4626097,IL_7402183,dermoscopic,Benign,NV,75.0,male,
ISIC_1506683,IL_7402756,clinical: close-up,Malignant,BCC,85.0,female,upper extremity
ISIC_5469285,IL_7402756,dermoscopic,Malignant,BCC,85.0,female,upper extremity
ISIC_0327776,IL_7402808,clinical: close-up,Malignant,BCC,70.0,male,lower extremity
ISIC_4581953,IL_7402808,dermoscopic,Malignant,BCC,70.0,male,lower extremity
ISIC_9127714,IL_7406040,clinical: close-up,Malignant,BCC,65.0,male,
ISIC_2578355,IL_7406040,dermoscopic,Malignant,BCC,65.0,male,
ISIC_5399116,IL_7408764,clinical: close-up,Malignant,BCC,45.0,female,lower extremity
ISIC_5996846,IL_7408764,dermoscopic,Malignant,BCC,45.0,female,lower extremity
ISIC_8363273,IL_7416189,clinical: close-up,Malignant,BCC,65.0,male,head/neck
ISIC_8854712,IL_7416189,dermoscopic,Malignant,BCC,65.0,male,head/neck
ISIC_7808824,IL_7423062,clinical: close-up,Malignant,BCC,55.0,male,
ISIC_1234193,IL_7423062,dermoscopic,Malignant,BCC,55.0,male,
ISIC_2323046,IL_7424810,clinical: close-up,Malignant,BCC,70.0,male,lower extremity
ISIC_6559313,IL_7424810,dermoscopic,Malignant,BCC,70.0,male,lower extremity
ISIC_7569602,IL_7428104,clinical: close-up,Benign,BKL,50.0,male,
ISIC_6488682,IL_7428104,dermoscopic,Benign,BKL,50.0,male,
ISIC_6888436,IL_7431688,clinical: close-up,Malignant,SCCKA,80.0,male,head/neck
ISIC_4075850,IL_7431688,dermoscopic,Malignant,SCCKA,80.0,male,head/neck
ISIC_2903895,IL_7434637,clinical: close-up,Benign,BKL,65.0,male,lower extremity
ISIC_2613076,IL_7434637,dermoscopic,Benign,BKL,65.0,male,lower extremity
ISIC_8274729,IL_7437076,clinical: close-up,Malignant,BCC,70.0,female,head/neck
ISIC_6241374,IL_7437076,dermoscopic,Malignant,BCC,70.0,female,head/neck
ISIC_7885893,IL_7437846,clinical: close-up,Malignant,BCC,75.0,male,
ISIC_1446269,IL_7437846,dermoscopic,Malignant,BCC,75.0,male,
ISIC_6581346,IL_7438148,clinical: close-up,Malignant,BCC,50.0,male,
ISIC_3302562,IL_7438148,dermoscopic,Malignant,BCC,50.0,male,
ISIC_6365827,IL_7439967,clinical: close-up,Malignant,BCC,85.0,female,upper extremity
ISIC_4232474,IL_7439967,dermoscopic,Malignant,BCC,85.0,female,upper extremity
ISIC_1967763,IL_7443254,clinical: close-up,Malignant,BCC,55.0,male,
ISIC_2770352,IL_7443254,dermoscopic,Malignant,BCC,55.0,male,
ISIC_4042084,IL_7443834,clinical: close-up,Malignant,BCC,50.0,male,
ISIC_3483103,IL_7443834,dermoscopic,Malignant,BCC,50.0,male,
ISIC_2360770,IL_7444377,clinical: close-up,Malignant,BCC,75.0,male,upper extremity
ISIC_2490728,IL_7444377,dermoscopic,Malignant,BCC,75.0,male,upper extremity
ISIC_9976872,IL_7447582,clinical: close-up,Malignant,BCC,60.0,male,
ISIC_4353551,IL_7447582,dermoscopic,Malignant,BCC,60.0,male,
ISIC_6566959,IL_7451238,clinical: close-up,Malignant,BCC,65.0,female,
ISIC_5897869,IL_7451238,dermoscopic,Malignant,BCC,65.0,female,
ISIC_7050719,IL_7451964,clinical: close-up,Malignant,BCC,80.0,female,
ISIC_1094830,IL_7451964,dermoscopic,Malignant,BCC,80.0,female,
ISIC_0904295,IL_7453995,clinical: close-up,Malignant,BCC,60.0,male,lower extremity
ISIC_6760541,IL_7453995,dermoscopic,Malignant,BCC,60.0,male,lower extremity
ISIC_0211830,IL_7459473,clinical: close-up,Benign,BKL,40.0,male,
ISIC_3101169,IL_7459473,dermoscopic,Benign,BKL,40.0,male,
ISIC_2787372,IL_7464874,clinical: close-up,Malignant,SCCKA,65.0,male,head/neck
ISIC_8723086,IL_7464874,dermoscopic,Malignant,SCCKA,65.0,male,head/neck
ISIC_9107881,IL_7465840,clinical: close-up,Malignant,BCC,75.0,male,head/neck
ISIC_1855151,IL_7465840,dermoscopic,Malignant,BCC,75.0,male,head/neck
ISIC_1500076,IL_7466506,clinical: close-up,Malignant,BCC,70.0,female,head/neck
ISIC_5116668,IL_7466506,dermoscopic,Malignant,BCC,70.0,female,head/neck
ISIC_8088100,IL_7469546,clinical: close-up,Benign,NV,55.0,male,lower extremity
ISIC_4588970,IL_7469546,dermoscopic,Benign,NV,55.0,male,lower extremity
ISIC_0424607,IL_7471218,clinical: close-up,Malignant,SCCKA,80.0,female,lower extremity
ISIC_8790887,IL_7471218,dermoscopic,Malignant,SCCKA,80.0,female,lower extremity
ISIC_0686429,IL_7471558,clinical: close-up,Malignant,MEL,80.0,male,head/neck
ISIC_1454751,IL_7471558,dermoscopic,Malignant,MEL,80.0,male,head/neck
ISIC_5731785,IL_7474908,clinical: close-up,Malignant,BCC,80.0,male,lower extremity
ISIC_5129863,IL_7474908,dermoscopic,Malignant,BCC,80.0,male,lower extremity
ISIC_4091147,IL_7480471,clinical: close-up,Indeterminate,AKIEC,35.0,male,
ISIC_3675883,IL_7480471,dermoscopic,Indeterminate,AKIEC,35.0,male,
ISIC_9225499,IL_7481126,clinical: close-up,Malignant,MEL,70.0,female,upper extremity
ISIC_0212251,IL_7481126,dermoscopic,Malignant,MEL,70.0,female,upper extremity
ISIC_7780780,IL_7483628,clinical: close-up,Malignant,BCC,40.0,female,
ISIC_7292116,IL_7483628,dermoscopic,Malignant,BCC,40.0,female,
ISIC_6366299,IL_7484711,clinical: close-up,Malignant,BCC,70.0,female,head/neck
ISIC_7763661,IL_7484711,dermoscopic,Malignant,BCC,70.0,female,head/neck
ISIC_1700566,IL_7487058,clinical: close-up,Malignant,BCC,85.0,female,
ISIC_1163815,IL_7487058,dermoscopic,Malignant,BCC,85.0,female,
ISIC_0807781,IL_7494236,clinical: close-up,Malignant,BCC,50.0,male,upper extremity
ISIC_5987390,IL_7494236,dermoscopic,Malignant,BCC,50.0,male,upper extremity
ISIC_5433961,IL_7496538,clinical: close-up,Malignant,BCC,55.0,male,upper extremity
ISIC_5232516,IL_7496538,dermoscopic,Malignant,BCC,55.0,male,upper extremity
ISIC_8709148,IL_7502658,clinical: close-up,Malignant,SCCKA,70.0,male,head/neck
ISIC_1384590,IL_7502658,dermoscopic,Malignant,SCCKA,70.0,male,head/neck
ISIC_3097252,IL_7503105,clinical: close-up,Malignant,BCC,85.0,female,
ISIC_2666138,IL_7503105,dermoscopic,Malignant,BCC,85.0,female,
ISIC_3408569,IL_7504517,clinical: close-up,Malignant,SCCKA,65.0,male,lower extremity
ISIC_0478881,IL_7504517,dermoscopic,Malignant,SCCKA,65.0,male,lower extremity
ISIC_5203294,IL_7511780,clinical: close-up,Benign,BKL,40.0,male,head/neck
ISIC_8119167,IL_7511780,dermoscopic,Benign,BKL,40.0,male,head/neck
ISIC_0683612,IL_7518108,clinical: close-up,Benign,BKL,75.0,male,
ISIC_9945680,IL_7518108,dermoscopic,Benign,BKL,75.0,male,
ISIC_4081526,IL_7523112,clinical: close-up,Malignant,BCC,55.0,male,lower extremity
ISIC_3788989,IL_7523112,dermoscopic,Malignant,BCC,55.0,male,lower extremity
ISIC_1411585,IL_7525754,clinical: close-up,Malignant,BCC,70.0,female,head/neck
ISIC_9992648,IL_7525754,dermoscopic,Malignant,BCC,70.0,female,head/neck
ISIC_3581058,IL_7528128,clinical: close-up,Benign,DF,65.0,female,
ISIC_6622403,IL_7528128,dermoscopic,Benign,DF,65.0,female,
ISIC_0278827,IL_7528709,clinical: close-up,Malignant,BCC,75.0,male,head/neck
ISIC_1581919,IL_7528709,dermoscopic,Malignant,BCC,75.0,male,head/neck
ISIC_7248341,IL_7534180,clinical: close-up,Malignant,BCC,75.0,male,head/neck
ISIC_2334810,IL_7534180,dermoscopic,Malignant,BCC,75.0,male,head/neck
ISIC_4516611,IL_7534486,clinical: close-up,Malignant,BCC,85.0,male,head/neck
ISIC_4345415,IL_7534486,dermoscopic,Malignant,BCC,85.0,male,head/neck
ISIC_4186049,IL_7535294,clinical: close-up,Benign,NV,,male,lower extremity
ISIC_7307945,IL_7535294,dermoscopic,Benign,NV,,male,lower extremity
ISIC_6097869,IL_7539443,clinical: close-up,Benign,BKL,75.0,female,
ISIC_4281048,IL_7539443,dermoscopic,Benign,BKL,75.0,female,
ISIC_8499730,IL_7540497,clinical: close-up,Malignant,BCC,60.0,male,upper extremity
ISIC_8038497,IL_7540497,dermoscopic,Malignant,BCC,60.0,male,upper extremity
ISIC_3619795,IL_7550405,clinical: close-up,Malignant,BCC,75.0,male,head/neck
ISIC_0301368,IL_7550405,dermoscopic,Malignant,BCC,75.0,male,head/neck
ISIC_0888295,IL_7550838,clinical: close-up,Malignant,BCC,65.0,female,head/neck
ISIC_0818540,IL_7550838,dermoscopic,Malignant,BCC,65.0,female,head/neck
ISIC_9346486,IL_7553488,clinical: close-up,Benign,NV,30.0,female,
ISIC_4509108,IL_7553488,dermoscopic,Benign,NV,30.0,female,
ISIC_9239381,IL_7555285,clinical: close-up,Benign,BKL,65.0,female,head/neck
ISIC_3852630,IL_7555285,dermoscopic,Benign,BKL,65.0,female,head/neck
ISIC_7849821,IL_7564566,clinical: close-up,Malignant,BCC,55.0,female,upper extremity
ISIC_4983893,IL_7564566,dermoscopic,Malignant,BCC,55.0,female,upper extremity
ISIC_4767902,IL_7566377,clinical: close-up,Indeterminate,AKIEC,75.0,female,head/neck
ISIC_8639708,IL_7566377,dermoscopic,Indeterminate,AKIEC,75.0,female,head/neck
ISIC_2716370,IL_7570167,clinical: close-up,Malignant,BCC,75.0,female,head/neck
ISIC_2750525,IL_7570167,dermoscopic,Malignant,BCC,75.0,female,head/neck
ISIC_9719495,IL_7570811,clinical: close-up,Malignant,BCC,65.0,male,
ISIC_3869200,IL_7570811,dermoscopic,Malignant,BCC,65.0,male,
ISIC_0820547,IL_7571308,clinical: close-up,Malignant,BCC,40.0,female,lower extremity
ISIC_6202224,IL_7571308,dermoscopic,Malignant,BCC,40.0,female,lower extremity
ISIC_1290781,IL_7573989,clinical: close-up,Malignant,BCC,65.0,female,
ISIC_6934396,IL_7573989,dermoscopic,Malignant,BCC,65.0,female,
ISIC_5037023,IL_7591530,clinical: close-up,Benign,BKL,60.0,male,
ISIC_5745809,IL_7591530,dermoscopic,Benign,BKL,60.0,male,
ISIC_8295638,IL_7594910,clinical: close-up,Malignant,BCC,65.0,male,upper extremity
ISIC_1556864,IL_7594910,dermoscopic,Malignant,BCC,65.0,male,upper extremity
ISIC_9804365,IL_7601833,clinical: close-up,Malignant,SCCKA,85.0,male,lower extremity
ISIC_6351671,IL_7601833,dermoscopic,Malignant,SCCKA,85.0,male,lower extremity
ISIC_9725159,IL_7604860,clinical: close-up,Benign,BKL,45.0,female,upper extremity
ISIC_2907125,IL_7604860,dermoscopic,Benign,BKL,45.0,female,upper extremity
ISIC_2388998,IL_7610789,clinical: close-up,Benign,NV,35.0,male,
ISIC_4473773,IL_7610789,dermoscopic,Benign,NV,35.0,male,
ISIC_0720115,IL_7611472,clinical: close-up,Malignant,MEL,55.0,male,head/neck
ISIC_9588487,IL_7611472,dermoscopic,Malignant,MEL,55.0,male,head/neck
ISIC_6969322,IL_7613691,clinical: close-up,Benign,BKL,60.0,female,upper extremity
ISIC_1272616,IL_7613691,dermoscopic,Benign,BKL,60.0,female,upper extremity
ISIC_4391247,IL_7616901,clinical: close-up,Malignant,BCC,55.0,female,upper extremity
ISIC_1639468,IL_7616901,dermoscopic,Malignant,BCC,55.0,female,upper extremity
ISIC_1809128,IL_7617195,clinical: close-up,Indeterminate,AKIEC,60.0,female,upper extremity
ISIC_1445820,IL_7617195,dermoscopic,Indeterminate,AKIEC,60.0,female,upper extremity
ISIC_3603310,IL_7620308,clinical: close-up,Benign,NV,40.0,male,
ISIC_8894147,IL_7620308,dermoscopic,Benign,NV,40.0,male,
ISIC_1167183,IL_7621728,clinical: close-up,Malignant,MEL,60.0,male,upper extremity
ISIC_7640631,IL_7621728,dermoscopic,Malignant,MEL,60.0,male,upper extremity
ISIC_5641672,IL_7625524,clinical: close-up,Malignant,BCC,50.0,male,
ISIC_2597603,IL_7625524,dermoscopic,Malignant,BCC,50.0,male,
ISIC_5889637,IL_7627214,clinical: close-up,Malignant,BCC,70.0,male,
ISIC_5185179,IL_7627214,dermoscopic,Malignant,BCC,70.0,male,
ISIC_3093760,IL_7627926,clinical: close-up,Malignant,AKIEC,65.0,male,lower extremity
ISIC_7274523,IL_7627926,dermoscopic,Malignant,AKIEC,65.0,male,lower extremity
ISIC_3961758,IL_7631753,clinical: close-up,Malignant,BCC,70.0,male,
ISIC_1663532,IL_7631753,dermoscopic,Malignant,BCC,70.0,male,
ISIC_1827820,IL_7633169,clinical: close-up,Benign,BKL,55.0,female,upper extremity
ISIC_2048164,IL_7633169,dermoscopic,Benign,BKL,55.0,female,upper extremity
ISIC_9788437,IL_7635168,clinical: close-up,Malignant,BCC,60.0,female,upper extremity
ISIC_0681143,IL_7635168,dermoscopic,Malignant,BCC,60.0,female,upper extremity
ISIC_2957330,IL_7636266,clinical: close-up,Malignant,BCC,85.0,male,upper extremity
ISIC_0696597,IL_7636266,dermoscopic,Malignant,BCC,85.0,male,upper extremity
ISIC_6214871,IL_7637408,clinical: close-up,Malignant,BCC,65.0,female,lower extremity
ISIC_8334167,IL_7637408,dermoscopic,Malignant,BCC,65.0,female,lower extremity
ISIC_1594200,IL_7642375,clinical: close-up,Benign,VASC,35.0,female,lower extremity
ISIC_7646924,IL_7642375,dermoscopic,Benign,VASC,35.0,female,lower extremity
ISIC_6862838,IL_7643316,clinical: close-up,Malignant,MEL,65.0,male,head/neck
ISIC_4254772,IL_7643316,dermoscopic,Malignant,MEL,65.0,male,head/neck
ISIC_4502250,IL_7643911,clinical: close-up,Malignant,BCC,60.0,male,upper extremity
ISIC_1653372,IL_7643911,dermoscopic,Malignant,BCC,60.0,male,upper extremity
ISIC_9314032,IL_7644986,clinical: close-up,Malignant,BCC,55.0,male,lower extremity
ISIC_3032522,IL_7644986,dermoscopic,Malignant,BCC,55.0,male,lower extremity
ISIC_5800499,IL_7647524,clinical: close-up,Benign,NV,10.0,female,upper extremity
ISIC_9175575,IL_7647524,dermoscopic,Benign,NV,10.0,female,upper extremity
ISIC_9642936,IL_7649992,clinical: close-up,Malignant,BCC,55.0,male,
ISIC_6791466,IL_7649992,dermoscopic,Malignant,BCC,55.0,male,
ISIC_3646755,IL_7650602,clinical: close-up,Malignant,BCC,60.0,female,head/neck
ISIC_3934885,IL_7650602,dermoscopic,Malignant,BCC,60.0,female,head/neck
ISIC_5305591,IL_7653541,clinical: close-up,Malignant,BCC,70.0,female,upper extremity
ISIC_5819591,IL_7653541,dermoscopic,Malignant,BCC,70.0,female,upper extremity
ISIC_3368184,IL_7653735,clinical: close-up,Malignant,BCC,40.0,female,upper extremity
ISIC_1386264,IL_7653735,dermoscopic,Malignant,BCC,40.0,female,upper extremity
ISIC_9221083,IL_7657501,clinical: close-up,Malignant,BCC,65.0,male,lower extremity
ISIC_1997951,IL_7657501,dermoscopic,Malignant,BCC,65.0,male,lower extremity
ISIC_3743625,IL_7657935,clinical: close-up,Benign,NV,70.0,male,
ISIC_1464557,IL_7657935,dermoscopic,Benign,NV,70.0,male,
ISIC_7151845,IL_7667503,clinical: close-up,Malignant,BCC,65.0,male,lower extremity
ISIC_6451701,IL_7667503,dermoscopic,Malignant,BCC,65.0,male,lower extremity
ISIC_5722582,IL_7669534,clinical: close-up,Malignant,SCCKA,85.0,female,lower extremity
ISIC_5258143,IL_7669534,dermoscopic,Malignant,SCCKA,85.0,female,lower extremity
ISIC_6193755,IL_7671160,clinical: close-up,Benign,NV,50.0,female,
ISIC_3454940,IL_7671160,dermoscopic,Benign,NV,50.0,female,
ISIC_9679564,IL_7675373,clinical: close-up,Benign,NV,40.0,male,
ISIC_1649554,IL_7675373,dermoscopic,Benign,NV,40.0,male,
ISIC_5806581,IL_7680200,clinical: close-up,Indeterminate,AKIEC,55.0,male,head/neck
ISIC_4648640,IL_7680200,dermoscopic,Indeterminate,AKIEC,55.0,male,head/neck
ISIC_2183840,IL_7682560,clinical: close-up,Benign,NV,45.0,male,
ISIC_9532049,IL_7682560,dermoscopic,Benign,NV,45.0,male,
ISIC_7503610,IL_7687091,clinical: close-up,Malignant,AKIEC,80.0,male,upper extremity
ISIC_1558061,IL_7687091,dermoscopic,Malignant,AKIEC,80.0,male,upper extremity
ISIC_6551157,IL_7687935,clinical: close-up,Benign,VASC,80.0,male,
ISIC_6141128,IL_7687935,dermoscopic,Benign,VASC,80.0,male,
ISIC_1145018,IL_7687991,clinical: close-up,Malignant,SCCKA,85.0,male,head/neck
ISIC_7242927,IL_7687991,dermoscopic,Malignant,SCCKA,85.0,male,head/neck
ISIC_3331894,IL_7689829,clinical: close-up,Malignant,BCC,60.0,male,head/neck
ISIC_5923153,IL_7689829,dermoscopic,Malignant,BCC,60.0,male,head/neck
ISIC_7430438,IL_7699811,clinical: close-up,Benign,NV,55.0,male,
ISIC_8032507,IL_7699811,dermoscopic,Benign,NV,55.0,male,
ISIC_1894495,IL_7707991,clinical: close-up,Malignant,SCCKA,75.0,female,head/neck
ISIC_6908533,IL_7707991,dermoscopic,Malignant,SCCKA,75.0,female,head/neck
ISIC_6350988,IL_7708257,clinical: close-up,Malignant,BCC,65.0,male,
ISIC_1344355,IL_7708257,dermoscopic,Malignant,BCC,65.0,male,
ISIC_7094095,IL_7709098,clinical: close-up,Malignant,BCC,75.0,male,head/neck
ISIC_3518720,IL_7709098,dermoscopic,Malignant,BCC,75.0,male,head/neck
ISIC_3142156,IL_7709757,clinical: close-up,Malignant,BCC,80.0,male,
ISIC_2533333,IL_7709757,dermoscopic,Malignant,BCC,80.0,male,
ISIC_4849294,IL_7711358,clinical: close-up,Malignant,BCC,85.0,male,head/neck
ISIC_1814482,IL_7711358,dermoscopic,Malignant,BCC,85.0,male,head/neck
ISIC_4268667,IL_7713182,clinical: close-up,Benign,NV,15.0,male,head/neck
ISIC_3322515,IL_7713182,dermoscopic,Benign,NV,15.0,male,head/neck
ISIC_4541978,IL_7713888,clinical: close-up,Malignant,BCC,55.0,male,upper extremity
ISIC_7646698,IL_7713888,dermoscopic,Malignant,BCC,55.0,male,upper extremity
ISIC_8707995,IL_7713960,clinical: close-up,Malignant,BCC,60.0,male,lower extremity
ISIC_1564298,IL_7713960,dermoscopic,Malignant,BCC,60.0,male,lower extremity
ISIC_3057442,IL_7714849,clinical: close-up,Malignant,MEL,70.0,female,head/neck
ISIC_4851185,IL_7714849,dermoscopic,Malignant,MEL,70.0,female,head/neck
ISIC_8623479,IL_7716473,clinical: close-up,Malignant,BCC,80.0,female,
ISIC_5350286,IL_7716473,dermoscopic,Malignant,BCC,80.0,female,
ISIC_0338405,IL_7718572,clinical: close-up,Malignant,BCC,75.0,male,lower extremity
ISIC_9710618,IL_7718572,dermoscopic,Malignant,BCC,75.0,male,lower extremity
ISIC_0265983,IL_7719252,clinical: close-up,Malignant,BCC,70.0,female,upper extremity
ISIC_4988567,IL_7719252,dermoscopic,Malignant,BCC,70.0,female,upper extremity
ISIC_5299228,IL_7725832,clinical: close-up,Benign,NV,50.0,female,upper extremity
ISIC_3836648,IL_7725832,dermoscopic,Benign,NV,50.0,female,upper extremity
ISIC_4424010,IL_7726867,clinical: close-up,Indeterminate,AKIEC,75.0,female,lower extremity
ISIC_5909840,IL_7726867,dermoscopic,Indeterminate,AKIEC,75.0,female,lower extremity
ISIC_9560522,IL_7727406,clinical: close-up,Benign,NV,25.0,female,head/neck
ISIC_4345273,IL_7727406,dermoscopic,Benign,NV,25.0,female,head/neck
ISIC_4426986,IL_7727942,clinical: close-up,Malignant,BCC,80.0,female,
ISIC_3741929,IL_7727942,dermoscopic,Malignant,BCC,80.0,female,
ISIC_1498924,IL_7728246,clinical: close-up,Benign,BKL,55.0,male,lower extremity
ISIC_5197331,IL_7728246,dermoscopic,Benign,BKL,55.0,male,lower extremity
ISIC_7406916,IL_7728515,clinical: close-up,Malignant,MEL,55.0,male,
ISIC_0450405,IL_7728515,dermoscopic,Malignant,MEL,55.0,male,
ISIC_7110078,IL_7735449,clinical: close-up,Benign,NV,45.0,female,
ISIC_7702191,IL_7735449,dermoscopic,Benign,NV,45.0,female,
ISIC_2977779,IL_7736241,clinical: close-up,Indeterminate,AKIEC,70.0,male,head/neck
ISIC_6462791,IL_7736241,dermoscopic,Indeterminate,AKIEC,70.0,male,head/neck
ISIC_7247605,IL_7738842,clinical: close-up,Malignant,BCC,40.0,female,
ISIC_0124764,IL_7738842,dermoscopic,Malignant,BCC,40.0,female,
ISIC_7273308,IL_7740320,clinical: close-up,Benign,DF,35.0,male,upper extremity
ISIC_0569067,IL_7740320,dermoscopic,Benign,DF,35.0,male,upper extremity
ISIC_5305490,IL_7743352,clinical: close-up,Benign,BEN_OTH,50.0,female,head/neck
ISIC_2501558,IL_7743352,dermoscopic,Benign,BEN_OTH,50.0,female,head/neck
ISIC_4264456,IL_7743393,clinical: close-up,Malignant,AKIEC,50.0,male,upper extremity
ISIC_2156383,IL_7743393,dermoscopic,Malignant,AKIEC,50.0,male,upper extremity
ISIC_9577015,IL_7743686,clinical: close-up,Malignant,BCC,75.0,female,head/neck
ISIC_7101909,IL_7743686,dermoscopic,Malignant,BCC,75.0,female,head/neck
ISIC_2936914,IL_7744787,clinical: close-up,Malignant,MEL,40.0,female,lower extremity
ISIC_8488027,IL_7744787,dermoscopic,Malignant,MEL,40.0,female,lower extremity
ISIC_3185613,IL_7744889,clinical: close-up,Malignant,BCC,80.0,female,lower extremity
ISIC_2973118,IL_7744889,dermoscopic,Malignant,BCC,80.0,female,lower extremity
ISIC_3203845,IL_7744965,clinical: close-up,Malignant,BCC,50.0,male,
ISIC_3427526,IL_7744965,dermoscopic,Malignant,BCC,50.0,male,
ISIC_8424804,IL_7746701,clinical: close-up,Malignant,BCC,70.0,male,head/neck
ISIC_2683795,IL_7746701,dermoscopic,Malignant,BCC,70.0,male,head/neck
ISIC_8745861,IL_7749269,clinical: close-up,Malignant,BCC,50.0,male,lower extremity
ISIC_3392380,IL_7749269,dermoscopic,Malignant,BCC,50.0,male,lower extremity
ISIC_9058731,IL_7749635,clinical: close-up,Benign,BKL,65.0,male,head/neck
ISIC_8738126,IL_7749635,dermoscopic,Benign,BKL,65.0,male,head/neck
ISIC_1161165,IL_7749892,clinical: close-up,Benign,DF,50.0,male,lower extremity
ISIC_2866672,IL_7749892,dermoscopic,Benign,DF,50.0,male,lower extremity
ISIC_4316216,IL_7750546,clinical: close-up,Benign,NV,55.0,female,lower extremity
ISIC_7704554,IL_7750546,dermoscopic,Benign,NV,55.0,female,lower extremity
ISIC_5892371,IL_7753719,clinical: close-up,Malignant,BCC,75.0,male,head/neck
ISIC_7458610,IL_7753719,dermoscopic,Malignant,BCC,75.0,male,head/neck
ISIC_8470753,IL_7755452,clinical: close-up,Malignant,SCCKA,75.0,male,upper extremity
ISIC_7236730,IL_7755452,dermoscopic,Malignant,SCCKA,75.0,male,upper extremity
ISIC_6385276,IL_7755497,clinical: close-up,Benign,NV,25.0,female,lower extremity
ISIC_3636991,IL_7755497,dermoscopic,Benign,NV,25.0,female,lower extremity
ISIC_3719395,IL_7759035,clinical: close-up,Malignant,BCC,70.0,female,head/neck
ISIC_7003219,IL_7759035,dermoscopic,Malignant,BCC,70.0,female,head/neck
ISIC_9831775,IL_7760064,clinical: close-up,Indeterminate,AKIEC,60.0,male,head/neck
ISIC_4534460,IL_7760064,dermoscopic,Indeterminate,AKIEC,60.0,male,head/neck
ISIC_6914336,IL_7760285,clinical: close-up,Malignant,BCC,60.0,male,
ISIC_1346867,IL_7760285,dermoscopic,Malignant,BCC,60.0,male,
ISIC_1441409,IL_7760454,clinical: close-up,Malignant,BCC,85.0,male,head/neck
ISIC_4656199,IL_7760454,dermoscopic,Malignant,BCC,85.0,male,head/neck
ISIC_0790292,IL_7760506,clinical: close-up,Malignant,BCC,60.0,male,lower extremity
ISIC_0738994,IL_7760506,dermoscopic,Malignant,BCC,60.0,male,lower extremity
ISIC_3386852,IL_7764430,clinical: close-up,Malignant,MEL,45.0,male,head/neck
ISIC_6993040,IL_7764430,dermoscopic,Malignant,MEL,45.0,male,head/neck
ISIC_2970872,IL_7768823,clinical: close-up,Benign,NV,80.0,male,
ISIC_1513850,IL_7768823,dermoscopic,Benign,NV,80.0,male,
ISIC_5086729,IL_7769100,clinical: close-up,Malignant,BCC,80.0,male,
ISIC_9721840,IL_7769100,dermoscopic,Malignant,BCC,80.0,male,
ISIC_9846956,IL_7775733,clinical: close-up,Benign,BKL,50.0,male,head/neck
ISIC_5386166,IL_7775733,dermoscopic,Benign,BKL,50.0,male,head/neck
ISIC_2196622,IL_7780651,clinical: close-up,Benign,BKL,65.0,female,head/neck
ISIC_8291456,IL_7780651,dermoscopic,Benign,BKL,65.0,female,head/neck
ISIC_5959720,IL_7781007,clinical: close-up,Malignant,BCC,85.0,female,head/neck
ISIC_7396751,IL_7781007,dermoscopic,Malignant,BCC,85.0,female,head/neck
ISIC_1330675,IL_7789479,clinical: close-up,Malignant,BCC,50.0,female,head/neck
ISIC_4482208,IL_7789479,dermoscopic,Malignant,BCC,50.0,female,head/neck
ISIC_7499602,IL_7790192,clinical: close-up,Malignant,BCC,85.0,male,head/neck
ISIC_3547942,IL_7790192,dermoscopic,Malignant,BCC,85.0,male,head/neck
ISIC_8311956,IL_7793730,clinical: close-up,Malignant,BCC,85.0,male,lower extremity
ISIC_5135443,IL_7793730,dermoscopic,Malignant,BCC,85.0,male,lower extremity
ISIC_5780905,IL_7795758,clinical: close-up,Benign,NV,75.0,female,
ISIC_2048857,IL_7795758,dermoscopic,Benign,NV,75.0,female,
ISIC_4021072,IL_7798447,clinical: close-up,Malignant,BCC,60.0,male,upper extremity
ISIC_5795871,IL_7798447,dermoscopic,Malignant,BCC,60.0,male,upper extremity
ISIC_8982555,IL_7798468,clinical: close-up,Indeterminate,AKIEC,60.0,male,head/neck
ISIC_8731377,IL_7798468,dermoscopic,Indeterminate,AKIEC,60.0,male,head/neck
ISIC_9198253,IL_7803371,clinical: close-up,Malignant,SCCKA,45.0,male,
ISIC_5584967,IL_7803371,dermoscopic,Malignant,SCCKA,45.0,male,
ISIC_2376778,IL_7804656,clinical: close-up,Benign,NV,55.0,male,head/neck
ISIC_7000928,IL_7804656,dermoscopic,Benign,NV,55.0,male,head/neck
ISIC_8139051,IL_7806060,clinical: close-up,Malignant,BCC,75.0,female,
ISIC_6176256,IL_7806060,dermoscopic,Malignant,BCC,75.0,female,
ISIC_8216483,IL_7808577,clinical: close-up,Benign,BEN_OTH,30.0,male,head/neck
ISIC_0460586,IL_7808577,dermoscopic,Benign,BEN_OTH,30.0,male,head/neck
ISIC_9022996,IL_7811339,clinical: close-up,Malignant,BCC,60.0,male,
ISIC_5000414,IL_7811339,dermoscopic,Malignant,BCC,60.0,male,
ISIC_9098536,IL_7820661,clinical: close-up,Malignant,MEL,65.0,male,lower extremity
ISIC_0184224,IL_7820661,dermoscopic,Malignant,MEL,65.0,male,lower extremity
ISIC_6242060,IL_7821260,clinical: close-up,Malignant,BCC,65.0,female,lower extremity
ISIC_1156133,IL_7821260,dermoscopic,Malignant,BCC,65.0,female,lower extremity
ISIC_3248460,IL_7825676,clinical: close-up,Malignant,SCCKA,65.0,male,head/neck
ISIC_7381608,IL_7825676,dermoscopic,Malignant,SCCKA,65.0,male,head/neck
ISIC_0671005,IL_7825697,clinical: close-up,Malignant,MEL,55.0,male,
ISIC_3396463,IL_7825697,dermoscopic,Malignant,MEL,55.0,male,
ISIC_4940435,IL_7825787,clinical: close-up,Malignant,BCC,75.0,male,head/neck
ISIC_7072857,IL_7825787,dermoscopic,Malignant,BCC,75.0,male,head/neck
ISIC_7368145,IL_7834539,clinical: close-up,Malignant,BCC,70.0,female,lower extremity
ISIC_9669577,IL_7834539,dermoscopic,Malignant,BCC,70.0,female,lower extremity
ISIC_2345535,IL_7842588,clinical: close-up,Benign,BKL,60.0,male,head/neck
ISIC_7629948,IL_7842588,dermoscopic,Benign,BKL,60.0,male,head/neck
ISIC_1173037,IL_7845840,clinical: close-up,Malignant,BCC,50.0,male,
ISIC_4489686,IL_7845840,dermoscopic,Malignant,BCC,50.0,male,
ISIC_6919900,IL_7855473,clinical: close-up,Benign,NV,15.0,female,lower extremity
ISIC_4051514,IL_7855473,dermoscopic,Benign,NV,15.0,female,lower extremity
ISIC_9693907,IL_7857682,clinical: close-up,Benign,NV,30.0,female,
ISIC_7384530,IL_7857682,dermoscopic,Benign,NV,30.0,female,
ISIC_3532225,IL_7864220,clinical: close-up,Malignant,AKIEC,85.0,female,lower extremity
ISIC_0644098,IL_7864220,dermoscopic,Malignant,AKIEC,85.0,female,lower extremity
ISIC_3220453,IL_7867833,clinical: close-up,Indeterminate,AKIEC,75.0,male,head/neck
ISIC_9268987,IL_7867833,dermoscopic,Indeterminate,AKIEC,75.0,male,head/neck
ISIC_8046525,IL_7871086,clinical: close-up,Malignant,BCC,55.0,female,head/neck
ISIC_3644082,IL_7871086,dermoscopic,Malignant,BCC,55.0,female,head/neck
ISIC_1536147,IL_7871549,clinical: close-up,Malignant,SCCKA,75.0,male,lower extremity
ISIC_0195374,IL_7871549,dermoscopic,Malignant,SCCKA,75.0,male,lower extremity
ISIC_8669932,IL_7871814,clinical: close-up,Malignant,BCC,45.0,female,head/neck
ISIC_4438725,IL_7871814,dermoscopic,Malignant,BCC,45.0,female,head/neck
ISIC_1226932,IL_7884218,clinical: close-up,Malignant,BCC,65.0,male,lower extremity
ISIC_6190757,IL_7884218,dermoscopic,Malignant,BCC,65.0,male,lower extremity
ISIC_4860954,IL_7884893,clinical: close-up,Malignant,AKIEC,50.0,male,
ISIC_8183159,IL_7884893,dermoscopic,Malignant,AKIEC,50.0,male,
ISIC_8292731,IL_7885027,clinical: close-up,Malignant,BCC,65.0,male,head/neck
ISIC_6486784,IL_7885027,dermoscopic,Malignant,BCC,65.0,male,head/neck
ISIC_0278402,IL_7885179,clinical: close-up,Benign,BKL,75.0,female,
ISIC_1154162,IL_7885179,dermoscopic,Benign,BKL,75.0,female,
ISIC_8851360,IL_7894375,clinical: close-up,Malignant,BCC,60.0,male,head/neck
ISIC_8021500,IL_7894375,dermoscopic,Malignant,BCC,60.0,male,head/neck
ISIC_6861920,IL_7894470,clinical: close-up,Indeterminate,AKIEC,75.0,female,head/neck
ISIC_3368991,IL_7894470,dermoscopic,Indeterminate,AKIEC,75.0,female,head/neck
ISIC_9528989,IL_7894855,clinical: close-up,Indeterminate,AKIEC,70.0,male,head/neck
ISIC_2215472,IL_7894855,dermoscopic,Indeterminate,AKIEC,70.0,male,head/neck
ISIC_6587157,IL_7896547,clinical: close-up,Benign,INF,50.0,male,head/neck
ISIC_7859130,IL_7896547,dermoscopic,Benign,INF,50.0,male,head/neck
ISIC_6521283,IL_7908482,clinical: close-up,Benign,BKL,80.0,male,head/neck
ISIC_5798737,IL_7908482,dermoscopic,Benign,BKL,80.0,male,head/neck
ISIC_8479950,IL_7910339,clinical: close-up,Malignant,BCC,35.0,female,
ISIC_7936557,IL_7910339,dermoscopic,Malignant,BCC,35.0,female,
ISIC_4226769,IL_7913171,clinical: close-up,Malignant,BCC,45.0,male,lower extremity
ISIC_3877513,IL_7913171,dermoscopic,Malignant,BCC,45.0,male,lower extremity
ISIC_8366620,IL_7913818,clinical: close-up,Malignant,SCCKA,55.0,female,lower extremity
ISIC_2601688,IL_7913818,dermoscopic,Malignant,SCCKA,55.0,female,lower extremity
ISIC_6544356,IL_7917334,clinical: close-up,Malignant,SCCKA,70.0,male,head/neck
ISIC_6383214,IL_7917334,dermoscopic,Malignant,SCCKA,70.0,male,head/neck
ISIC_0703597,IL_7917895,clinical: close-up,Benign,DF,50.0,male,lower extremity
ISIC_6545294,IL_7917895,dermoscopic,Benign,DF,50.0,male,lower extremity
ISIC_1844525,IL_7923672,clinical: close-up,Malignant,MEL,60.0,male,
ISIC_4349272,IL_7923672,dermoscopic,Malignant,MEL,60.0,male,
ISIC_7005364,IL_7926291,clinical: close-up,Malignant,BCC,80.0,female,head/neck
ISIC_0858555,IL_7926291,dermoscopic,Malignant,BCC,80.0,female,head/neck
ISIC_4034716,IL_7928790,clinical: close-up,Malignant,SCCKA,65.0,female,head/neck
ISIC_2731321,IL_7928790,dermoscopic,Malignant,SCCKA,65.0,female,head/neck
ISIC_5588619,IL_7929294,clinical: close-up,Benign,NV,35.0,male,lower extremity
ISIC_9129820,IL_7929294,dermoscopic,Benign,NV,35.0,male,lower extremity
ISIC_5197529,IL_7930944,clinical: close-up,Malignant,BCC,70.0,male,
ISIC_8981300,IL_7930944,dermoscopic,Malignant,BCC,70.0,male,
ISIC_8000477,IL_7931283,clinical: close-up,Malignant,BCC,70.0,female,
ISIC_3360235,IL_7931283,dermoscopic,Malignant,BCC,70.0,female,
ISIC_3269390,IL_7933617,clinical: close-up,Malignant,SCCKA,55.0,male,head/neck
ISIC_6662978,IL_7933617,dermoscopic,Malignant,SCCKA,55.0,male,head/neck
ISIC_5466262,IL_7940673,clinical: close-up,Malignant,MEL,45.0,male,
ISIC_2926418,IL_7940673,dermoscopic,Malignant,MEL,45.0,male,
ISIC_7876146,IL_7943219,clinical: close-up,Benign,BKL,55.0,male,head/neck
ISIC_8356317,IL_7943219,dermoscopic,Benign,BKL,55.0,male,head/neck
ISIC_2080317,IL_7943940,clinical: close-up,Malignant,BCC,55.0,male,
ISIC_0979570,IL_7943940,dermoscopic,Malignant,BCC,55.0,male,
ISIC_0501244,IL_7948272,clinical: close-up,Malignant,BCC,70.0,female,lower extremity
ISIC_3501503,IL_7948272,dermoscopic,Malignant,BCC,70.0,female,lower extremity
ISIC_7325830,IL_7948300,clinical: close-up,Malignant,BCC,65.0,female,head/neck
ISIC_7953190,IL_7948300,dermoscopic,Malignant,BCC,65.0,female,head/neck
ISIC_7304569,IL_7948883,clinical: close-up,Benign,INF,40.0,female,
ISIC_5933645,IL_7948883,dermoscopic,Benign,INF,40.0,female,
ISIC_5156331,IL_7950923,clinical: close-up,Malignant,BCC,50.0,female,lower extremity
ISIC_4827917,IL_7950923,dermoscopic,Malignant,BCC,50.0,female,lower extremity
ISIC_6580770,IL_7950940,clinical: close-up,Malignant,SCCKA,60.0,male,head/neck
ISIC_2231359,IL_7950940,dermoscopic,Malignant,SCCKA,60.0,male,head/neck
ISIC_1749634,IL_7951071,clinical: close-up,Benign,BKL,75.0,male,head/neck
ISIC_4985739,IL_7951071,dermoscopic,Benign,BKL,75.0,male,head/neck
ISIC_0784305,IL_7954262,clinical: close-up,Malignant,BCC,65.0,male,
ISIC_8154669,IL_7954262,dermoscopic,Malignant,BCC,65.0,male,
ISIC_7775899,IL_7956522,clinical: close-up,Benign,BKL,60.0,female,lower extremity
ISIC_0242383,IL_7956522,dermoscopic,Benign,BKL,60.0,female,lower extremity
ISIC_7947601,IL_7961320,clinical: close-up,Malignant,BCC,85.0,male,head/neck
ISIC_3275406,IL_7961320,dermoscopic,Malignant,BCC,85.0,male,head/neck
ISIC_2897696,IL_7964998,clinical: close-up,Benign,NV,35.0,female,
ISIC_3943135,IL_7964998,dermoscopic,Benign,NV,35.0,female,
ISIC_2134793,IL_7965758,clinical: close-up,Malignant,BCC,55.0,male,
ISIC_3487034,IL_7965758,dermoscopic,Malignant,BCC,55.0,male,
ISIC_2153022,IL_7970033,clinical: close-up,Benign,BKL,65.0,female,lower extremity
ISIC_1597659,IL_7970033,dermoscopic,Benign,BKL,65.0,female,lower extremity
ISIC_0336951,IL_7971648,clinical: close-up,Benign,BKL,55.0,female,lower extremity
ISIC_4859866,IL_7971648,dermoscopic,Benign,BKL,55.0,female,lower extremity
ISIC_7283446,IL_7972965,clinical: close-up,Malignant,SCCKA,65.0,female,upper extremity
ISIC_6990978,IL_7972965,dermoscopic,Malignant,SCCKA,65.0,female,upper extremity
ISIC_0893414,IL_7974370,clinical: close-up,Benign,BKL,70.0,female,
ISIC_4337693,IL_7974370,dermoscopic,Benign,BKL,70.0,female,
ISIC_2094159,IL_7974648,clinical: close-up,Benign,NV,10.0,female,lower extremity
ISIC_6990939,IL_7974648,dermoscopic,Benign,NV,10.0,female,lower extremity
ISIC_6537636,IL_7975142,clinical: close-up,Malignant,BCC,75.0,male,lower extremity
ISIC_6421085,IL_7975142,dermoscopic,Malignant,BCC,75.0,male,lower extremity
ISIC_8457294,IL_7976710,clinical: close-up,Malignant,BCC,75.0,male,lower extremity
ISIC_8883053,IL_7976710,dermoscopic,Malignant,BCC,75.0,male,lower extremity
ISIC_7423057,IL_7977795,clinical: close-up,Benign,NV,45.0,male,lower extremity
ISIC_1502836,IL_7977795,dermoscopic,Benign,NV,45.0,male,lower extremity
ISIC_2415211,IL_7982097,clinical: close-up,Malignant,BCC,40.0,female,head/neck
ISIC_2078396,IL_7982097,dermoscopic,Malignant,BCC,40.0,female,head/neck
ISIC_4791946,IL_7983668,clinical: close-up,Benign,NV,20.0,female,lower extremity
ISIC_3750512,IL_7983668,dermoscopic,Benign,NV,20.0,female,lower extremity
ISIC_5135274,IL_7995949,clinical: close-up,Benign,NV,35.0,female,
ISIC_3540482,IL_7995949,dermoscopic,Benign,NV,35.0,female,
ISIC_4712387,IL_7998645,clinical: close-up,Malignant,SCCKA,70.0,male,upper extremity
ISIC_8223761,IL_7998645,dermoscopic,Malignant,SCCKA,70.0,male,upper extremity
ISIC_7650091,IL_8001896,clinical: close-up,Malignant,BCC,65.0,female,
ISIC_1242474,IL_8001896,dermoscopic,Malignant,BCC,65.0,female,
ISIC_3914025,IL_8003176,clinical: close-up,Malignant,SCCKA,70.0,male,upper extremity
ISIC_5399167,IL_8003176,dermoscopic,Malignant,SCCKA,70.0,male,upper extremity
ISIC_1286685,IL_8007348,clinical: close-up,Malignant,BCC,50.0,male,
ISIC_3762115,IL_8007348,dermoscopic,Malignant,BCC,50.0,male,
ISIC_6319452,IL_8012177,clinical: close-up,Malignant,BCC,45.0,male,
ISIC_1010567,IL_8012177,dermoscopic,Malignant,BCC,45.0,male,
ISIC_5479076,IL_8012977,clinical: close-up,Benign,BKL,45.0,female,head/neck
ISIC_1136498,IL_8012977,dermoscopic,Benign,BKL,45.0,female,head/neck
ISIC_9139162,IL_8019185,clinical: close-up,Malignant,BCC,50.0,female,
ISIC_3187803,IL_8019185,dermoscopic,Malignant,BCC,50.0,female,
ISIC_8782993,IL_8022084,clinical: close-up,Benign,BKL,40.0,female,
ISIC_8356432,IL_8022084,dermoscopic,Benign,BKL,40.0,female,
ISIC_0976079,IL_8022344,clinical: close-up,Malignant,BCC,70.0,male,head/neck
ISIC_2735653,IL_8022344,dermoscopic,Malignant,BCC,70.0,male,head/neck
ISIC_1672301,IL_8026752,clinical: close-up,Benign,NV,35.0,male,
ISIC_8314749,IL_8026752,dermoscopic,Benign,NV,35.0,male,
ISIC_8917612,IL_8031669,clinical: close-up,Malignant,BCC,80.0,male,
ISIC_1239264,IL_8031669,dermoscopic,Malignant,BCC,80.0,male,
ISIC_5440216,IL_8037743,clinical: close-up,Malignant,MEL,40.0,female,
ISIC_7560933,IL_8037743,dermoscopic,Malignant,MEL,40.0,female,
ISIC_4652327,IL_8038373,clinical: close-up,Malignant,BCC,60.0,male,
ISIC_6290458,IL_8038373,dermoscopic,Malignant,BCC,60.0,male,
ISIC_4345819,IL_8038657,clinical: close-up,Malignant,MEL,75.0,female,head/neck
ISIC_1019384,IL_8038657,dermoscopic,Malignant,MEL,75.0,female,head/neck
ISIC_1091183,IL_8040999,clinical: close-up,Malignant,MEL,70.0,male,
ISIC_6551749,IL_8040999,dermoscopic,Malignant,MEL,70.0,male,
ISIC_4941462,IL_8041079,clinical: close-up,Benign,NV,45.0,female,
ISIC_2701902,IL_8041079,dermoscopic,Benign,NV,45.0,female,
ISIC_7291783,IL_8050386,clinical: close-up,Malignant,BCC,60.0,female,
ISIC_4252005,IL_8050386,dermoscopic,Malignant,BCC,60.0,female,
ISIC_9276741,IL_8050939,clinical: close-up,Malignant,BCC,45.0,male,
ISIC_6287939,IL_8050939,dermoscopic,Malignant,BCC,45.0,male,
ISIC_7925027,IL_8053107,clinical: close-up,Malignant,BCC,70.0,male,
ISIC_1420953,IL_8053107,dermoscopic,Malignant,BCC,70.0,male,
ISIC_2118898,IL_8057179,clinical: close-up,Malignant,SCCKA,75.0,male,head/neck
ISIC_5451038,IL_8057179,dermoscopic,Malignant,SCCKA,75.0,male,head/neck
ISIC_6136291,IL_8057950,clinical: close-up,Benign,NV,35.0,male,lower extremity
ISIC_7776586,IL_8057950,dermoscopic,Benign,NV,35.0,male,lower extremity
ISIC_1772212,IL_8058935,clinical: close-up,Malignant,SCCKA,70.0,female,upper extremity
ISIC_4315425,IL_8058935,dermoscopic,Malignant,SCCKA,70.0,female,upper extremity
ISIC_5121043,IL_8060725,clinical: close-up,Malignant,BCC,60.0,male,
ISIC_6241508,IL_8060725,dermoscopic,Malignant,BCC,60.0,male,
ISIC_9100704,IL_8063074,clinical: close-up,Malignant,SCCKA,85.0,male,head/neck
ISIC_1482636,IL_8063074,dermoscopic,Malignant,SCCKA,85.0,male,head/neck
ISIC_9614625,IL_8066484,clinical: close-up,Malignant,BCC,65.0,female,head/neck
ISIC_1716731,IL_8066484,dermoscopic,Malignant,BCC,65.0,female,head/neck
ISIC_1262493,IL_8067499,clinical: close-up,Malignant,BCC,60.0,female,
ISIC_4901933,IL_8067499,dermoscopic,Malignant,BCC,60.0,female,
ISIC_1348618,IL_8073547,clinical: close-up,Benign,BKL,70.0,male,lower extremity
ISIC_2655730,IL_8073547,dermoscopic,Benign,BKL,70.0,male,lower extremity
ISIC_6598962,IL_8074133,clinical: close-up,Malignant,BCC,75.0,female,head/neck
ISIC_5634823,IL_8074133,dermoscopic,Malignant,BCC,75.0,female,head/neck
ISIC_0159683,IL_8075238,clinical: close-up,Malignant,BCC,65.0,male,head/neck
ISIC_1085608,IL_8075238,dermoscopic,Malignant,BCC,65.0,male,head/neck
ISIC_9756261,IL_8077047,clinical: close-up,Benign,BKL,55.0,female,head/neck
ISIC_9491707,IL_8077047,dermoscopic,Benign,BKL,55.0,female,head/neck
ISIC_2224879,IL_8079402,clinical: close-up,Malignant,MEL,70.0,male,
ISIC_9599992,IL_8079402,dermoscopic,Malignant,MEL,70.0,male,
ISIC_4841357,IL_8091560,clinical: close-up,Malignant,SCCKA,85.0,female,upper extremity
ISIC_8367084,IL_8091560,dermoscopic,Malignant,SCCKA,85.0,female,upper extremity
ISIC_3198901,IL_8093153,clinical: close-up,Malignant,BCC,70.0,male,
ISIC_1305247,IL_8093153,dermoscopic,Malignant,BCC,70.0,male,
ISIC_0153470,IL_8095126,clinical: close-up,Benign,BKL,65.0,female,
ISIC_6634769,IL_8095126,dermoscopic,Benign,BKL,65.0,female,
ISIC_8858231,IL_8098270,clinical: close-up,Malignant,BCC,55.0,female,lower extremity
ISIC_6775663,IL_8098270,dermoscopic,Malignant,BCC,55.0,female,lower extremity
ISIC_1820134,IL_8099275,clinical: close-up,Benign,BEN_OTH,70.0,male,head/neck
ISIC_0165198,IL_8099275,dermoscopic,Benign,BEN_OTH,70.0,male,head/neck
ISIC_0333650,IL_8106703,clinical: close-up,Malignant,MEL,40.0,male,
ISIC_6833525,IL_8106703,dermoscopic,Malignant,MEL,40.0,male,
ISIC_5340961,IL_8107077,clinical: close-up,Malignant,BCC,55.0,female,lower extremity
ISIC_9365663,IL_8107077,dermoscopic,Malignant,BCC,55.0,female,lower extremity
ISIC_3461504,IL_8108938,clinical: close-up,Malignant,BCC,50.0,male,lower extremity
ISIC_7351010,IL_8108938,dermoscopic,Malignant,BCC,50.0,male,lower extremity
ISIC_6597735,IL_8109861,clinical: close-up,Malignant,BCC,55.0,female,lower extremity
ISIC_7480455,IL_8109861,dermoscopic,Malignant,BCC,55.0,female,lower extremity
ISIC_0657859,IL_8110471,clinical: close-up,Benign,BKL,60.0,female,lower extremity
ISIC_4247695,IL_8110471,dermoscopic,Benign,BKL,60.0,female,lower extremity
ISIC_3962666,IL_8111694,clinical: close-up,Benign,BKL,55.0,male,head/neck
ISIC_9206516,IL_8111694,dermoscopic,Benign,BKL,55.0,male,head/neck
ISIC_9966328,IL_8113008,clinical: close-up,Benign,NV,30.0,male,upper extremity
ISIC_0474474,IL_8113008,dermoscopic,Benign,NV,30.0,male,upper extremity
ISIC_9951312,IL_8114949,clinical: close-up,Malignant,MEL,70.0,male,head/neck
ISIC_7334939,IL_8114949,dermoscopic,Malignant,MEL,70.0,male,head/neck
ISIC_2167765,IL_8116058,clinical: close-up,Indeterminate,AKIEC,70.0,female,head/neck
ISIC_4194168,IL_8116058,dermoscopic,Indeterminate,AKIEC,70.0,female,head/neck
ISIC_5574831,IL_8118311,clinical: close-up,Benign,NV,45.0,female,upper extremity
ISIC_0376931,IL_8118311,dermoscopic,Benign,NV,45.0,female,upper extremity
ISIC_6469131,IL_8122429,clinical: close-up,Benign,BKL,70.0,male,head/neck
ISIC_3464724,IL_8122429,dermoscopic,Benign,BKL,70.0,male,head/neck
ISIC_2489023,IL_8124178,clinical: close-up,Benign,NV,45.0,female,upper extremity
ISIC_5380715,IL_8124178,dermoscopic,Benign,NV,45.0,female,upper extremity
ISIC_1566328,IL_8129688,clinical: close-up,Benign,NV,45.0,female,lower extremity
ISIC_4347789,IL_8129688,dermoscopic,Benign,NV,45.0,female,lower extremity
ISIC_8441087,IL_8142013,clinical: close-up,Benign,NV,70.0,male,upper extremity
ISIC_7917060,IL_8142013,dermoscopic,Benign,NV,70.0,male,upper extremity
ISIC_4842094,IL_8148828,clinical: close-up,Malignant,BCC,35.0,male,
ISIC_4485409,IL_8148828,dermoscopic,Malignant,BCC,35.0,male,
ISIC_3094384,IL_8151298,clinical: close-up,Benign,NV,45.0,female,lower extremity
ISIC_4325605,IL_8151298,dermoscopic,Benign,NV,45.0,female,lower extremity
ISIC_2148280,IL_8154017,clinical: close-up,Malignant,BCC,70.0,male,head/neck
ISIC_1901457,IL_8154017,dermoscopic,Malignant,BCC,70.0,male,head/neck
ISIC_6608996,IL_8154885,clinical: close-up,Malignant,BCC,60.0,female,
ISIC_4554471,IL_8154885,dermoscopic,Malignant,BCC,60.0,female,
ISIC_8350291,IL_8158343,clinical: close-up,Malignant,BCC,75.0,female,upper extremity
ISIC_6690222,IL_8158343,dermoscopic,Malignant,BCC,75.0,female,upper extremity
ISIC_9177146,IL_8162391,clinical: close-up,Indeterminate,AKIEC,65.0,male,lower extremity
ISIC_2718301,IL_8162391,dermoscopic,Indeterminate,AKIEC,65.0,male,lower extremity
ISIC_5246163,IL_8165717,clinical: close-up,Benign,NV,40.0,male,
ISIC_3685267,IL_8165717,dermoscopic,Benign,NV,40.0,male,
ISIC_3284065,IL_8168935,clinical: close-up,Malignant,BCC,55.0,male,
ISIC_7901805,IL_8168935,dermoscopic,Malignant,BCC,55.0,male,
ISIC_2031186,IL_8169516,clinical: close-up,Benign,BEN_OTH,40.0,female,head/neck
ISIC_9276884,IL_8169516,dermoscopic,Benign,BEN_OTH,40.0,female,head/neck
ISIC_5579782,IL_8170554,clinical: close-up,Malignant,BCC,60.0,male,
ISIC_4527478,IL_8170554,dermoscopic,Malignant,BCC,60.0,male,
ISIC_1630601,IL_8173383,clinical: close-up,Malignant,MEL,50.0,male,lower extremity
ISIC_6689453,IL_8173383,dermoscopic,Malignant,MEL,50.0,male,lower extremity
ISIC_9078579,IL_8175900,clinical: close-up,Benign,BKL,55.0,male,
ISIC_1212608,IL_8175900,dermoscopic,Benign,BKL,55.0,male,
ISIC_1948930,IL_8177538,clinical: close-up,Malignant,SCCKA,70.0,male,lower extremity
ISIC_2027374,IL_8177538,dermoscopic,Malignant,SCCKA,70.0,male,lower extremity
ISIC_9272970,IL_8185801,clinical: close-up,Indeterminate,AKIEC,75.0,male,head/neck
ISIC_7375960,IL_8185801,dermoscopic,Indeterminate,AKIEC,75.0,male,head/neck
ISIC_4206533,IL_8187329,clinical: close-up,Malignant,BCC,60.0,male,lower extremity
ISIC_7826908,IL_8187329,dermoscopic,Malignant,BCC,60.0,male,lower extremity
ISIC_0415024,IL_8190930,clinical: close-up,Malignant,BCC,55.0,male,
ISIC_7819126,IL_8190930,dermoscopic,Malignant,BCC,55.0,male,
ISIC_7913691,IL_8193410,clinical: close-up,Malignant,BCC,75.0,male,upper extremity
ISIC_5483293,IL_8193410,dermoscopic,Malignant,BCC,75.0,male,upper extremity
ISIC_4254329,IL_8193590,clinical: close-up,Malignant,MEL,70.0,male,head/neck
ISIC_3396860,IL_8193590,dermoscopic,Malignant,MEL,70.0,male,head/neck
ISIC_1025034,IL_8193835,clinical: close-up,Malignant,SCCKA,85.0,female,lower extremity
ISIC_0921779,IL_8193835,dermoscopic,Malignant,SCCKA,85.0,female,lower extremity
ISIC_1442874,IL_8194145,clinical: close-up,Benign,BKL,70.0,male,upper extremity
ISIC_9541448,IL_8194145,dermoscopic,Benign,BKL,70.0,male,upper extremity
ISIC_8563004,IL_8194852,clinical: close-up,Malignant,MEL,60.0,male,
ISIC_2161394,IL_8194852,dermoscopic,Malignant,MEL,60.0,male,
ISIC_7943464,IL_8200378,clinical: close-up,Indeterminate,AKIEC,60.0,male,head/neck
ISIC_0381744,IL_8200378,dermoscopic,Indeterminate,AKIEC,60.0,male,head/neck
ISIC_6803790,IL_8204669,clinical: close-up,Malignant,MEL,55.0,female,lower extremity
ISIC_0414164,IL_8204669,dermoscopic,Malignant,MEL,55.0,female,lower extremity
ISIC_1503289,IL_8205824,clinical: close-up,Malignant,MEL,55.0,male,
ISIC_5785135,IL_8205824,dermoscopic,Malignant,MEL,55.0,male,
ISIC_7920017,IL_8208194,clinical: close-up,Malignant,SCCKA,80.0,female,lower extremity
ISIC_8863147,IL_8208194,dermoscopic,Malignant,SCCKA,80.0,female,lower extremity
ISIC_9134607,IL_8209280,clinical: close-up,Malignant,SCCKA,55.0,female,
ISIC_3705057,IL_8209280,dermoscopic,Malignant,SCCKA,55.0,female,
ISIC_1534516,IL_8211957,clinical: close-up,Malignant,BCC,70.0,male,lower extremity
ISIC_4605939,IL_8211957,dermoscopic,Malignant,BCC,70.0,male,lower extremity
ISIC_9871721,IL_8212938,clinical: close-up,Malignant,MEL,50.0,female,
ISIC_1121645,IL_8212938,dermoscopic,Malignant,MEL,50.0,female,
ISIC_4915601,IL_8219054,clinical: close-up,Malignant,SCCKA,80.0,male,lower extremity
ISIC_7943627,IL_8219054,dermoscopic,Malignant,SCCKA,80.0,male,lower extremity
ISIC_1428662,IL_8224521,clinical: close-up,Malignant,SCCKA,65.0,male,upper extremity
ISIC_3265655,IL_8224521,dermoscopic,Malignant,SCCKA,65.0,male,upper extremity
ISIC_7914809,IL_8225974,clinical: close-up,Malignant,SCCKA,65.0,male,
ISIC_8793565,IL_8225974,dermoscopic,Malignant,SCCKA,65.0,male,
ISIC_6486344,IL_8229395,clinical: close-up,Malignant,MEL,70.0,female,lower extremity
ISIC_7643593,IL_8229395,dermoscopic,Malignant,MEL,70.0,female,lower extremity
ISIC_4162103,IL_8229749,clinical: close-up,Malignant,BCC,80.0,male,upper extremity
ISIC_6538645,IL_8229749,dermoscopic,Malignant,BCC,80.0,male,upper extremity
ISIC_5580645,IL_8231920,clinical: close-up,Malignant,AKIEC,40.0,male,head/neck
ISIC_1693712,IL_8231920,dermoscopic,Malignant,AKIEC,40.0,male,head/neck
ISIC_3456765,IL_8233032,clinical: close-up,Malignant,MEL,65.0,male,head/neck
ISIC_0528832,IL_8233032,dermoscopic,Malignant,MEL,65.0,male,head/neck
ISIC_6391608,IL_8240105,clinical: close-up,Malignant,BCC,70.0,male,
ISIC_7902747,IL_8240105,dermoscopic,Malignant,BCC,70.0,male,
ISIC_6578156,IL_8240829,clinical: close-up,Benign,NV,50.0,male,
ISIC_3211851,IL_8240829,dermoscopic,Benign,NV,50.0,male,
ISIC_9197238,IL_8244033,clinical: close-up,Malignant,SCCKA,60.0,male,lower extremity
ISIC_2120971,IL_8244033,dermoscopic,Malignant,SCCKA,60.0,male,lower extremity
ISIC_0576611,IL_8244074,clinical: close-up,Malignant,BCC,80.0,female,head/neck
ISIC_6114177,IL_8244074,dermoscopic,Malignant,BCC,80.0,female,head/neck
ISIC_1035863,IL_8247723,clinical: close-up,Malignant,SCCKA,85.0,female,lower extremity
ISIC_0846856,IL_8247723,dermoscopic,Malignant,SCCKA,85.0,female,lower extremity
ISIC_4471978,IL_8249685,clinical: close-up,Malignant,BCC,70.0,female,lower extremity
ISIC_4389754,IL_8249685,dermoscopic,Malignant,BCC,70.0,female,lower extremity
ISIC_0957094,IL_8252843,clinical: close-up,Malignant,SCCKA,70.0,female,upper extremity
ISIC_5398396,IL_8252843,dermoscopic,Malignant,SCCKA,70.0,female,upper extremity
ISIC_5043276,IL_8255338,clinical: close-up,Malignant,AKIEC,40.0,male,head/neck
ISIC_9488743,IL_8255338,dermoscopic,Malignant,AKIEC,40.0,male,head/neck
ISIC_9225788,IL_8256176,clinical: close-up,Malignant,BCC,55.0,female,
ISIC_9147502,IL_8256176,dermoscopic,Malignant,BCC,55.0,female,
ISIC_2785273,IL_8262115,clinical: close-up,Malignant,BCC,75.0,female,
ISIC_5804522,IL_8262115,dermoscopic,Malignant,BCC,75.0,female,
ISIC_6629742,IL_8264296,clinical: close-up,Benign,BKL,70.0,female,lower extremity
ISIC_5998955,IL_8264296,dermoscopic,Benign,BKL,70.0,female,lower extremity
ISIC_7733749,IL_8268920,clinical: close-up,Malignant,BCC,65.0,male,head/neck
ISIC_7869346,IL_8268920,dermoscopic,Malignant,BCC,65.0,male,head/neck
ISIC_3844756,IL_8270942,clinical: close-up,Indeterminate,AKIEC,80.0,male,head/neck
ISIC_0546389,IL_8270942,dermoscopic,Indeterminate,AKIEC,80.0,male,head/neck
ISIC_3140817,IL_8273782,clinical: close-up,Malignant,MEL,75.0,male,
ISIC_9540789,IL_8273782,dermoscopic,Malignant,MEL,75.0,male,
ISIC_1659815,IL_8280517,clinical: close-up,Malignant,BCC,65.0,female,head/neck
ISIC_4951972,IL_8280517,dermoscopic,Malignant,BCC,65.0,female,head/neck
ISIC_1134411,IL_8280553,clinical: close-up,Benign,BKL,70.0,female,
ISIC_7343701,IL_8280553,dermoscopic,Benign,BKL,70.0,female,
ISIC_0411343,IL_8282831,clinical: close-up,Malignant,BCC,65.0,male,
ISIC_6252442,IL_8282831,dermoscopic,Malignant,BCC,65.0,male,
ISIC_7143220,IL_8283182,clinical: close-up,Malignant,SCCKA,70.0,male,lower extremity
ISIC_7235077,IL_8283182,dermoscopic,Malignant,SCCKA,70.0,male,lower extremity
ISIC_9426194,IL_8283789,clinical: close-up,Benign,NV,35.0,female,
ISIC_6085286,IL_8283789,dermoscopic,Benign,NV,35.0,female,
ISIC_3884851,IL_8293673,clinical: close-up,Benign,NV,55.0,male,
ISIC_5818083,IL_8293673,dermoscopic,Benign,NV,55.0,male,
ISIC_1179663,IL_8296810,clinical: close-up,Malignant,BCC,50.0,female,head/neck
ISIC_3721391,IL_8296810,dermoscopic,Malignant,BCC,50.0,female,head/neck
ISIC_0108357,IL_8299978,clinical: close-up,Benign,NV,30.0,male,
ISIC_8873365,IL_8299978,dermoscopic,Benign,NV,30.0,male,
ISIC_8563013,IL_8312366,clinical: close-up,Malignant,BCC,50.0,female,upper extremity
ISIC_4955912,IL_8312366,dermoscopic,Malignant,BCC,50.0,female,upper extremity
ISIC_3656292,IL_8312438,clinical: close-up,Malignant,MEL,25.0,male,lower extremity
ISIC_8244439,IL_8312438,dermoscopic,Malignant,MEL,25.0,male,lower extremity
ISIC_3095773,IL_8316366,clinical: close-up,Malignant,BCC,75.0,male,
ISIC_5943320,IL_8316366,dermoscopic,Malignant,BCC,75.0,male,
ISIC_7127801,IL_8319102,clinical: close-up,Malignant,BCC,70.0,male,
ISIC_1135697,IL_8319102,dermoscopic,Malignant,BCC,70.0,male,
ISIC_2526585,IL_8322596,clinical: close-up,Malignant,BCC,60.0,female,head/neck
ISIC_1230479,IL_8322596,dermoscopic,Malignant,BCC,60.0,female,head/neck
ISIC_3906498,IL_8324569,clinical: close-up,Benign,BKL,40.0,male,
ISIC_0783369,IL_8324569,dermoscopic,Benign,BKL,40.0,male,
ISIC_5010177,IL_8324597,clinical: close-up,Malignant,BCC,65.0,female,upper extremity
ISIC_7377119,IL_8324597,dermoscopic,Malignant,BCC,65.0,female,upper extremity
ISIC_8849386,IL_8326095,clinical: close-up,Malignant,BCC,75.0,male,lower extremity
ISIC_4141321,IL_8326095,dermoscopic,Malignant,BCC,75.0,male,lower extremity
ISIC_0666574,IL_8326567,clinical: close-up,Malignant,SCCKA,85.0,male,upper extremity
ISIC_1518748,IL_8326567,dermoscopic,Malignant,SCCKA,85.0,male,upper extremity
ISIC_5483404,IL_8326868,clinical: close-up,Indeterminate,AKIEC,70.0,male,head/neck
ISIC_7314033,IL_8326868,dermoscopic,Indeterminate,AKIEC,70.0,male,head/neck
ISIC_6942468,IL_8331769,clinical: close-up,Benign,NV,30.0,female,head/neck
ISIC_5380664,IL_8331769,dermoscopic,Benign,NV,30.0,female,head/neck
ISIC_3507270,IL_8337226,clinical: close-up,Benign,BKL,80.0,male,
ISIC_1501988,IL_8337226,dermoscopic,Benign,BKL,80.0,male,
ISIC_4590345,IL_8338996,clinical: close-up,Benign,BEN_OTH,85.0,male,head/neck
ISIC_9148837,IL_8338996,dermoscopic,Benign,BEN_OTH,85.0,male,head/neck
ISIC_2547869,IL_8339117,clinical: close-up,Malignant,BCC,45.0,female,upper extremity
ISIC_3401124,IL_8339117,dermoscopic,Malignant,BCC,45.0,female,upper extremity
ISIC_9961928,IL_8345128,clinical: close-up,Malignant,BCC,85.0,male,
ISIC_1623104,IL_8345128,dermoscopic,Malignant,BCC,85.0,male,
ISIC_7898975,IL_8349712,clinical: close-up,Malignant,AKIEC,70.0,male,head/neck
ISIC_6415417,IL_8349712,dermoscopic,Malignant,AKIEC,70.0,male,head/neck
ISIC_6699542,IL_8356407,clinical: close-up,Malignant,BCC,85.0,male,lower extremity
ISIC_0657679,IL_8356407,dermoscopic,Malignant,BCC,85.0,male,lower extremity
ISIC_7904190,IL_8357154,clinical: close-up,Benign,BKL,65.0,male,
ISIC_3715127,IL_8357154,dermoscopic,Benign,BKL,65.0,male,
ISIC_6262662,IL_8357719,clinical: close-up,Malignant,BCC,70.0,male,
ISIC_1635697,IL_8357719,dermoscopic,Malignant,BCC,70.0,male,
ISIC_0981634,IL_8359695,clinical: close-up,Benign,NV,40.0,female,
ISIC_6378396,IL_8359695,dermoscopic,Benign,NV,40.0,female,
ISIC_6033339,IL_8359841,clinical: close-up,Malignant,MEL,35.0,male,lower extremity
ISIC_5761443,IL_8359841,dermoscopic,Malignant,MEL,35.0,male,lower extremity
ISIC_6890394,IL_8364095,clinical: close-up,Benign,VASC,50.0,female,upper extremity
ISIC_2181342,IL_8364095,dermoscopic,Benign,VASC,50.0,female,upper extremity
ISIC_7669551,IL_8366708,clinical: close-up,Malignant,MEL,85.0,male,
ISIC_1762147,IL_8366708,dermoscopic,Malignant,MEL,85.0,male,
ISIC_4952639,IL_8368045,clinical: close-up,Malignant,BCC,70.0,male,
ISIC_4378485,IL_8368045,dermoscopic,Malignant,BCC,70.0,male,
ISIC_4342648,IL_8374443,clinical: close-up,Malignant,BCC,85.0,male,head/neck
ISIC_4597054,IL_8374443,dermoscopic,Malignant,BCC,85.0,male,head/neck
ISIC_1287935,IL_8375718,clinical: close-up,Malignant,BCC,70.0,female,
ISIC_5681371,IL_8375718,dermoscopic,Malignant,BCC,70.0,female,
ISIC_3587587,IL_8376298,clinical: close-up,Benign,DF,45.0,male,
ISIC_3418096,IL_8376298,dermoscopic,Benign,DF,45.0,male,
ISIC_8703747,IL_8379111,clinical: close-up,Malignant,SCCKA,65.0,male,upper extremity
ISIC_6688178,IL_8379111,dermoscopic,Malignant,SCCKA,65.0,male,upper extremity
ISIC_6650890,IL_8380351,clinical: close-up,Malignant,AKIEC,50.0,male,head/neck
ISIC_9181159,IL_8380351,dermoscopic,Malignant,AKIEC,50.0,male,head/neck
ISIC_0842059,IL_8380493,clinical: close-up,Malignant,AKIEC,55.0,male,head/neck
ISIC_8153849,IL_8380493,dermoscopic,Malignant,AKIEC,55.0,male,head/neck
ISIC_3371218,IL_8383981,clinical: close-up,Malignant,BCC,60.0,female,lower extremity
ISIC_5624559,IL_8383981,dermoscopic,Malignant,BCC,60.0,female,lower extremity
ISIC_5701696,IL_8386286,clinical: close-up,Benign,BKL,75.0,male,head/neck
ISIC_8263244,IL_8386286,dermoscopic,Benign,BKL,75.0,male,head/neck
ISIC_4898312,IL_8387787,clinical: close-up,Malignant,BCC,85.0,female,head/neck
ISIC_6866299,IL_8387787,dermoscopic,Malignant,BCC,85.0,female,head/neck
ISIC_7256474,IL_8389564,clinical: close-up,Malignant,BCC,65.0,male,
ISIC_6615782,IL_8389564,dermoscopic,Malignant,BCC,65.0,male,
ISIC_1099492,IL_8391202,clinical: close-up,Malignant,BCC,80.0,male,
ISIC_9594918,IL_8391202,dermoscopic,Malignant,BCC,80.0,male,
ISIC_2736195,IL_8401805,clinical: close-up,Malignant,BCC,45.0,male,
ISIC_0346352,IL_8401805,dermoscopic,Malignant,BCC,45.0,male,
ISIC_6941286,IL_8402366,clinical: close-up,Malignant,SCCKA,65.0,male,upper extremity
ISIC_9842192,IL_8402366,dermoscopic,Malignant,SCCKA,65.0,male,upper extremity
ISIC_5896651,IL_8403780,clinical: close-up,Malignant,BCC,60.0,female,
ISIC_7838537,IL_8403780,dermoscopic,Malignant,BCC,60.0,female,
ISIC_1658514,IL_8419591,clinical: close-up,Malignant,BCC,55.0,male,head/neck
ISIC_1069584,IL_8419591,dermoscopic,Malignant,BCC,55.0,male,head/neck
ISIC_8144790,IL_8423018,clinical: close-up,Malignant,BCC,75.0,female,head/neck
ISIC_9824409,IL_8423018,dermoscopic,Malignant,BCC,75.0,female,head/neck
ISIC_2701980,IL_8429143,clinical: close-up,Benign,NV,30.0,female,
ISIC_2119364,IL_8429143,dermoscopic,Benign,NV,30.0,female,
ISIC_8862763,IL_8434747,clinical: close-up,Malignant,BCC,70.0,male,lower extremity
ISIC_1550198,IL_8434747,dermoscopic,Malignant,BCC,70.0,male,lower extremity
ISIC_6485921,IL_8439517,clinical: close-up,Benign,INF,65.0,female,
ISIC_0311944,IL_8439517,dermoscopic,Benign,INF,65.0,female,
ISIC_8820732,IL_8444340,clinical: close-up,Malignant,BCC,70.0,female,head/neck
ISIC_0637655,IL_8444340,dermoscopic,Malignant,BCC,70.0,female,head/neck
ISIC_8826493,IL_8444586,clinical: close-up,Malignant,BCC,60.0,male,
ISIC_8334297,IL_8444586,dermoscopic,Malignant,BCC,60.0,male,
ISIC_7420218,IL_8445981,clinical: close-up,Malignant,BCC,65.0,female,lower extremity
ISIC_4599594,IL_8445981,dermoscopic,Malignant,BCC,65.0,female,lower extremity
ISIC_4489436,IL_8449031,clinical: close-up,Malignant,SCCKA,45.0,male,
ISIC_1373525,IL_8449031,dermoscopic,Malignant,SCCKA,45.0,male,
ISIC_4080936,IL_8449966,clinical: close-up,Benign,NV,40.0,male,head/neck
ISIC_2372470,IL_8449966,dermoscopic,Benign,NV,40.0,male,head/neck
ISIC_4872000,IL_8455587,clinical: close-up,Malignant,BCC,55.0,female,head/neck
ISIC_6522135,IL_8455587,dermoscopic,Malignant,BCC,55.0,female,head/neck
ISIC_0151981,IL_8456514,clinical: close-up,Malignant,BCC,70.0,female,lower extremity
ISIC_0913648,IL_8456514,dermoscopic,Malignant,BCC,70.0,female,lower extremity
ISIC_1690729,IL_8459572,clinical: close-up,Malignant,BCC,60.0,female,upper extremity
ISIC_5093195,IL_8459572,dermoscopic,Malignant,BCC,60.0,female,upper extremity
ISIC_0084958,IL_8460509,clinical: close-up,Malignant,MEL,60.0,male,head/neck
ISIC_4082328,IL_8460509,dermoscopic,Malignant,MEL,60.0,male,head/neck
ISIC_4845673,IL_8461423,clinical: close-up,Malignant,BCC,70.0,male,head/neck
ISIC_5493908,IL_8461423,dermoscopic,Malignant,BCC,70.0,male,head/neck
ISIC_0553752,IL_8462731,clinical: close-up,Indeterminate,AKIEC,75.0,male,upper extremity
ISIC_3428486,IL_8462731,dermoscopic,Indeterminate,AKIEC,75.0,male,upper extremity
ISIC_6405124,IL_8464135,clinical: close-up,Malignant,BCC,85.0,male,head/neck
ISIC_6484641,IL_8464135,dermoscopic,Malignant,BCC,85.0,male,head/neck
ISIC_6193525,IL_8465058,clinical: close-up,Malignant,BCC,60.0,female,head/neck
ISIC_7621482,IL_8465058,dermoscopic,Malignant,BCC,60.0,female,head/neck
ISIC_5922496,IL_8466700,clinical: close-up,Benign,NV,80.0,male,
ISIC_7771236,IL_8466700,dermoscopic,Benign,NV,80.0,male,
ISIC_4379610,IL_8478424,clinical: close-up,Benign,NV,25.0,female,
ISIC_9611209,IL_8478424,dermoscopic,Benign,NV,25.0,female,
ISIC_2424286,IL_8480988,clinical: close-up,Malignant,AKIEC,80.0,male,
ISIC_0416329,IL_8480988,dermoscopic,Malignant,AKIEC,80.0,male,
ISIC_3759305,IL_8487012,clinical: close-up,Malignant,BCC,65.0,male,
ISIC_3799953,IL_8487012,dermoscopic,Malignant,BCC,65.0,male,
ISIC_0378928,IL_8491993,clinical: close-up,Benign,VASC,35.0,female,lower extremity
ISIC_1627498,IL_8491993,dermoscopic,Benign,VASC,35.0,female,lower extremity
ISIC_0950931,IL_8495529,clinical: close-up,Malignant,AKIEC,55.0,male,head/neck
ISIC_8741674,IL_8495529,dermoscopic,Malignant,AKIEC,55.0,male,head/neck
ISIC_7457508,IL_8497763,clinical: close-up,Malignant,SCCKA,50.0,female,
ISIC_2465614,IL_8497763,dermoscopic,Malignant,SCCKA,50.0,female,
ISIC_3042149,IL_8500079,clinical: close-up,Malignant,BCC,50.0,male,
ISIC_5772488,IL_8500079,dermoscopic,Malignant,BCC,50.0,male,
ISIC_6158597,IL_8500877,clinical: close-up,Malignant,SCCKA,80.0,male,upper extremity
ISIC_8946169,IL_8500877,dermoscopic,Malignant,SCCKA,80.0,male,upper extremity
ISIC_6363473,IL_8504644,clinical: close-up,Malignant,BCC,65.0,male,lower extremity
ISIC_7105876,IL_8504644,dermoscopic,Malignant,BCC,65.0,male,lower extremity
ISIC_6505724,IL_8505577,clinical: close-up,Benign,NV,55.0,female,
ISIC_6327728,IL_8505577,dermoscopic,Benign,NV,55.0,female,
ISIC_4639978,IL_8507702,clinical: close-up,Benign,BKL,50.0,male,lower extremity
ISIC_7241294,IL_8507702,dermoscopic,Benign,BKL,50.0,male,lower extremity
ISIC_8561129,IL_8507909,clinical: close-up,Malignant,BCC,75.0,male,
ISIC_6405078,IL_8507909,dermoscopic,Malignant,BCC,75.0,male,
ISIC_2994689,IL_8509050,clinical: close-up,Malignant,BCC,45.0,male,lower extremity
ISIC_1460872,IL_8509050,dermoscopic,Malignant,BCC,45.0,male,lower extremity
ISIC_8649670,IL_8515603,clinical: close-up,Malignant,SCCKA,65.0,male,head/neck
ISIC_8946719,IL_8515603,dermoscopic,Malignant,SCCKA,65.0,male,head/neck
ISIC_8638964,IL_8535894,clinical: close-up,Malignant,MEL,70.0,male,head/neck
ISIC_9777954,IL_8535894,dermoscopic,Malignant,MEL,70.0,male,head/neck
ISIC_4500149,IL_8538407,clinical: close-up,Malignant,BCC,75.0,male,head/neck
ISIC_7208610,IL_8538407,dermoscopic,Malignant,BCC,75.0,male,head/neck
ISIC_1298204,IL_8538421,clinical: close-up,Malignant,BCC,70.0,male,
ISIC_9215935,IL_8538421,dermoscopic,Malignant,BCC,70.0,male,
ISIC_7888608,IL_8540879,clinical: close-up,Benign,NV,80.0,female,upper extremity
ISIC_7987908,IL_8540879,dermoscopic,Benign,NV,80.0,female,upper extremity
ISIC_7759828,IL_8543215,clinical: close-up,Malignant,BCC,50.0,female,head/neck
ISIC_4523525,IL_8543215,dermoscopic,Malignant,BCC,50.0,female,head/neck
ISIC_8730307,IL_8544201,clinical: close-up,Malignant,BCC,55.0,male,upper extremity
ISIC_0146278,IL_8544201,dermoscopic,Malignant,BCC,55.0,male,upper extremity
ISIC_7535899,IL_8544444,clinical: close-up,Malignant,BCC,75.0,female,
ISIC_2202736,IL_8544444,dermoscopic,Malignant,BCC,75.0,female,
ISIC_9708941,IL_8548746,clinical: close-up,Malignant,BCC,50.0,male,
ISIC_2306278,IL_8548746,dermoscopic,Malignant,BCC,50.0,male,
ISIC_2336223,IL_8550472,clinical: close-up,Malignant,BCC,60.0,male,
ISIC_5935086,IL_8550472,dermoscopic,Malignant,BCC,60.0,male,
ISIC_4146816,IL_8553410,clinical: close-up,Malignant,BCC,65.0,male,head/neck
ISIC_7483655,IL_8553410,dermoscopic,Malignant,BCC,65.0,male,head/neck
ISIC_9925039,IL_8553966,clinical: close-up,Malignant,AKIEC,45.0,male,head/neck
ISIC_7038723,IL_8553966,dermoscopic,Malignant,AKIEC,45.0,male,head/neck
ISIC_8992188,IL_8554205,clinical: close-up,Malignant,BCC,70.0,male,head/neck
ISIC_8218617,IL_8554205,dermoscopic,Malignant,BCC,70.0,male,head/neck
ISIC_4237789,IL_8557195,clinical: close-up,Benign,BEN_OTH,25.0,female,head/neck
ISIC_4923934,IL_8557195,dermoscopic,Benign,BEN_OTH,25.0,female,head/neck
ISIC_2424786,IL_8565372,clinical: close-up,Malignant,BCC,80.0,female,head/neck
ISIC_4573337,IL_8565372,dermoscopic,Malignant,BCC,80.0,female,head/neck
ISIC_5466692,IL_8566175,clinical: close-up,Malignant,BCC,75.0,male,
ISIC_4780938,IL_8566175,dermoscopic,Malignant,BCC,75.0,male,
ISIC_7916990,IL_8568128,clinical: close-up,Malignant,BCC,60.0,male,head/neck
ISIC_9512388,IL_8568128,dermoscopic,Malignant,BCC,60.0,male,head/neck
ISIC_7575073,IL_8569561,clinical: close-up,Malignant,SCCKA,50.0,female,head/neck
ISIC_8178501,IL_8569561,dermoscopic,Malignant,SCCKA,50.0,female,head/neck
ISIC_3974863,IL_8569852,clinical: close-up,Malignant,BCC,70.0,male,upper extremity
ISIC_3331148,IL_8569852,dermoscopic,Malignant,BCC,70.0,male,upper extremity
ISIC_9316561,IL_8570577,clinical: close-up,Benign,NV,35.0,male,head/neck
ISIC_7974869,IL_8570577,dermoscopic,Benign,NV,35.0,male,head/neck
ISIC_4730750,IL_8572700,clinical: close-up,Malignant,BCC,80.0,male,head/neck
ISIC_2839614,IL_8572700,dermoscopic,Malignant,BCC,80.0,male,head/neck
ISIC_5622862,IL_8576220,clinical: close-up,Malignant,BCC,60.0,male,lower extremity
ISIC_4637440,IL_8576220,dermoscopic,Malignant,BCC,60.0,male,lower extremity
ISIC_9118975,IL_8577352,clinical: close-up,Malignant,BCC,60.0,male,lower extremity
ISIC_5036259,IL_8577352,dermoscopic,Malignant,BCC,60.0,male,lower extremity
ISIC_2006744,IL_8578513,clinical: close-up,Malignant,BCC,55.0,female,head/neck
ISIC_9849120,IL_8578513,dermoscopic,Malignant,BCC,55.0,female,head/neck
ISIC_1753112,IL_8578812,clinical: close-up,Malignant,AKIEC,65.0,male,head/neck
ISIC_2417592,IL_8578812,dermoscopic,Malignant,AKIEC,65.0,male,head/neck
ISIC_2614335,IL_8581204,clinical: close-up,Malignant,BCC,70.0,male,lower extremity
ISIC_0161474,IL_8581204,dermoscopic,Malignant,BCC,70.0,male,lower extremity
ISIC_3102604,IL_8581964,clinical: close-up,Malignant,BCC,60.0,female,lower extremity
ISIC_6678187,IL_8581964,dermoscopic,Malignant,BCC,60.0,female,lower extremity
ISIC_8570261,IL_8583674,clinical: close-up,Malignant,MEL,75.0,male,head/neck
ISIC_7454892,IL_8583674,dermoscopic,Malignant,MEL,75.0,male,head/neck
ISIC_6078911,IL_8588152,clinical: close-up,Malignant,MEL,45.0,male,
ISIC_9041525,IL_8588152,dermoscopic,Malignant,MEL,45.0,male,
ISIC_8846211,IL_8591988,clinical: close-up,Malignant,BCC,50.0,male,
ISIC_7472301,IL_8591988,dermoscopic,Malignant,BCC,50.0,male,
ISIC_0862809,IL_8601267,clinical: close-up,Malignant,BCC,50.0,female,
ISIC_6940173,IL_8601267,dermoscopic,Malignant,BCC,50.0,female,
ISIC_1473845,IL_8601984,clinical: close-up,Benign,NV,45.0,male,
ISIC_9701048,IL_8601984,dermoscopic,Benign,NV,45.0,male,
ISIC_2964593,IL_8602598,clinical: close-up,Malignant,BCC,60.0,female,
ISIC_1073412,IL_8602598,dermoscopic,Malignant,BCC,60.0,female,
ISIC_7017469,IL_8606392,clinical: close-up,Benign,BEN_OTH,65.0,male,head/neck
ISIC_4235697,IL_8606392,dermoscopic,Benign,BEN_OTH,65.0,male,head/neck
ISIC_2113163,IL_8608497,clinical: close-up,Benign,NV,35.0,female,
ISIC_7188705,IL_8608497,dermoscopic,Benign,NV,35.0,female,
ISIC_9974916,IL_8610456,clinical: close-up,Malignant,BCC,55.0,male,head/neck
ISIC_5070126,IL_8610456,dermoscopic,Malignant,BCC,55.0,male,head/neck
ISIC_6806797,IL_8611519,clinical: close-up,Benign,NV,75.0,male,head/neck
ISIC_4733269,IL_8611519,dermoscopic,Benign,NV,75.0,male,head/neck
ISIC_4205403,IL_8612216,clinical: close-up,Malignant,BCC,70.0,female,upper extremity
ISIC_3247057,IL_8612216,dermoscopic,Malignant,BCC,70.0,female,upper extremity
ISIC_2655630,IL_8613876,clinical: close-up,Malignant,BCC,45.0,female,head/neck
ISIC_7318590,IL_8613876,dermoscopic,Malignant,BCC,45.0,female,head/neck
ISIC_2649421,IL_8618190,clinical: close-up,Malignant,SCCKA,65.0,male,head/neck
ISIC_2900622,IL_8618190,dermoscopic,Malignant,SCCKA,65.0,male,head/neck
ISIC_4907310,IL_8618325,clinical: close-up,Malignant,BCC,40.0,female,head/neck
ISIC_5018463,IL_8618325,dermoscopic,Malignant,BCC,40.0,female,head/neck
ISIC_2756867,IL_8619767,clinical: close-up,Malignant,BCC,75.0,male,
ISIC_2550058,IL_8619767,dermoscopic,Malignant,BCC,75.0,male,
ISIC_4358555,IL_8621198,clinical: close-up,Malignant,MEL,65.0,female,lower extremity
ISIC_0651228,IL_8621198,dermoscopic,Malignant,MEL,65.0,female,lower extremity
ISIC_9389123,IL_8622725,clinical: close-up,Benign,NV,50.0,female,lower extremity
ISIC_8186630,IL_8622725,dermoscopic,Benign,NV,50.0,female,lower extremity
ISIC_8912227,IL_8623276,clinical: close-up,Benign,NV,10.0,female,lower extremity
ISIC_3032936,IL_8623276,dermoscopic,Benign,NV,10.0,female,lower extremity
ISIC_1492844,IL_8626747,clinical: close-up,Benign,NV,20.0,female,
ISIC_2298923,IL_8626747,dermoscopic,Benign,NV,20.0,female,
ISIC_1275047,IL_8630897,clinical: close-up,Benign,BKL,60.0,female,upper extremity
ISIC_6458884,IL_8630897,dermoscopic,Benign,BKL,60.0,female,upper extremity
ISIC_8769148,IL_8637878,clinical: close-up,Malignant,BCC,60.0,male,
ISIC_5463407,IL_8637878,dermoscopic,Malignant,BCC,60.0,male,
ISIC_8913904,IL_8638441,clinical: close-up,Malignant,BCC,65.0,male,upper extremity
ISIC_5283239,IL_8638441,dermoscopic,Malignant,BCC,65.0,male,upper extremity
ISIC_2332805,IL_8642808,clinical: close-up,Malignant,BCC,65.0,female,upper extremity
ISIC_2046323,IL_8642808,dermoscopic,Malignant,BCC,65.0,female,upper extremity
ISIC_3401455,IL_8643718,clinical: close-up,Malignant,MEL,85.0,male,head/neck
ISIC_5126567,IL_8643718,dermoscopic,Malignant,MEL,85.0,male,head/neck
ISIC_3881302,IL_8644938,clinical: close-up,Malignant,SCCKA,65.0,male,upper extremity
ISIC_1329438,IL_8644938,dermoscopic,Malignant,SCCKA,65.0,male,upper extremity
ISIC_7822239,IL_8646739,clinical: close-up,Malignant,BCC,65.0,male,upper extremity
ISIC_7473131,IL_8646739,dermoscopic,Malignant,BCC,65.0,male,upper extremity
ISIC_7277605,IL_8647582,clinical: close-up,Benign,BKL,55.0,female,lower extremity
ISIC_2569198,IL_8647582,dermoscopic,Benign,BKL,55.0,female,lower extremity
ISIC_9529544,IL_8647816,clinical: close-up,Malignant,BCC,70.0,female,lower extremity
ISIC_5145664,IL_8647816,dermoscopic,Malignant,BCC,70.0,female,lower extremity
ISIC_5995507,IL_8650225,clinical: close-up,Malignant,SCCKA,70.0,male,lower extremity
ISIC_5866836,IL_8650225,dermoscopic,Malignant,SCCKA,70.0,male,lower extremity
ISIC_2133291,IL_8657794,clinical: close-up,Malignant,SCCKA,60.0,male,upper extremity
ISIC_2927179,IL_8657794,dermoscopic,Malignant,SCCKA,60.0,male,upper extremity
ISIC_3485059,IL_8658177,clinical: close-up,Benign,BKL,80.0,female,head/neck
ISIC_3405243,IL_8658177,dermoscopic,Benign,BKL,80.0,female,head/neck
ISIC_4352757,IL_8662195,clinical: close-up,Malignant,BCC,70.0,male,upper extremity
ISIC_8035327,IL_8662195,dermoscopic,Malignant,BCC,70.0,male,upper extremity
ISIC_1236473,IL_8662506,clinical: close-up,Benign,BKL,45.0,male,
ISIC_2320042,IL_8662506,dermoscopic,Benign,BKL,45.0,male,
ISIC_7739032,IL_8663536,clinical: close-up,Malignant,MEL,50.0,male,
ISIC_1074795,IL_8663536,dermoscopic,Malignant,MEL,50.0,male,
ISIC_6048736,IL_8666651,clinical: close-up,Benign,NV,30.0,male,
ISIC_1607500,IL_8666651,dermoscopic,Benign,NV,30.0,male,
ISIC_3359951,IL_8674399,clinical: close-up,Malignant,BCC,65.0,female,
ISIC_4444955,IL_8674399,dermoscopic,Malignant,BCC,65.0,female,
ISIC_2121573,IL_8675438,clinical: close-up,Malignant,BCC,65.0,male,
ISIC_1159427,IL_8675438,dermoscopic,Malignant,BCC,65.0,male,
ISIC_6968104,IL_8678010,clinical: close-up,Malignant,BCC,65.0,male,
ISIC_3022005,IL_8678010,dermoscopic,Malignant,BCC,65.0,male,
ISIC_4504390,IL_8679455,clinical: close-up,Malignant,BCC,60.0,male,upper extremity
ISIC_4481385,IL_8679455,dermoscopic,Malignant,BCC,60.0,male,upper extremity
ISIC_8963623,IL_8681344,clinical: close-up,Malignant,MEL,70.0,female,
ISIC_4788552,IL_8681344,dermoscopic,Malignant,MEL,70.0,female,
ISIC_7844119,IL_8683855,clinical: close-up,Malignant,BCC,85.0,male,upper extremity
ISIC_5427398,IL_8683855,dermoscopic,Malignant,BCC,85.0,male,upper extremity
ISIC_9263681,IL_8689446,clinical: close-up,Indeterminate,AKIEC,80.0,male,head/neck
ISIC_9445672,IL_8689446,dermoscopic,Indeterminate,AKIEC,80.0,male,head/neck
ISIC_4952289,IL_8692782,clinical: close-up,Malignant,BCC,45.0,male,lower extremity
ISIC_7918518,IL_8692782,dermoscopic,Malignant,BCC,45.0,male,lower extremity
ISIC_5633193,IL_8695505,clinical: close-up,Benign,NV,55.0,male,
ISIC_1491798,IL_8695505,dermoscopic,Benign,NV,55.0,male,
ISIC_3759344,IL_8698516,clinical: close-up,Benign,INF,30.0,male,oral/genital
ISIC_3860071,IL_8698516,dermoscopic,Benign,INF,30.0,male,oral/genital
ISIC_0643281,IL_8702046,clinical: close-up,Malignant,SCCKA,70.0,male,head/neck
ISIC_8642318,IL_8702046,dermoscopic,Malignant,SCCKA,70.0,male,head/neck
ISIC_2941016,IL_8702117,clinical: close-up,Malignant,BCC,80.0,male,
ISIC_0897372,IL_8702117,dermoscopic,Malignant,BCC,80.0,male,
ISIC_7145117,IL_8703940,clinical: close-up,Malignant,SCCKA,45.0,male,upper extremity
ISIC_0116442,IL_8703940,dermoscopic,Malignant,SCCKA,45.0,male,upper extremity
ISIC_6191797,IL_8706105,clinical: close-up,Malignant,BCC,50.0,female,lower extremity
ISIC_0082638,IL_8706105,dermoscopic,Malignant,BCC,50.0,female,lower extremity
ISIC_2030190,IL_8711548,clinical: close-up,Benign,BKL,60.0,female,
ISIC_1955962,IL_8711548,dermoscopic,Benign,BKL,60.0,female,
ISIC_4139755,IL_8711838,clinical: close-up,Malignant,BCC,75.0,male,
ISIC_3735481,IL_8711838,dermoscopic,Malignant,BCC,75.0,male,
ISIC_1936494,IL_8713171,clinical: close-up,Malignant,BCC,70.0,male,
ISIC_1199167,IL_8713171,dermoscopic,Malignant,BCC,70.0,male,
ISIC_0542450,IL_8714765,clinical: close-up,Benign,BKL,75.0,female,upper extremity
ISIC_7675736,IL_8714765,dermoscopic,Benign,BKL,75.0,female,upper extremity
ISIC_1285977,IL_8716299,clinical: close-up,Benign,BKL,45.0,male,upper extremity
ISIC_2568976,IL_8716299,dermoscopic,Benign,BKL,45.0,male,upper extremity
ISIC_9797265,IL_8717683,clinical: close-up,Benign,NV,55.0,female,
ISIC_9714916,IL_8717683,dermoscopic,Benign,NV,55.0,female,
ISIC_5657666,IL_8719061,clinical: close-up,Malignant,BCC,60.0,female,
ISIC_8890680,IL_8719061,dermoscopic,Malignant,BCC,60.0,female,
ISIC_2167116,IL_8720951,clinical: close-up,Benign,BKL,85.0,female,head/neck
ISIC_4891216,IL_8720951,dermoscopic,Benign,BKL,85.0,female,head/neck
ISIC_9075056,IL_8723146,clinical: close-up,Benign,BKL,60.0,male,head/neck
ISIC_2340494,IL_8723146,dermoscopic,Benign,BKL,60.0,male,head/neck
ISIC_6847081,IL_8725130,clinical: close-up,Benign,BKL,70.0,female,
ISIC_8059473,IL_8725130,dermoscopic,Benign,BKL,70.0,female,
ISIC_9641700,IL_8726676,clinical: close-up,Malignant,SCCKA,55.0,male,upper extremity
ISIC_5042080,IL_8726676,dermoscopic,Malignant,SCCKA,55.0,male,upper extremity
ISIC_4028106,IL_8727543,clinical: close-up,Benign,BEN_OTH,55.0,female,
ISIC_1136271,IL_8727543,dermoscopic,Benign,BEN_OTH,55.0,female,
ISIC_9915322,IL_8736766,clinical: close-up,Malignant,BCC,50.0,male,head/neck
ISIC_6955501,IL_8736766,dermoscopic,Malignant,BCC,50.0,male,head/neck
ISIC_6601890,IL_8747849,clinical: close-up,Benign,NV,75.0,male,head/neck
ISIC_5157183,IL_8747849,dermoscopic,Benign,NV,75.0,male,head/neck
ISIC_4421204,IL_8752697,clinical: close-up,Malignant,SCCKA,80.0,male,head/neck
ISIC_2209183,IL_8752697,dermoscopic,Malignant,SCCKA,80.0,male,head/neck
ISIC_2444876,IL_8756948,clinical: close-up,Malignant,BCC,85.0,female,lower extremity
ISIC_2426257,IL_8756948,dermoscopic,Malignant,BCC,85.0,female,lower extremity
ISIC_7031050,IL_8758907,clinical: close-up,Malignant,BCC,65.0,female,
ISIC_6272354,IL_8758907,dermoscopic,Malignant,BCC,65.0,female,
ISIC_2953977,IL_8760239,clinical: close-up,Malignant,BCC,85.0,female,head/neck
ISIC_9826615,IL_8760239,dermoscopic,Malignant,BCC,85.0,female,head/neck
ISIC_0612028,IL_8762954,clinical: close-up,Malignant,BCC,75.0,female,head/neck
ISIC_5480309,IL_8762954,dermoscopic,Malignant,BCC,75.0,female,head/neck
ISIC_8898834,IL_8767965,clinical: close-up,Indeterminate,AKIEC,70.0,male,head/neck
ISIC_2368450,IL_8767965,dermoscopic,Indeterminate,AKIEC,70.0,male,head/neck
ISIC_7670245,IL_8783042,clinical: close-up,Malignant,BCC,55.0,male,
ISIC_9597152,IL_8783042,dermoscopic,Malignant,BCC,55.0,male,
ISIC_8518612,IL_8783670,clinical: close-up,Malignant,BCC,60.0,female,lower extremity
ISIC_3596524,IL_8783670,dermoscopic,Malignant,BCC,60.0,female,lower extremity
ISIC_3536529,IL_8784837,clinical: close-up,Malignant,SCCKA,45.0,female,head/neck
ISIC_3178739,IL_8784837,dermoscopic,Malignant,SCCKA,45.0,female,head/neck
ISIC_0440292,IL_8788016,clinical: close-up,Malignant,BCC,60.0,male,head/neck
ISIC_3094600,IL_8788016,dermoscopic,Malignant,BCC,60.0,male,head/neck
ISIC_8588817,IL_8788883,clinical: close-up,Benign,BKL,35.0,female,
ISIC_1749046,IL_8788883,dermoscopic,Benign,BKL,35.0,female,
ISIC_7110194,IL_8790863,clinical: close-up,Benign,BKL,45.0,male,upper extremity
ISIC_6769979,IL_8790863,dermoscopic,Benign,BKL,45.0,male,upper extremity
ISIC_0547765,IL_8793301,clinical: close-up,Malignant,AKIEC,50.0,male,upper extremity
ISIC_8802957,IL_8793301,dermoscopic,Malignant,AKIEC,50.0,male,upper extremity
ISIC_7399251,IL_8803533,clinical: close-up,Malignant,SCCKA,70.0,female,upper extremity
ISIC_5424675,IL_8803533,dermoscopic,Malignant,SCCKA,70.0,female,upper extremity
ISIC_5476166,IL_8808528,clinical: close-up,Malignant,MEL,80.0,male,
ISIC_7214986,IL_8808528,dermoscopic,Malignant,MEL,80.0,male,
ISIC_1943932,IL_8814250,clinical: close-up,Malignant,SCCKA,85.0,female,head/neck
ISIC_2240759,IL_8814250,dermoscopic,Malignant,SCCKA,85.0,female,head/neck
ISIC_0250211,IL_8819924,clinical: close-up,Malignant,BCC,80.0,male,
ISIC_9281043,IL_8819924,dermoscopic,Malignant,BCC,80.0,male,
ISIC_8239142,IL_8821899,clinical: close-up,Malignant,BCC,85.0,male,
ISIC_1664514,IL_8821899,dermoscopic,Malignant,BCC,85.0,male,
ISIC_4474700,IL_8823164,clinical: close-up,Malignant,BCC,70.0,male,head/neck
ISIC_2925612,IL_8823164,dermoscopic,Malignant,BCC,70.0,male,head/neck
ISIC_5725725,IL_8824711,clinical: close-up,Malignant,BCC,70.0,female,head/neck
ISIC_1217694,IL_8824711,dermoscopic,Malignant,BCC,70.0,female,head/neck
ISIC_0881138,IL_8826018,clinical: close-up,Malignant,BCC,25.0,female,
ISIC_9250781,IL_8826018,dermoscopic,Malignant,BCC,25.0,female,
ISIC_9430903,IL_8839163,clinical: close-up,Malignant,BCC,85.0,female,
ISIC_8433656,IL_8839163,dermoscopic,Malignant,BCC,85.0,female,
ISIC_6625361,IL_8843384,clinical: close-up,Benign,NV,25.0,female,lower extremity
ISIC_0422017,IL_8843384,dermoscopic,Benign,NV,25.0,female,lower extremity
ISIC_0552851,IL_8845564,clinical: close-up,Malignant,SCCKA,85.0,male,head/neck
ISIC_4235290,IL_8845564,dermoscopic,Malignant,SCCKA,85.0,male,head/neck
ISIC_7600832,IL_8845602,clinical: close-up,Malignant,BCC,70.0,male,head/neck
ISIC_8618352,IL_8845602,dermoscopic,Malignant,BCC,70.0,male,head/neck
ISIC_5201104,IL_8850331,clinical: close-up,Malignant,MEL,80.0,female,
ISIC_8874166,IL_8850331,dermoscopic,Malignant,MEL,80.0,female,
ISIC_4396652,IL_8853986,clinical: close-up,Benign,BKL,65.0,male,head/neck
ISIC_5093862,IL_8853986,dermoscopic,Benign,BKL,65.0,male,head/neck
ISIC_3177059,IL_8854327,clinical: close-up,Malignant,BCC,60.0,female,
ISIC_0645934,IL_8854327,dermoscopic,Malignant,BCC,60.0,female,
ISIC_0093389,IL_8854625,clinical: close-up,Malignant,BCC,75.0,male,
ISIC_1649481,IL_8854625,dermoscopic,Malignant,BCC,75.0,male,
ISIC_6217593,IL_8855847,clinical: close-up,Malignant,BCC,60.0,male,
ISIC_8708228,IL_8855847,dermoscopic,Malignant,BCC,60.0,male,
ISIC_7147780,IL_8859314,clinical: close-up,Malignant,BCC,70.0,male,head/neck
ISIC_6795963,IL_8859314,dermoscopic,Malignant,BCC,70.0,male,head/neck
ISIC_2598676,IL_8861890,clinical: close-up,Malignant,BCC,65.0,male,
ISIC_7902320,IL_8861890,dermoscopic,Malignant,BCC,65.0,male,
ISIC_9579385,IL_8863654,clinical: close-up,Benign,BKL,55.0,female,
ISIC_8134181,IL_8863654,dermoscopic,Benign,BKL,55.0,female,
ISIC_9276888,IL_8864623,clinical: close-up,Malignant,SCCKA,80.0,male,head/neck
ISIC_3113033,IL_8864623,dermoscopic,Malignant,SCCKA,80.0,male,head/neck
ISIC_5205716,IL_8875677,clinical: close-up,Indeterminate,AKIEC,85.0,male,
ISIC_0650927,IL_8875677,dermoscopic,Indeterminate,AKIEC,85.0,male,
ISIC_1922750,IL_8876337,clinical: close-up,Malignant,BCC,45.0,male,lower extremity
ISIC_4349004,IL_8876337,dermoscopic,Malignant,BCC,45.0,male,lower extremity
ISIC_9921386,IL_8877629,clinical: close-up,Benign,BKL,70.0,male,head/neck
ISIC_5932820,IL_8877629,dermoscopic,Benign,BKL,70.0,male,head/neck
ISIC_6246297,IL_8880456,clinical: close-up,Benign,NV,35.0,female,upper extremity
ISIC_2973607,IL_8880456,dermoscopic,Benign,NV,35.0,female,upper extremity
ISIC_4949753,IL_8887845,clinical: close-up,Benign,NV,25.0,male,head/neck
ISIC_5372934,IL_8887845,dermoscopic,Benign,NV,25.0,male,head/neck
ISIC_2148749,IL_8890308,clinical: close-up,Malignant,SCCKA,60.0,male,head/neck
ISIC_9918302,IL_8890308,dermoscopic,Malignant,SCCKA,60.0,male,head/neck
ISIC_3685271,IL_8890453,clinical: close-up,Benign,NV,25.0,male,lower extremity
ISIC_1326092,IL_8890453,dermoscopic,Benign,NV,25.0,male,lower extremity
ISIC_9272344,IL_8891423,clinical: close-up,Benign,NV,45.0,female,
ISIC_8470224,IL_8891423,dermoscopic,Benign,NV,45.0,female,
ISIC_8898285,IL_8892581,clinical: close-up,Malignant,SCCKA,80.0,male,lower extremity
ISIC_3905157,IL_8892581,dermoscopic,Malignant,SCCKA,80.0,male,lower extremity
ISIC_2566720,IL_8893510,clinical: close-up,Indeterminate,AKIEC,70.0,male,head/neck
ISIC_1208071,IL_8893510,dermoscopic,Indeterminate,AKIEC,70.0,male,head/neck
ISIC_9815898,IL_8893522,clinical: close-up,Benign,NV,30.0,female,
ISIC_7042940,IL_8893522,dermoscopic,Benign,NV,30.0,female,
ISIC_6518344,IL_8894950,clinical: close-up,Malignant,BCC,60.0,male,head/neck
ISIC_7535768,IL_8894950,dermoscopic,Malignant,BCC,60.0,male,head/neck
ISIC_1398271,IL_8903764,clinical: close-up,Indeterminate,AKIEC,70.0,male,head/neck
ISIC_7885691,IL_8903764,dermoscopic,Indeterminate,AKIEC,70.0,male,head/neck
ISIC_8113702,IL_8908533,clinical: close-up,Malignant,BCC,75.0,female,upper extremity
ISIC_0974866,IL_8908533,dermoscopic,Malignant,BCC,75.0,female,upper extremity
ISIC_4560708,IL_8908582,clinical: close-up,Malignant,BCC,70.0,female,lower extremity
ISIC_2724480,IL_8908582,dermoscopic,Malignant,BCC,70.0,female,lower extremity
ISIC_3303508,IL_8918294,clinical: close-up,Malignant,BCC,70.0,male,head/neck
ISIC_0715665,IL_8918294,dermoscopic,Malignant,BCC,70.0,male,head/neck
ISIC_1148803,IL_8918323,clinical: close-up,Benign,BKL,50.0,female,upper extremity
ISIC_5997052,IL_8918323,dermoscopic,Benign,BKL,50.0,female,upper extremity
ISIC_0324439,IL_8922194,clinical: close-up,Malignant,BCC,55.0,male,
ISIC_8472225,IL_8922194,dermoscopic,Malignant,BCC,55.0,male,
ISIC_2440553,IL_8925719,clinical: close-up,Malignant,BCC,85.0,male,head/neck
ISIC_2202519,IL_8925719,dermoscopic,Malignant,BCC,85.0,male,head/neck
ISIC_3567810,IL_8927794,clinical: close-up,Malignant,BCC,85.0,female,lower extremity
ISIC_7105949,IL_8927794,dermoscopic,Malignant,BCC,85.0,female,lower extremity
ISIC_8253140,IL_8931844,clinical: close-up,Benign,NV,40.0,female,
ISIC_0373682,IL_8931844,dermoscopic,Benign,NV,40.0,female,
ISIC_6576920,IL_8932098,clinical: close-up,Malignant,BCC,60.0,male,
ISIC_2311991,IL_8932098,dermoscopic,Malignant,BCC,60.0,male,
ISIC_1176432,IL_8933396,clinical: close-up,Benign,DF,50.0,female,lower extremity
ISIC_8981897,IL_8933396,dermoscopic,Benign,DF,50.0,female,lower extremity
ISIC_9725650,IL_8939898,clinical: close-up,Malignant,SCCKA,55.0,male,head/neck
ISIC_9098782,IL_8939898,dermoscopic,Malignant,SCCKA,55.0,male,head/neck
ISIC_6080382,IL_8946416,clinical: close-up,Benign,BEN_OTH,85.0,male,lower extremity
ISIC_8137029,IL_8946416,dermoscopic,Benign,BEN_OTH,85.0,male,lower extremity
ISIC_8419830,IL_8950937,clinical: close-up,Benign,NV,20.0,female,lower extremity
ISIC_6751355,IL_8950937,dermoscopic,Benign,NV,20.0,female,lower extremity
ISIC_8908980,IL_8951938,clinical: close-up,Malignant,BCC,85.0,male,
ISIC_4935816,IL_8951938,dermoscopic,Malignant,BCC,85.0,male,
ISIC_2920020,IL_8954957,clinical: close-up,Malignant,BCC,50.0,female,lower extremity
ISIC_8448006,IL_8954957,dermoscopic,Malignant,BCC,50.0,female,lower extremity
ISIC_7805543,IL_8957515,clinical: close-up,Malignant,SCCKA,70.0,male,lower extremity
ISIC_8686696,IL_8957515,dermoscopic,Malignant,SCCKA,70.0,male,lower extremity
ISIC_9552881,IL_8962270,clinical: close-up,Benign,NV,10.0,female,upper extremity
ISIC_5950652,IL_8962270,dermoscopic,Benign,NV,10.0,female,upper extremity
ISIC_6629495,IL_8973483,clinical: close-up,Malignant,SCCKA,60.0,male,head/neck
ISIC_5328474,IL_8973483,dermoscopic,Malignant,SCCKA,60.0,male,head/neck
ISIC_9812504,IL_8976985,clinical: close-up,Malignant,BCC,75.0,female,head/neck
ISIC_2184268,IL_8976985,dermoscopic,Malignant,BCC,75.0,female,head/neck
ISIC_8284395,IL_8983305,clinical: close-up,Malignant,BCC,65.0,male,
ISIC_7365593,IL_8983305,dermoscopic,Malignant,BCC,65.0,male,
ISIC_9541260,IL_8984570,clinical: close-up,Malignant,MEL,60.0,male,head/neck
ISIC_1845922,IL_8984570,dermoscopic,Malignant,MEL,60.0,male,head/neck
ISIC_6455546,IL_8987309,clinical: close-up,Indeterminate,AKIEC,70.0,male,head/neck
ISIC_0664879,IL_8987309,dermoscopic,Indeterminate,AKIEC,70.0,male,head/neck
ISIC_0411043,IL_8988340,clinical: close-up,Malignant,AKIEC,70.0,female,lower extremity
ISIC_6401647,IL_8988340,dermoscopic,Malignant,AKIEC,70.0,female,lower extremity
ISIC_0845014,IL_8991771,clinical: close-up,Malignant,SCCKA,75.0,male,lower extremity
ISIC_1111477,IL_8991771,dermoscopic,Malignant,SCCKA,75.0,male,lower extremity
ISIC_3770484,IL_8993407,clinical: close-up,Malignant,BCC,75.0,female,head/neck
ISIC_2264421,IL_8993407,dermoscopic,Malignant,BCC,75.0,female,head/neck
ISIC_8436161,IL_8994291,clinical: close-up,Malignant,BCC,80.0,male,head/neck
ISIC_2506667,IL_8994291,dermoscopic,Malignant,BCC,80.0,male,head/neck
ISIC_8015470,IL_9003508,clinical: close-up,Malignant,MEL,75.0,male,
ISIC_3933164,IL_9003508,dermoscopic,Malignant,MEL,75.0,male,
ISIC_7852805,IL_9005268,clinical: close-up,Malignant,BCC,85.0,male,lower extremity
ISIC_6910029,IL_9005268,dermoscopic,Malignant,BCC,85.0,male,lower extremity
ISIC_4407741,IL_9007318,clinical: close-up,Malignant,SCCKA,50.0,female,lower extremity
ISIC_6639016,IL_9007318,dermoscopic,Malignant,SCCKA,50.0,female,lower extremity
ISIC_6217625,IL_9010382,clinical: close-up,Benign,BKL,65.0,male,head/neck
ISIC_0770326,IL_9010382,dermoscopic,Benign,BKL,65.0,male,head/neck
ISIC_1636685,IL_9013946,clinical: close-up,Malignant,MEL,50.0,male,
ISIC_2305541,IL_9013946,dermoscopic,Malignant,MEL,50.0,male,
ISIC_6598411,IL_9017752,clinical: close-up,Malignant,MEL,30.0,female,lower extremity
ISIC_3210975,IL_9017752,dermoscopic,Malignant,MEL,30.0,female,lower extremity
ISIC_2362668,IL_9018029,clinical: close-up,Indeterminate,AKIEC,60.0,female,head/neck
ISIC_6715416,IL_9018029,dermoscopic,Indeterminate,AKIEC,60.0,female,head/neck
ISIC_0785356,IL_9021517,clinical: close-up,Malignant,MEL,65.0,male,
ISIC_4235575,IL_9021517,dermoscopic,Malignant,MEL,65.0,male,
ISIC_9570026,IL_9025368,clinical: close-up,Malignant,AKIEC,80.0,female,head/neck
ISIC_1892349,IL_9025368,dermoscopic,Malignant,AKIEC,80.0,female,head/neck
ISIC_5349431,IL_9029664,clinical: close-up,Malignant,MEL,70.0,male,
ISIC_4563142,IL_9029664,dermoscopic,Malignant,MEL,70.0,male,
ISIC_7016980,IL_9031003,clinical: close-up,Malignant,BCC,70.0,female,head/neck
ISIC_4231378,IL_9031003,dermoscopic,Malignant,BCC,70.0,female,head/neck
ISIC_2700916,IL_9032748,clinical: close-up,Malignant,AKIEC,55.0,female,upper extremity
ISIC_1891312,IL_9032748,dermoscopic,Malignant,AKIEC,55.0,female,upper extremity
ISIC_1330625,IL_9035179,clinical: close-up,Indeterminate,AKIEC,50.0,female,head/neck
ISIC_9939897,IL_9035179,dermoscopic,Indeterminate,AKIEC,50.0,female,head/neck
ISIC_1547758,IL_9035810,clinical: close-up,Malignant,SCCKA,60.0,female,upper extremity
ISIC_3513521,IL_9035810,dermoscopic,Malignant,SCCKA,60.0,female,upper extremity
ISIC_8865829,IL_9038692,clinical: close-up,Malignant,SCCKA,70.0,male,head/neck
ISIC_2457583,IL_9038692,dermoscopic,Malignant,SCCKA,70.0,male,head/neck
ISIC_6260438,IL_9041590,clinical: close-up,Malignant,BCC,65.0,male,head/neck
ISIC_2645316,IL_9041590,dermoscopic,Malignant,BCC,65.0,male,head/neck
ISIC_5553426,IL_9052165,clinical: close-up,Malignant,BCC,60.0,female,
ISIC_5990006,IL_9052165,dermoscopic,Malignant,BCC,60.0,female,
ISIC_6851212,IL_9057925,clinical: close-up,Benign,NV,70.0,male,
ISIC_0174869,IL_9057925,dermoscopic,Benign,NV,70.0,male,
ISIC_7913133,IL_9063052,clinical: close-up,Malignant,BCC,60.0,male,head/neck
ISIC_0634232,IL_9063052,dermoscopic,Malignant,BCC,60.0,male,head/neck
ISIC_6871088,IL_9064391,clinical: close-up,Malignant,BCC,75.0,male,
ISIC_0506795,IL_9064391,dermoscopic,Malignant,BCC,75.0,male,
ISIC_9237488,IL_9064607,clinical: close-up,Benign,BKL,45.0,male,lower extremity
ISIC_6933070,IL_9064607,dermoscopic,Benign,BKL,45.0,male,lower extremity
ISIC_0669812,IL_9066229,clinical: close-up,Malignant,SCCKA,60.0,female,lower extremity
ISIC_3395847,IL_9066229,dermoscopic,Malignant,SCCKA,60.0,female,lower extremity
ISIC_1396973,IL_9067447,clinical: close-up,Malignant,AKIEC,80.0,male,upper extremity
ISIC_5993206,IL_9067447,dermoscopic,Malignant,AKIEC,80.0,male,upper extremity
ISIC_4205802,IL_9070034,clinical: close-up,Benign,BKL,85.0,male,upper extremity
ISIC_9209458,IL_9070034,dermoscopic,Benign,BKL,85.0,male,upper extremity
ISIC_9165967,IL_9070099,clinical: close-up,Malignant,SCCKA,70.0,male,upper extremity
ISIC_6856028,IL_9070099,dermoscopic,Malignant,SCCKA,70.0,male,upper extremity
ISIC_6831946,IL_9072038,clinical: close-up,Malignant,BCC,85.0,male,lower extremity
ISIC_2134211,IL_9072038,dermoscopic,Malignant,BCC,85.0,male,lower extremity
ISIC_8933202,IL_9075898,clinical: close-up,Malignant,SCCKA,70.0,male,head/neck
ISIC_7109494,IL_9075898,dermoscopic,Malignant,SCCKA,70.0,male,head/neck
ISIC_9532297,IL_9077071,clinical: close-up,Malignant,BCC,75.0,male,lower extremity
ISIC_7888447,IL_9077071,dermoscopic,Malignant,BCC,75.0,male,lower extremity
ISIC_4122077,IL_9083220,clinical: close-up,Malignant,BCC,80.0,male,
ISIC_0101062,IL_9083220,dermoscopic,Malignant,BCC,80.0,male,
ISIC_2078663,IL_9084119,clinical: close-up,Benign,NV,45.0,female,upper extremity
ISIC_6374674,IL_9084119,dermoscopic,Benign,NV,45.0,female,upper extremity
ISIC_7287192,IL_9086799,clinical: close-up,Malignant,SCCKA,70.0,male,upper extremity
ISIC_0872261,IL_9086799,dermoscopic,Malignant,SCCKA,70.0,male,upper extremity
ISIC_1424339,IL_9086913,clinical: close-up,Malignant,SCCKA,80.0,female,lower extremity
ISIC_2212922,IL_9086913,dermoscopic,Malignant,SCCKA,80.0,female,lower extremity
ISIC_5558301,IL_9087461,clinical: close-up,Malignant,SCCKA,70.0,female,lower extremity
ISIC_7259000,IL_9087461,dermoscopic,Malignant,SCCKA,70.0,female,lower extremity
ISIC_9271454,IL_9088569,clinical: close-up,Malignant,SCCKA,75.0,male,
ISIC_6965635,IL_9088569,dermoscopic,Malignant,SCCKA,75.0,male,
ISIC_3070709,IL_9092829,clinical: close-up,Malignant,BCC,75.0,male,
ISIC_4890139,IL_9092829,dermoscopic,Malignant,BCC,75.0,male,
ISIC_8547720,IL_9094394,clinical: close-up,Malignant,BCC,55.0,female,
ISIC_9978058,IL_9094394,dermoscopic,Malignant,BCC,55.0,female,
ISIC_4897116,IL_9095433,clinical: close-up,Malignant,BCC,80.0,male,head/neck
ISIC_9483507,IL_9095433,dermoscopic,Malignant,BCC,80.0,male,head/neck
ISIC_9550550,IL_9101590,clinical: close-up,Malignant,BCC,80.0,female,
ISIC_7925520,IL_9101590,dermoscopic,Malignant,BCC,80.0,female,
ISIC_6122024,IL_9101838,clinical: close-up,Malignant,BCC,75.0,female,
ISIC_1832093,IL_9101838,dermoscopic,Malignant,BCC,75.0,female,
ISIC_7687096,IL_9102116,clinical: close-up,Benign,NV,15.0,female,
ISIC_3832062,IL_9102116,dermoscopic,Benign,NV,15.0,female,
ISIC_3508395,IL_9109267,clinical: close-up,Benign,NV,45.0,female,lower extremity
ISIC_1715773,IL_9109267,dermoscopic,Benign,NV,45.0,female,lower extremity
ISIC_6455103,IL_9113822,clinical: close-up,Malignant,BCC,75.0,male,head/neck
ISIC_4185473,IL_9113822,dermoscopic,Malignant,BCC,75.0,male,head/neck
ISIC_2233970,IL_9122534,clinical: close-up,Malignant,BCC,50.0,male,upper extremity
ISIC_4803004,IL_9122534,dermoscopic,Malignant,BCC,50.0,male,upper extremity
ISIC_4393750,IL_9124015,clinical: close-up,Malignant,BCC,85.0,male,
ISIC_3394938,IL_9124015,dermoscopic,Malignant,BCC,85.0,male,
ISIC_6767738,IL_9124411,clinical: close-up,Benign,BKL,60.0,male,
ISIC_8054499,IL_9124411,dermoscopic,Benign,BKL,60.0,male,
ISIC_9322304,IL_9125215,clinical: close-up,Malignant,BCC,75.0,male,
ISIC_6654586,IL_9125215,dermoscopic,Malignant,BCC,75.0,male,
ISIC_3573447,IL_9126795,clinical: close-up,Malignant,BCC,65.0,male,upper extremity
ISIC_9249196,IL_9126795,dermoscopic,Malignant,BCC,65.0,male,upper extremity
ISIC_8916536,IL_9127211,clinical: close-up,Malignant,BCC,30.0,female,
ISIC_3267303,IL_9127211,dermoscopic,Malignant,BCC,30.0,female,
ISIC_2911472,IL_9130724,clinical: close-up,Malignant,MEL,80.0,male,upper extremity
ISIC_1606234,IL_9130724,dermoscopic,Malignant,MEL,80.0,male,upper extremity
ISIC_7971818,IL_9130901,clinical: close-up,Malignant,BCC,75.0,female,lower extremity
ISIC_6348068,IL_9130901,dermoscopic,Malignant,BCC,75.0,female,lower extremity
ISIC_4743479,IL_9131328,clinical: close-up,Malignant,BCC,80.0,female,head/neck
ISIC_5817907,IL_9131328,dermoscopic,Malignant,BCC,80.0,female,head/neck
ISIC_8410845,IL_9142917,clinical: close-up,Malignant,BCC,75.0,male,head/neck
ISIC_3769180,IL_9142917,dermoscopic,Malignant,BCC,75.0,male,head/neck
ISIC_4141354,IL_9145163,clinical: close-up,Malignant,BCC,40.0,female,upper extremity
ISIC_1602614,IL_9145163,dermoscopic,Malignant,BCC,40.0,female,upper extremity
ISIC_8468747,IL_9146194,clinical: close-up,Malignant,BCC,85.0,male,
ISIC_9274292,IL_9146194,dermoscopic,Malignant,BCC,85.0,male,
ISIC_5746261,IL_9147878,clinical: close-up,Malignant,BCC,75.0,male,
ISIC_5467966,IL_9147878,dermoscopic,Malignant,BCC,75.0,male,
ISIC_0895631,IL_9149489,clinical: close-up,Benign,NV,70.0,female,upper extremity
ISIC_8500794,IL_9149489,dermoscopic,Benign,NV,70.0,female,upper extremity
ISIC_2900811,IL_9150101,clinical: close-up,Malignant,BCC,40.0,male,head/neck
ISIC_0230087,IL_9150101,dermoscopic,Malignant,BCC,40.0,male,head/neck
ISIC_7713794,IL_9150805,clinical: close-up,Indeterminate,AKIEC,65.0,male,head/neck
ISIC_7913268,IL_9150805,dermoscopic,Indeterminate,AKIEC,65.0,male,head/neck
ISIC_1232023,IL_9156080,clinical: close-up,Malignant,BCC,60.0,male,lower extremity
ISIC_2556744,IL_9156080,dermoscopic,Malignant,BCC,60.0,male,lower extremity
ISIC_2855373,IL_9157359,clinical: close-up,Malignant,SCCKA,65.0,female,head/neck
ISIC_0304311,IL_9157359,dermoscopic,Malignant,SCCKA,65.0,female,head/neck
ISIC_8552530,IL_9158531,clinical: close-up,Benign,NV,60.0,female,
ISIC_8615694,IL_9158531,dermoscopic,Benign,NV,60.0,female,
ISIC_2827872,IL_9162610,clinical: close-up,Malignant,SCCKA,65.0,male,head/neck
ISIC_8238316,IL_9162610,dermoscopic,Malignant,SCCKA,65.0,male,head/neck
ISIC_9280380,IL_9166161,clinical: close-up,Benign,NV,40.0,female,
ISIC_1953687,IL_9166161,dermoscopic,Benign,NV,40.0,female,
ISIC_3231371,IL_9166527,clinical: close-up,Malignant,BCC,70.0,male,head/neck
ISIC_8344886,IL_9166527,dermoscopic,Malignant,BCC,70.0,male,head/neck
ISIC_9205905,IL_9167025,clinical: close-up,Malignant,BCC,55.0,male,
ISIC_1490956,IL_9167025,dermoscopic,Malignant,BCC,55.0,male,
ISIC_7812213,IL_9167718,clinical: close-up,Malignant,BCC,65.0,male,lower extremity
ISIC_9553909,IL_9167718,dermoscopic,Malignant,BCC,65.0,male,lower extremity
ISIC_7970664,IL_9168364,clinical: close-up,Malignant,SCCKA,75.0,male,
ISIC_0569529,IL_9168364,dermoscopic,Malignant,SCCKA,75.0,male,
ISIC_9956878,IL_9173239,clinical: close-up,Malignant,BCC,65.0,female,head/neck
ISIC_7939848,IL_9173239,dermoscopic,Malignant,BCC,65.0,female,head/neck
ISIC_4315238,IL_9173333,clinical: close-up,Malignant,BCC,75.0,female,head/neck
ISIC_4888771,IL_9173333,dermoscopic,Malignant,BCC,75.0,female,head/neck
ISIC_3013323,IL_9173728,clinical: close-up,Malignant,BCC,55.0,female,upper extremity
ISIC_2305246,IL_9173728,dermoscopic,Malignant,BCC,55.0,female,upper extremity
ISIC_7505541,IL_9179021,clinical: close-up,Malignant,BCC,55.0,female,lower extremity
ISIC_3210379,IL_9179021,dermoscopic,Malignant,BCC,55.0,female,lower extremity
ISIC_9485513,IL_9179227,clinical: close-up,Malignant,BCC,80.0,male,head/neck
ISIC_7217395,IL_9179227,dermoscopic,Malignant,BCC,80.0,male,head/neck
ISIC_6228708,IL_9180227,clinical: close-up,Malignant,SCCKA,75.0,male,upper extremity
ISIC_3910778,IL_9180227,dermoscopic,Malignant,SCCKA,75.0,male,upper extremity
ISIC_3012180,IL_9186164,clinical: close-up,Benign,NV,30.0,male,
ISIC_6434822,IL_9186164,dermoscopic,Benign,NV,30.0,male,
ISIC_0260732,IL_9192355,clinical: close-up,Malignant,AKIEC,55.0,male,
ISIC_0321371,IL_9192355,dermoscopic,Malignant,AKIEC,55.0,male,
ISIC_3309783,IL_9193873,clinical: close-up,Malignant,BCC,40.0,female,
ISIC_8356776,IL_9193873,dermoscopic,Malignant,BCC,40.0,female,
ISIC_9236022,IL_9194841,clinical: close-up,Malignant,BCC,65.0,female,upper extremity
ISIC_6754150,IL_9194841,dermoscopic,Malignant,BCC,65.0,female,upper extremity
ISIC_2806062,IL_9195034,clinical: close-up,Malignant,BCC,75.0,male,lower extremity
ISIC_8260302,IL_9195034,dermoscopic,Malignant,BCC,75.0,male,lower extremity
ISIC_8529932,IL_9199460,clinical: close-up,Benign,NV,20.0,male,lower extremity
ISIC_4341118,IL_9199460,dermoscopic,Benign,NV,20.0,male,lower extremity
ISIC_9355799,IL_9202251,clinical: close-up,Malignant,AKIEC,45.0,male,head/neck
ISIC_6384870,IL_9202251,dermoscopic,Malignant,AKIEC,45.0,male,head/neck
ISIC_4013983,IL_9205436,clinical: close-up,Benign,VASC,20.0,male,head/neck
ISIC_9504198,IL_9205436,dermoscopic,Benign,VASC,20.0,male,head/neck
ISIC_9852855,IL_9207228,clinical: close-up,Malignant,BCC,85.0,male,head/neck
ISIC_9778651,IL_9207228,dermoscopic,Malignant,BCC,85.0,male,head/neck
ISIC_0080019,IL_9208680,clinical: close-up,Malignant,BCC,70.0,male,upper extremity
ISIC_7977103,IL_9208680,dermoscopic,Malignant,BCC,70.0,male,upper extremity
ISIC_2539660,IL_9209914,clinical: close-up,Benign,NV,20.0,male,
ISIC_1376581,IL_9209914,dermoscopic,Benign,NV,20.0,male,
ISIC_9755301,IL_9211790,clinical: close-up,Malignant,BCC,60.0,male,
ISIC_0819008,IL_9211790,dermoscopic,Malignant,BCC,60.0,male,
ISIC_7541009,IL_9213417,clinical: close-up,Malignant,BCC,70.0,male,
ISIC_9521072,IL_9213417,dermoscopic,Malignant,BCC,70.0,male,
ISIC_7179951,IL_9216457,clinical: close-up,Malignant,BCC,70.0,male,
ISIC_4262185,IL_9216457,dermoscopic,Malignant,BCC,70.0,male,
ISIC_4520562,IL_9217480,clinical: close-up,Malignant,AKIEC,85.0,male,upper extremity
ISIC_8462237,IL_9217480,dermoscopic,Malignant,AKIEC,85.0,male,upper extremity
ISIC_7452036,IL_9221055,clinical: close-up,Malignant,BCC,80.0,male,head/neck
ISIC_9693001,IL_9221055,dermoscopic,Malignant,BCC,80.0,male,head/neck
ISIC_0277160,IL_9221409,clinical: close-up,Malignant,BCC,75.0,male,head/neck
ISIC_9001735,IL_9221409,dermoscopic,Malignant,BCC,75.0,male,head/neck
ISIC_9376579,IL_9222383,clinical: close-up,Benign,BEN_OTH,65.0,female,head/neck
ISIC_8635663,IL_9222383,dermoscopic,Benign,BEN_OTH,65.0,female,head/neck
ISIC_5888492,IL_9224528,clinical: close-up,Malignant,BCC,60.0,female,
ISIC_7777861,IL_9224528,dermoscopic,Malignant,BCC,60.0,female,
ISIC_0228941,IL_9230375,clinical: close-up,Malignant,BCC,45.0,female,
ISIC_3445231,IL_9230375,dermoscopic,Malignant,BCC,45.0,female,
ISIC_5790117,IL_9231229,clinical: close-up,Malignant,MEL,85.0,female,lower extremity
ISIC_4641356,IL_9231229,dermoscopic,Malignant,MEL,85.0,female,lower extremity
ISIC_6960107,IL_9245016,clinical: close-up,Malignant,BCC,40.0,female,upper extremity
ISIC_7827973,IL_9245016,dermoscopic,Malignant,BCC,40.0,female,upper extremity
ISIC_9901858,IL_9247349,clinical: close-up,Malignant,BCC,70.0,male,
ISIC_4823638,IL_9247349,dermoscopic,Malignant,BCC,70.0,male,
ISIC_7204351,IL_9249618,clinical: close-up,Benign,NV,45.0,female,
ISIC_1881240,IL_9249618,dermoscopic,Benign,NV,45.0,female,
ISIC_1598694,IL_9250980,clinical: close-up,Benign,DF,15.0,female,lower extremity
ISIC_0220890,IL_9250980,dermoscopic,Benign,DF,15.0,female,lower extremity
ISIC_7328549,IL_9251474,clinical: close-up,Benign,NV,60.0,male,
ISIC_9891275,IL_9251474,dermoscopic,Benign,NV,60.0,male,
ISIC_8497007,IL_9258319,clinical: close-up,Malignant,BCC,80.0,female,head/neck
ISIC_0435506,IL_9258319,dermoscopic,Malignant,BCC,80.0,female,head/neck
ISIC_5192756,IL_9262506,clinical: close-up,Malignant,BCC,70.0,female,lower extremity
ISIC_6897010,IL_9262506,dermoscopic,Malignant,BCC,70.0,female,lower extremity
ISIC_7809981,IL_9264602,clinical: close-up,Malignant,SCCKA,75.0,male,upper extremity
ISIC_2087722,IL_9264602,dermoscopic,Malignant,SCCKA,75.0,male,upper extremity
ISIC_9886925,IL_9266140,clinical: close-up,Benign,BKL,80.0,female,lower extremity
ISIC_8028890,IL_9266140,dermoscopic,Benign,BKL,80.0,female,lower extremity
ISIC_9179636,IL_9269726,clinical: close-up,Malignant,BCC,55.0,male,head/neck
ISIC_1928560,IL_9269726,dermoscopic,Malignant,BCC,55.0,male,head/neck
ISIC_0075884,IL_9270970,clinical: close-up,Benign,NV,10.0,female,upper extremity
ISIC_7304977,IL_9270970,dermoscopic,Benign,NV,10.0,female,upper extremity
ISIC_9114285,IL_9271885,clinical: close-up,Malignant,BCC,65.0,male,
ISIC_6296087,IL_9271885,dermoscopic,Malignant,BCC,65.0,male,
ISIC_7527340,IL_9274006,clinical: close-up,Benign,BEN_OTH,60.0,male,
ISIC_5488940,IL_9274006,dermoscopic,Benign,BEN_OTH,60.0,male,
ISIC_2828400,IL_9275908,clinical: close-up,Malignant,BCC,45.0,male,upper extremity
ISIC_8151706,IL_9275908,dermoscopic,Malignant,BCC,45.0,male,upper extremity
ISIC_8722421,IL_9275941,clinical: close-up,Benign,NV,35.0,male,
ISIC_5428941,IL_9275941,dermoscopic,Benign,NV,35.0,male,
ISIC_4472727,IL_9276974,clinical: close-up,Malignant,BCC,45.0,male,upper extremity
ISIC_1797900,IL_9276974,dermoscopic,Malignant,BCC,45.0,male,upper extremity
ISIC_4437851,IL_9278038,clinical: close-up,Malignant,BCC,45.0,male,upper extremity
ISIC_4148797,IL_9278038,dermoscopic,Malignant,BCC,45.0,male,upper extremity
ISIC_4040829,IL_9289406,clinical: close-up,Benign,NV,60.0,female,
ISIC_3762126,IL_9289406,dermoscopic,Benign,NV,60.0,female,
ISIC_7334834,IL_9292701,clinical: close-up,Malignant,SCCKA,60.0,male,
ISIC_4690427,IL_9292701,dermoscopic,Malignant,SCCKA,60.0,male,
ISIC_9400088,IL_9294619,clinical: close-up,Indeterminate,AKIEC,70.0,female,head/neck
ISIC_8876261,IL_9294619,dermoscopic,Indeterminate,AKIEC,70.0,female,head/neck
ISIC_1010434,IL_9300408,clinical: close-up,Malignant,AKIEC,75.0,male,lower extremity
ISIC_7806262,IL_9300408,dermoscopic,Malignant,AKIEC,75.0,male,lower extremity
ISIC_7828899,IL_9300732,clinical: close-up,Benign,BKL,50.0,female,
ISIC_3623141,IL_9300732,dermoscopic,Benign,BKL,50.0,female,
ISIC_8876204,IL_9303237,clinical: close-up,Benign,BKL,70.0,male,lower extremity
ISIC_9521117,IL_9303237,dermoscopic,Benign,BKL,70.0,male,lower extremity
ISIC_0247645,IL_9310196,clinical: close-up,Malignant,BCC,40.0,male,upper extremity
ISIC_6210274,IL_9310196,dermoscopic,Malignant,BCC,40.0,male,upper extremity
ISIC_0812646,IL_9313247,clinical: close-up,Malignant,BCC,85.0,male,head/neck
ISIC_1536385,IL_9313247,dermoscopic,Malignant,BCC,85.0,male,head/neck
ISIC_3819646,IL_9321885,clinical: close-up,Malignant,MEL,45.0,male,head/neck
ISIC_6941420,IL_9321885,dermoscopic,Malignant,MEL,45.0,male,head/neck
ISIC_7938895,IL_9322216,clinical: close-up,Malignant,SCCKA,75.0,female,lower extremity
ISIC_4896814,IL_9322216,dermoscopic,Malignant,SCCKA,75.0,female,lower extremity
ISIC_4207196,IL_9323193,clinical: close-up,Malignant,SCCKA,65.0,male,lower extremity
ISIC_6745607,IL_9323193,dermoscopic,Malignant,SCCKA,65.0,male,lower extremity
ISIC_6529382,IL_9324505,clinical: close-up,Benign,NV,60.0,male,head/neck
ISIC_2775534,IL_9324505,dermoscopic,Benign,NV,60.0,male,head/neck
ISIC_7836446,IL_9328701,clinical: close-up,Malignant,BCC,45.0,female,
ISIC_6409954,IL_9328701,dermoscopic,Malignant,BCC,45.0,female,
ISIC_4553574,IL_9331050,clinical: close-up,Benign,BKL,50.0,female,head/neck
ISIC_8726132,IL_9331050,dermoscopic,Benign,BKL,50.0,female,head/neck
ISIC_6748737,IL_9331537,clinical: close-up,Malignant,BCC,80.0,male,
ISIC_2505856,IL_9331537,dermoscopic,Malignant,BCC,80.0,male,
ISIC_0809896,IL_9333874,clinical: close-up,Malignant,BCC,60.0,male,head/neck
ISIC_8743028,IL_9333874,dermoscopic,Malignant,BCC,60.0,male,head/neck
ISIC_4181074,IL_9344336,clinical: close-up,Benign,DF,50.0,female,lower extremity
ISIC_2846004,IL_9344336,dermoscopic,Benign,DF,50.0,female,lower extremity
ISIC_3652498,IL_9347875,clinical: close-up,Malignant,BCC,60.0,female,
ISIC_8154140,IL_9347875,dermoscopic,Malignant,BCC,60.0,female,
ISIC_1500894,IL_9348044,clinical: close-up,Benign,BKL,80.0,female,head/neck
ISIC_3003648,IL_9348044,dermoscopic,Benign,BKL,80.0,female,head/neck
ISIC_2964078,IL_9349173,clinical: close-up,Benign,NV,35.0,female,lower extremity
ISIC_6693050,IL_9349173,dermoscopic,Benign,NV,35.0,female,lower extremity
ISIC_6327820,IL_9352958,clinical: close-up,Malignant,SCCKA,60.0,male,head/neck
ISIC_7289828,IL_9352958,dermoscopic,Malignant,SCCKA,60.0,male,head/neck
ISIC_5228122,IL_9353162,clinical: close-up,Benign,DF,40.0,male,lower extremity
ISIC_9242872,IL_9353162,dermoscopic,Benign,DF,40.0,male,lower extremity
ISIC_2848199,IL_9353548,clinical: close-up,Malignant,BCC,75.0,female,head/neck
ISIC_3050024,IL_9353548,dermoscopic,Malignant,BCC,75.0,female,head/neck
ISIC_7273898,IL_9356761,clinical: close-up,Malignant,BCC,70.0,male,upper extremity
ISIC_8830166,IL_9356761,dermoscopic,Malignant,BCC,70.0,male,upper extremity
ISIC_0419492,IL_9358381,clinical: close-up,Benign,NV,15.0,female,head/neck
ISIC_2894216,IL_9358381,dermoscopic,Benign,NV,15.0,female,head/neck
ISIC_2514438,IL_9363657,clinical: close-up,Malignant,BCC,55.0,male,lower extremity
ISIC_4599000,IL_9363657,dermoscopic,Malignant,BCC,55.0,male,lower extremity
ISIC_2348044,IL_9364150,clinical: close-up,Malignant,BCC,70.0,male,head/neck
ISIC_7871224,IL_9364150,dermoscopic,Malignant,BCC,70.0,male,head/neck
ISIC_3082676,IL_9367343,clinical: close-up,Malignant,BCC,65.0,male,head/neck
ISIC_7779579,IL_9367343,dermoscopic,Malignant,BCC,65.0,male,head/neck
ISIC_8992800,IL_9367787,clinical: close-up,Malignant,BCC,75.0,female,head/neck
ISIC_1309626,IL_9367787,dermoscopic,Malignant,BCC,75.0,female,head/neck
ISIC_5409428,IL_9367800,clinical: close-up,Benign,NV,50.0,male,head/neck
ISIC_0656805,IL_9367800,dermoscopic,Benign,NV,50.0,male,head/neck
ISIC_6573003,IL_9368143,clinical: close-up,Benign,NV,30.0,female,upper extremity
ISIC_9104095,IL_9368143,dermoscopic,Benign,NV,30.0,female,upper extremity
ISIC_0456269,IL_9368782,clinical: close-up,Benign,NV,10.0,female,
ISIC_4363333,IL_9368782,dermoscopic,Benign,NV,10.0,female,
ISIC_9206757,IL_9374643,clinical: close-up,Malignant,BCC,80.0,male,head/neck
ISIC_0831157,IL_9374643,dermoscopic,Malignant,BCC,80.0,male,head/neck
ISIC_8010616,IL_9375676,clinical: close-up,Malignant,MEL,70.0,male,head/neck
ISIC_3066491,IL_9375676,dermoscopic,Malignant,MEL,70.0,male,head/neck
ISIC_2014930,IL_9378068,clinical: close-up,Malignant,BCC,75.0,female,upper extremity
ISIC_9649323,IL_9378068,dermoscopic,Malignant,BCC,75.0,female,upper extremity
ISIC_4180763,IL_9379939,clinical: close-up,Malignant,SCCKA,85.0,female,upper extremity
ISIC_2144270,IL_9379939,dermoscopic,Malignant,SCCKA,85.0,female,upper extremity
ISIC_9606854,IL_9383072,clinical: close-up,Malignant,BCC,70.0,female,head/neck
ISIC_7397137,IL_9383072,dermoscopic,Malignant,BCC,70.0,female,head/neck
ISIC_0297229,IL_9387962,clinical: close-up,Malignant,AKIEC,85.0,female,upper extremity
ISIC_6562880,IL_9387962,dermoscopic,Malignant,AKIEC,85.0,female,upper extremity
ISIC_7701636,IL_9390250,clinical: close-up,Malignant,BCC,40.0,male,head/neck
ISIC_2658100,IL_9390250,dermoscopic,Malignant,BCC,40.0,male,head/neck
ISIC_3947520,IL_9395136,clinical: close-up,Malignant,BCC,55.0,female,
ISIC_8410933,IL_9395136,dermoscopic,Malignant,BCC,55.0,female,
ISIC_9896318,IL_9400728,clinical: close-up,Malignant,BCC,50.0,female,head/neck
ISIC_8271684,IL_9400728,dermoscopic,Malignant,BCC,50.0,female,head/neck
ISIC_4940514,IL_9401383,clinical: close-up,Malignant,BCC,70.0,male,lower extremity
ISIC_0546382,IL_9401383,dermoscopic,Malignant,BCC,70.0,male,lower extremity
ISIC_6169732,IL_9402967,clinical: close-up,Malignant,SCCKA,70.0,male,lower extremity
ISIC_9472574,IL_9402967,dermoscopic,Malignant,SCCKA,70.0,male,lower extremity
ISIC_0931470,IL_9403422,clinical: close-up,Malignant,BCC,40.0,male,upper extremity
ISIC_3609001,IL_9403422,dermoscopic,Malignant,BCC,40.0,male,upper extremity
ISIC_6473978,IL_9404638,clinical: close-up,Malignant,BCC,85.0,male,lower extremity
ISIC_1313208,IL_9404638,dermoscopic,Malignant,BCC,85.0,male,lower extremity
ISIC_4838706,IL_9408309,clinical: close-up,Malignant,SCCKA,45.0,male,
ISIC_0742972,IL_9408309,dermoscopic,Malignant,SCCKA,45.0,male,
ISIC_1560650,IL_9408951,clinical: close-up,Benign,INF,75.0,male,lower extremity
ISIC_4183641,IL_9408951,dermoscopic,Benign,INF,75.0,male,lower extremity
ISIC_4741194,IL_9409547,clinical: close-up,Malignant,MEL,75.0,male,
ISIC_9596173,IL_9409547,dermoscopic,Malignant,MEL,75.0,male,
ISIC_7882124,IL_9411177,clinical: close-up,Benign,NV,30.0,male,upper extremity
ISIC_5665171,IL_9411177,dermoscopic,Benign,NV,30.0,male,upper extremity
ISIC_4921441,IL_9413829,clinical: close-up,Malignant,BCC,70.0,male,lower extremity
ISIC_5828606,IL_9413829,dermoscopic,Malignant,BCC,70.0,male,lower extremity
ISIC_0414153,IL_9417077,clinical: close-up,Benign,NV,10.0,female,head/neck
ISIC_9002358,IL_9417077,dermoscopic,Benign,NV,10.0,female,head/neck
ISIC_6292733,IL_9420011,clinical: close-up,Malignant,BCC,60.0,male,lower extremity
ISIC_1189485,IL_9420011,dermoscopic,Malignant,BCC,60.0,male,lower extremity
ISIC_1052176,IL_9422892,clinical: close-up,Benign,NV,40.0,male,lower extremity
ISIC_6648628,IL_9422892,dermoscopic,Benign,NV,40.0,male,lower extremity
ISIC_9113111,IL_9423427,clinical: close-up,Malignant,BCC,80.0,male,lower extremity
ISIC_6781208,IL_9423427,dermoscopic,Malignant,BCC,80.0,male,lower extremity
ISIC_9394962,IL_9425710,clinical: close-up,Benign,BKL,80.0,male,upper extremity
ISIC_9997661,IL_9425710,dermoscopic,Benign,BKL,80.0,male,upper extremity
ISIC_5528057,IL_9426275,clinical: close-up,Malignant,BCC,60.0,female,head/neck
ISIC_5296244,IL_9426275,dermoscopic,Malignant,BCC,60.0,female,head/neck
ISIC_0225383,IL_9430924,clinical: close-up,Malignant,BCC,65.0,male,upper extremity
ISIC_5242235,IL_9430924,dermoscopic,Malignant,BCC,65.0,male,upper extremity
ISIC_4584837,IL_9437710,clinical: close-up,Malignant,AKIEC,65.0,male,
ISIC_5363218,IL_9437710,dermoscopic,Malignant,AKIEC,65.0,male,
ISIC_9546161,IL_9439533,clinical: close-up,Malignant,BCC,65.0,female,upper extremity
ISIC_1375082,IL_9439533,dermoscopic,Malignant,BCC,65.0,female,upper extremity
ISIC_9400517,IL_9439830,clinical: close-up,Benign,INF,50.0,female,
ISIC_1603958,IL_9439830,dermoscopic,Benign,INF,50.0,female,
ISIC_0717001,IL_9448011,clinical: close-up,Malignant,BCC,70.0,male,lower extremity
ISIC_4281031,IL_9448011,dermoscopic,Malignant,BCC,70.0,male,lower extremity
ISIC_6001166,IL_9453516,clinical: close-up,Benign,DF,35.0,female,lower extremity
ISIC_5813817,IL_9453516,dermoscopic,Benign,DF,35.0,female,lower extremity
ISIC_6114272,IL_9462627,clinical: close-up,Malignant,BCC,65.0,male,
ISIC_5686739,IL_9462627,dermoscopic,Malignant,BCC,65.0,male,
ISIC_6705181,IL_9466832,clinical: close-up,Benign,NV,55.0,female,lower extremity
ISIC_0768610,IL_9466832,dermoscopic,Benign,NV,55.0,female,lower extremity
ISIC_8095870,IL_9471694,clinical: close-up,Malignant,BCC,40.0,male,
ISIC_2054135,IL_9471694,dermoscopic,Malignant,BCC,40.0,male,
ISIC_4371553,IL_9475061,clinical: close-up,Benign,INF,40.0,female,head/neck
ISIC_8790740,IL_9475061,dermoscopic,Benign,INF,40.0,female,head/neck
ISIC_7232942,IL_9477888,clinical: close-up,Malignant,SCCKA,70.0,female,lower extremity
ISIC_7377763,IL_9477888,dermoscopic,Malignant,SCCKA,70.0,female,lower extremity
ISIC_3668509,IL_9480741,clinical: close-up,Benign,INF,60.0,male,
ISIC_9641859,IL_9480741,dermoscopic,Benign,INF,60.0,male,
ISIC_9634842,IL_9481592,clinical: close-up,Benign,NV,80.0,male,lower extremity
ISIC_9415828,IL_9481592,dermoscopic,Benign,NV,80.0,male,lower extremity
ISIC_3475592,IL_9482395,clinical: close-up,Malignant,MEL,80.0,female,head/neck
ISIC_1828351,IL_9482395,dermoscopic,Malignant,MEL,80.0,female,head/neck
ISIC_7506634,IL_9485180,clinical: close-up,Malignant,BCC,65.0,female,head/neck
ISIC_1794713,IL_9485180,dermoscopic,Malignant,BCC,65.0,female,head/neck
ISIC_9739946,IL_9486743,clinical: close-up,Malignant,SCCKA,85.0,female,lower extremity
ISIC_4940127,IL_9486743,dermoscopic,Malignant,SCCKA,85.0,female,lower extremity
ISIC_2614337,IL_9489343,clinical: close-up,Malignant,MEL,65.0,male,head/neck
ISIC_2963084,IL_9489343,dermoscopic,Malignant,MEL,65.0,male,head/neck
ISIC_1138771,IL_9497630,clinical: close-up,Malignant,BCC,40.0,male,
ISIC_4970256,IL_9497630,dermoscopic,Malignant,BCC,40.0,male,
ISIC_2645906,IL_9504116,clinical: close-up,Malignant,BCC,80.0,male,head/neck
ISIC_9818203,IL_9504116,dermoscopic,Malignant,BCC,80.0,male,head/neck
ISIC_0464954,IL_9509659,clinical: close-up,Malignant,AKIEC,60.0,male,lower extremity
ISIC_6120702,IL_9509659,dermoscopic,Malignant,AKIEC,60.0,male,lower extremity
ISIC_5466838,IL_9513774,clinical: close-up,Malignant,BCC,75.0,male,upper extremity
ISIC_2650547,IL_9513774,dermoscopic,Malignant,BCC,75.0,male,upper extremity
ISIC_1826258,IL_9513930,clinical: close-up,Malignant,AKIEC,70.0,male,
ISIC_1142211,IL_9513930,dermoscopic,Malignant,AKIEC,70.0,male,
ISIC_1849199,IL_9516573,clinical: close-up,Malignant,MEL,65.0,female,
ISIC_7320560,IL_9516573,dermoscopic,Malignant,MEL,65.0,female,
ISIC_9052310,IL_9520593,clinical: close-up,Malignant,BCC,70.0,male,
ISIC_6367091,IL_9520593,dermoscopic,Malignant,BCC,70.0,male,
ISIC_4707994,IL_9524479,clinical: close-up,Malignant,BCC,70.0,male,head/neck
ISIC_6551027,IL_9524479,dermoscopic,Malignant,BCC,70.0,male,head/neck
ISIC_6946162,IL_9524761,clinical: close-up,Malignant,AKIEC,65.0,male,head/neck
ISIC_3935025,IL_9524761,dermoscopic,Malignant,AKIEC,65.0,male,head/neck
ISIC_3814826,IL_9529350,clinical: close-up,Malignant,SCCKA,55.0,male,lower extremity
ISIC_7687674,IL_9529350,dermoscopic,Malignant,SCCKA,55.0,male,lower extremity
ISIC_6300467,IL_9529551,clinical: close-up,Benign,BKL,35.0,male,lower extremity
ISIC_6754024,IL_9529551,dermoscopic,Benign,BKL,35.0,male,lower extremity
ISIC_0762973,IL_9531531,clinical: close-up,Malignant,SCCKA,85.0,female,upper extremity
ISIC_5835958,IL_9531531,dermoscopic,Malignant,SCCKA,85.0,female,upper extremity
ISIC_4572206,IL_9534602,clinical: close-up,Malignant,MEL,55.0,male,
ISIC_1598799,IL_9534602,dermoscopic,Malignant,MEL,55.0,male,
ISIC_2796590,IL_9537366,clinical: close-up,Malignant,BCC,60.0,female,head/neck
ISIC_0513969,IL_9537366,dermoscopic,Malignant,BCC,60.0,female,head/neck
ISIC_8545101,IL_9540543,clinical: close-up,Malignant,BCC,65.0,female,
ISIC_6936920,IL_9540543,dermoscopic,Malignant,BCC,65.0,female,
ISIC_6408424,IL_9541079,clinical: close-up,Malignant,BCC,70.0,male,head/neck
ISIC_1055162,IL_9541079,dermoscopic,Malignant,BCC,70.0,male,head/neck
ISIC_7588984,IL_9542018,clinical: close-up,Malignant,BCC,50.0,female,upper extremity
ISIC_8544097,IL_9542018,dermoscopic,Malignant,BCC,50.0,female,upper extremity
ISIC_8970659,IL_9549484,clinical: close-up,Malignant,BCC,70.0,female,head/neck
ISIC_1477798,IL_9549484,dermoscopic,Malignant,BCC,70.0,female,head/neck
ISIC_4368655,IL_9550703,clinical: close-up,Benign,BKL,65.0,female,lower extremity
ISIC_9019664,IL_9550703,dermoscopic,Benign,BKL,65.0,female,lower extremity
ISIC_5240908,IL_9554628,clinical: close-up,Benign,NV,35.0,female,
ISIC_8626277,IL_9554628,dermoscopic,Benign,NV,35.0,female,
ISIC_5328520,IL_9554653,clinical: close-up,Malignant,BCC,50.0,female,head/neck
ISIC_4338535,IL_9554653,dermoscopic,Malignant,BCC,50.0,female,head/neck
ISIC_1792162,IL_9563257,clinical: close-up,Benign,DF,50.0,male,lower extremity
ISIC_8705648,IL_9563257,dermoscopic,Benign,DF,50.0,male,lower extremity
ISIC_4536273,IL_9565231,clinical: close-up,Malignant,MEL,70.0,male,
ISIC_2179705,IL_9565231,dermoscopic,Malignant,MEL,70.0,male,
ISIC_3875460,IL_9565456,clinical: close-up,Malignant,BCC,75.0,male,
ISIC_2314682,IL_9565456,dermoscopic,Malignant,BCC,75.0,male,
ISIC_2983004,IL_9569942,clinical: close-up,Malignant,AKIEC,65.0,male,head/neck
ISIC_4807554,IL_9569942,dermoscopic,Malignant,AKIEC,65.0,male,head/neck
ISIC_5802479,IL_9570046,clinical: close-up,Malignant,BCC,60.0,female,lower extremity
ISIC_4564958,IL_9570046,dermoscopic,Malignant,BCC,60.0,female,lower extremity
ISIC_4740743,IL_9572527,clinical: close-up,Malignant,MEL,40.0,male,upper extremity
ISIC_8593738,IL_9572527,dermoscopic,Malignant,MEL,40.0,male,upper extremity
ISIC_0627375,IL_9575395,clinical: close-up,Malignant,BCC,65.0,female,upper extremity
ISIC_2833179,IL_9575395,dermoscopic,Malignant,BCC,65.0,female,upper extremity
ISIC_1322016,IL_9579580,clinical: close-up,Malignant,MEL,50.0,female,
ISIC_4586954,IL_9579580,dermoscopic,Malignant,MEL,50.0,female,
ISIC_2800738,IL_9584761,clinical: close-up,Malignant,BCC,70.0,male,upper extremity
ISIC_6360071,IL_9584761,dermoscopic,Malignant,BCC,70.0,male,upper extremity
ISIC_3530269,IL_9588248,clinical: close-up,Malignant,BCC,45.0,male,head/neck
ISIC_2799788,IL_9588248,dermoscopic,Malignant,BCC,45.0,male,head/neck
ISIC_1688152,IL_9588769,clinical: close-up,Malignant,SCCKA,70.0,male,head/neck
ISIC_9132828,IL_9588769,dermoscopic,Malignant,SCCKA,70.0,male,head/neck
ISIC_5333979,IL_9588958,clinical: close-up,Malignant,MEL,70.0,male,
ISIC_6511897,IL_9588958,dermoscopic,Malignant,MEL,70.0,male,
ISIC_9981611,IL_9589211,clinical: close-up,Benign,BKL,70.0,male,
ISIC_2059259,IL_9589211,dermoscopic,Benign,BKL,70.0,male,
ISIC_1599277,IL_9590648,clinical: close-up,Malignant,BCC,70.0,female,
ISIC_8894857,IL_9590648,dermoscopic,Malignant,BCC,70.0,female,
ISIC_9254169,IL_9592842,clinical: close-up,Malignant,BCC,65.0,female,head/neck
ISIC_1938835,IL_9592842,dermoscopic,Malignant,BCC,65.0,female,head/neck
ISIC_3769921,IL_9592947,clinical: close-up,Indeterminate,AKIEC,80.0,male,
ISIC_2585669,IL_9592947,dermoscopic,Indeterminate,AKIEC,80.0,male,
ISIC_5137477,IL_9596120,clinical: close-up,Benign,NV,70.0,male,
ISIC_1590931,IL_9596120,dermoscopic,Benign,NV,70.0,male,
ISIC_5903776,IL_9597986,clinical: close-up,Benign,BKL,85.0,male,head/neck
ISIC_5195959,IL_9597986,dermoscopic,Benign,BKL,85.0,male,head/neck
ISIC_0615653,IL_9600244,clinical: close-up,Malignant,BCC,45.0,female,head/neck
ISIC_9507615,IL_9600244,dermoscopic,Malignant,BCC,45.0,female,head/neck
ISIC_6552603,IL_9600474,clinical: close-up,Malignant,BCC,70.0,female,upper extremity
ISIC_4410078,IL_9600474,dermoscopic,Malignant,BCC,70.0,female,upper extremity
ISIC_7535027,IL_9603617,clinical: close-up,Malignant,AKIEC,55.0,male,upper extremity
ISIC_4246896,IL_9603617,dermoscopic,Malignant,AKIEC,55.0,male,upper extremity
ISIC_6818815,IL_9607410,clinical: close-up,Malignant,BCC,75.0,male,head/neck
ISIC_3637593,IL_9607410,dermoscopic,Malignant,BCC,75.0,male,head/neck
ISIC_1225203,IL_9608205,clinical: close-up,Malignant,SCCKA,60.0,male,
ISIC_7613649,IL_9608205,dermoscopic,Malignant,SCCKA,60.0,male,
ISIC_3349986,IL_9608485,clinical: close-up,Benign,NV,30.0,male,
ISIC_5358212,IL_9608485,dermoscopic,Benign,NV,30.0,male,
ISIC_4720934,IL_9611245,clinical: close-up,Malignant,BCC,55.0,male,
ISIC_9501753,IL_9611245,dermoscopic,Malignant,BCC,55.0,male,
ISIC_5280833,IL_9614802,clinical: close-up,Malignant,SCCKA,50.0,male,upper extremity
ISIC_8053804,IL_9614802,dermoscopic,Malignant,SCCKA,50.0,male,upper extremity
ISIC_4112547,IL_9614989,clinical: close-up,Benign,BKL,70.0,male,lower extremity
ISIC_0664016,IL_9614989,dermoscopic,Benign,BKL,70.0,male,lower extremity
ISIC_3375059,IL_9617690,clinical: close-up,Malignant,BCC,55.0,male,
ISIC_3824264,IL_9617690,dermoscopic,Malignant,BCC,55.0,male,
ISIC_9103398,IL_9623656,clinical: close-up,Malignant,BCC,55.0,male,head/neck
ISIC_1420747,IL_9623656,dermoscopic,Malignant,BCC,55.0,male,head/neck
ISIC_7239055,IL_9624462,clinical: close-up,Benign,DF,65.0,female,lower extremity
ISIC_7454975,IL_9624462,dermoscopic,Benign,DF,65.0,female,lower extremity
ISIC_3306172,IL_9630385,clinical: close-up,Malignant,MEL,35.0,male,
ISIC_8961614,IL_9630385,dermoscopic,Malignant,MEL,35.0,male,
ISIC_7512488,IL_9632645,clinical: close-up,Malignant,AKIEC,50.0,female,upper extremity
ISIC_3053495,IL_9632645,dermoscopic,Malignant,AKIEC,50.0,female,upper extremity
ISIC_8550133,IL_9632950,clinical: close-up,Malignant,BCC,65.0,female,lower extremity
ISIC_8450877,IL_9632950,dermoscopic,Malignant,BCC,65.0,female,lower extremity
ISIC_7015879,IL_9636083,clinical: close-up,Malignant,BCC,55.0,male,head/neck
ISIC_1138976,IL_9636083,dermoscopic,Malignant,BCC,55.0,male,head/neck
ISIC_6173678,IL_9639749,clinical: close-up,Malignant,BCC,85.0,male,head/neck
ISIC_2260865,IL_9639749,dermoscopic,Malignant,BCC,85.0,male,head/neck
ISIC_8346017,IL_9656479,clinical: close-up,Malignant,SCCKA,65.0,male,head/neck
ISIC_7548850,IL_9656479,dermoscopic,Malignant,SCCKA,65.0,male,head/neck
ISIC_3175404,IL_9659963,clinical: close-up,Malignant,BCC,65.0,male,upper extremity
ISIC_7991773,IL_9659963,dermoscopic,Malignant,BCC,65.0,male,upper extremity
ISIC_1210456,IL_9661787,clinical: close-up,Benign,NV,55.0,male,
ISIC_1255858,IL_9661787,dermoscopic,Benign,NV,55.0,male,
ISIC_0735096,IL_9667713,clinical: close-up,Malignant,SCCKA,50.0,female,head/neck
ISIC_6222224,IL_9667713,dermoscopic,Malignant,SCCKA,50.0,female,head/neck
ISIC_5518035,IL_9667838,clinical: close-up,Benign,NV,35.0,female,
ISIC_3720143,IL_9667838,dermoscopic,Benign,NV,35.0,female,
ISIC_0158073,IL_9679718,clinical: close-up,Benign,DF,50.0,male,lower extremity
ISIC_6312345,IL_9679718,dermoscopic,Benign,DF,50.0,male,lower extremity
ISIC_5410210,IL_9682787,clinical: close-up,Malignant,BCC,50.0,male,
ISIC_2478957,IL_9682787,dermoscopic,Malignant,BCC,50.0,male,
ISIC_4951263,IL_9685051,clinical: close-up,Benign,NV,50.0,male,
ISIC_2538384,IL_9685051,dermoscopic,Benign,NV,50.0,male,
ISIC_1780120,IL_9685244,clinical: close-up,Benign,BKL,55.0,male,
ISIC_8302743,IL_9685244,dermoscopic,Benign,BKL,55.0,male,
ISIC_5655393,IL_9689348,clinical: close-up,Malignant,BCC,60.0,male,head/neck
ISIC_8392439,IL_9689348,dermoscopic,Malignant,BCC,60.0,male,head/neck
ISIC_2760612,IL_9689394,clinical: close-up,Malignant,BCC,60.0,female,
ISIC_4062304,IL_9689394,dermoscopic,Malignant,BCC,60.0,female,
ISIC_8701249,IL_9691364,clinical: close-up,Malignant,BCC,70.0,male,
ISIC_7618809,IL_9691364,dermoscopic,Malignant,BCC,70.0,male,
ISIC_8866895,IL_9692603,clinical: close-up,Malignant,BCC,70.0,female,head/neck
ISIC_0890975,IL_9692603,dermoscopic,Malignant,BCC,70.0,female,head/neck
ISIC_8664926,IL_9693754,clinical: close-up,Benign,NV,40.0,male,
ISIC_6129735,IL_9693754,dermoscopic,Benign,NV,40.0,male,
ISIC_2833803,IL_9701930,clinical: close-up,Malignant,BCC,65.0,male,head/neck
ISIC_1417674,IL_9701930,dermoscopic,Malignant,BCC,65.0,male,head/neck
ISIC_4136790,IL_9702903,clinical: close-up,Malignant,BCC,80.0,male,
ISIC_1592988,IL_9702903,dermoscopic,Malignant,BCC,80.0,male,
ISIC_3553184,IL_9713334,clinical: close-up,Benign,DF,45.0,female,upper extremity
ISIC_8355069,IL_9713334,dermoscopic,Benign,DF,45.0,female,upper extremity
ISIC_1160092,IL_9714463,clinical: close-up,Malignant,BCC,75.0,male,lower extremity
ISIC_6963673,IL_9714463,dermoscopic,Malignant,BCC,75.0,male,lower extremity
ISIC_6372109,IL_9716310,clinical: close-up,Malignant,MEL,75.0,male,lower extremity
ISIC_5651049,IL_9716310,dermoscopic,Malignant,MEL,75.0,male,lower extremity
ISIC_3197379,IL_9717585,clinical: close-up,Malignant,BCC,75.0,male,
ISIC_0500110,IL_9717585,dermoscopic,Malignant,BCC,75.0,male,
ISIC_5979628,IL_9719774,clinical: close-up,Malignant,BCC,75.0,male,
ISIC_8268969,IL_9719774,dermoscopic,Malignant,BCC,75.0,male,
ISIC_1907325,IL_9720180,clinical: close-up,Malignant,MEL,65.0,male,upper extremity
ISIC_9809345,IL_9720180,dermoscopic,Malignant,MEL,65.0,male,upper extremity
ISIC_6385484,IL_9720505,clinical: close-up,Malignant,BCC,60.0,female,lower extremity
ISIC_8904796,IL_9720505,dermoscopic,Malignant,BCC,60.0,female,lower extremity
ISIC_2753361,IL_9722913,clinical: close-up,Malignant,SCCKA,60.0,male,lower extremity
ISIC_0656565,IL_9722913,dermoscopic,Malignant,SCCKA,60.0,male,lower extremity
ISIC_1738482,IL_9727677,clinical: close-up,Benign,NV,40.0,male,
ISIC_7198900,IL_9727677,dermoscopic,Benign,NV,40.0,male,
ISIC_7745161,IL_9730160,clinical: close-up,Malignant,BCC,65.0,male,lower extremity
ISIC_0150748,IL_9730160,dermoscopic,Malignant,BCC,65.0,male,lower extremity
ISIC_5185355,IL_9731170,clinical: close-up,Malignant,BCC,60.0,female,head/neck
ISIC_4913500,IL_9731170,dermoscopic,Malignant,BCC,60.0,female,head/neck
ISIC_5761656,IL_9731516,clinical: close-up,Malignant,BCC,65.0,male,head/neck
ISIC_9278360,IL_9731516,dermoscopic,Malignant,BCC,65.0,male,head/neck
ISIC_3284822,IL_9734690,clinical: close-up,Benign,BKL,60.0,male,
ISIC_6425898,IL_9734690,dermoscopic,Benign,BKL,60.0,male,
ISIC_2917647,IL_9734938,clinical: close-up,Malignant,BCC,55.0,male,upper extremity
ISIC_7053200,IL_9734938,dermoscopic,Malignant,BCC,55.0,male,upper extremity
ISIC_8867010,IL_9737079,clinical: close-up,Malignant,BCC,65.0,female,head/neck
ISIC_4370328,IL_9737079,dermoscopic,Malignant,BCC,65.0,female,head/neck
ISIC_5821583,IL_9738941,clinical: close-up,Malignant,BCC,65.0,female,lower extremity
ISIC_4770621,IL_9738941,dermoscopic,Malignant,BCC,65.0,female,lower extremity
ISIC_7695480,IL_9746902,clinical: close-up,Malignant,MEL,60.0,male,head/neck
ISIC_6548919,IL_9746902,dermoscopic,Malignant,MEL,60.0,male,head/neck
ISIC_9471674,IL_9749729,clinical: close-up,Malignant,BCC,70.0,male,
ISIC_3959713,IL_9749729,dermoscopic,Malignant,BCC,70.0,male,
ISIC_2161258,IL_9753632,clinical: close-up,Malignant,BCC,55.0,male,
ISIC_3968898,IL_9753632,dermoscopic,Malignant,BCC,55.0,male,
ISIC_9088580,IL_9754542,clinical: close-up,Malignant,BCC,55.0,female,
ISIC_8816075,IL_9754542,dermoscopic,Malignant,BCC,55.0,female,
ISIC_7916204,IL_9755215,clinical: close-up,Malignant,BCC,65.0,male,
ISIC_3049767,IL_9755215,dermoscopic,Malignant,BCC,65.0,male,
ISIC_9703128,IL_9755525,clinical: close-up,Benign,BKL,50.0,male,head/neck
ISIC_1243858,IL_9755525,dermoscopic,Benign,BKL,50.0,male,head/neck
ISIC_1050489,IL_9756229,clinical: close-up,Malignant,BCC,40.0,female,
ISIC_1310746,IL_9756229,dermoscopic,Malignant,BCC,40.0,female,
ISIC_4544829,IL_9758278,clinical: close-up,Malignant,BCC,65.0,male,
ISIC_2127883,IL_9758278,dermoscopic,Malignant,BCC,65.0,male,
ISIC_1698570,IL_9767273,clinical: close-up,Malignant,BCC,65.0,female,
ISIC_3072008,IL_9767273,dermoscopic,Malignant,BCC,65.0,female,
ISIC_4680472,IL_9769772,clinical: close-up,Malignant,BCC,55.0,male,
ISIC_5058408,IL_9769772,dermoscopic,Malignant,BCC,55.0,male,
ISIC_9706057,IL_9770688,clinical: close-up,Malignant,BCC,85.0,female,
ISIC_4463160,IL_9770688,dermoscopic,Malignant,BCC,85.0,female,
ISIC_6716486,IL_9776504,clinical: close-up,Malignant,BCC,65.0,male,
ISIC_7507238,IL_9776504,dermoscopic,Malignant,BCC,65.0,male,
ISIC_6453932,IL_9777235,clinical: close-up,Malignant,BCC,80.0,male,
ISIC_4152827,IL_9777235,dermoscopic,Malignant,BCC,80.0,male,
ISIC_6634268,IL_9778045,clinical: close-up,Malignant,SCCKA,80.0,male,head/neck
ISIC_0764650,IL_9778045,dermoscopic,Malignant,SCCKA,80.0,male,head/neck
ISIC_6113465,IL_9780716,clinical: close-up,Malignant,BCC,40.0,male,lower extremity
ISIC_9552444,IL_9780716,dermoscopic,Malignant,BCC,40.0,male,lower extremity
ISIC_4057182,IL_9782859,clinical: close-up,Malignant,BCC,55.0,female,lower extremity
ISIC_3585759,IL_9782859,dermoscopic,Malignant,BCC,55.0,female,lower extremity
ISIC_3482213,IL_9784446,clinical: close-up,Malignant,BCC,60.0,male,head/neck
ISIC_0369681,IL_9784446,dermoscopic,Malignant,BCC,60.0,male,head/neck
ISIC_4217947,IL_9785739,clinical: close-up,Benign,NV,65.0,male,
ISIC_6161362,IL_9785739,dermoscopic,Benign,NV,65.0,male,
ISIC_3228433,IL_9797209,clinical: close-up,Malignant,BCC,75.0,male,
ISIC_5499900,IL_9797209,dermoscopic,Malignant,BCC,75.0,male,
ISIC_1311673,IL_9801115,clinical: close-up,Malignant,SCCKA,75.0,female,lower extremity
ISIC_2923050,IL_9801115,dermoscopic,Malignant,SCCKA,75.0,female,lower extremity
ISIC_0514391,IL_9801468,clinical: close-up,Malignant,BCC,65.0,female,upper extremity
ISIC_6611061,IL_9801468,dermoscopic,Malignant,BCC,65.0,female,upper extremity
ISIC_1877271,IL_9803330,clinical: close-up,Malignant,MEL,60.0,male,
ISIC_9593683,IL_9803330,dermoscopic,Malignant,MEL,60.0,male,
ISIC_8107179,IL_9809357,clinical: close-up,Malignant,BCC,40.0,male,head/neck
ISIC_8092373,IL_9809357,dermoscopic,Malignant,BCC,40.0,male,head/neck
ISIC_6936062,IL_9809595,clinical: close-up,Benign,BKL,75.0,male,
ISIC_9940495,IL_9809595,dermoscopic,Benign,BKL,75.0,male,
ISIC_4104303,IL_9811180,clinical: close-up,Malignant,BCC,60.0,male,head/neck
ISIC_8561066,IL_9811180,dermoscopic,Malignant,BCC,60.0,male,head/neck
ISIC_8619333,IL_9813142,clinical: close-up,Malignant,BCC,75.0,male,head/neck
ISIC_4163384,IL_9813142,dermoscopic,Malignant,BCC,75.0,male,head/neck
ISIC_2204145,IL_9814557,clinical: close-up,Benign,BKL,65.0,female,head/neck
ISIC_7837278,IL_9814557,dermoscopic,Benign,BKL,65.0,female,head/neck
ISIC_0094604,IL_9822160,clinical: close-up,Malignant,BCC,45.0,female,
ISIC_1571470,IL_9822160,dermoscopic,Malignant,BCC,45.0,female,
ISIC_8234989,IL_9823804,clinical: close-up,Malignant,BCC,70.0,male,
ISIC_5385783,IL_9823804,dermoscopic,Malignant,BCC,70.0,male,
ISIC_1679185,IL_9833477,clinical: close-up,Malignant,BCC,50.0,male,lower extremity
ISIC_0233827,IL_9833477,dermoscopic,Malignant,BCC,50.0,male,lower extremity
ISIC_9820396,IL_9835654,clinical: close-up,Malignant,BCC,55.0,male,upper extremity
ISIC_3654837,IL_9835654,dermoscopic,Malignant,BCC,55.0,male,upper extremity
ISIC_5345684,IL_9835714,clinical: close-up,Malignant,BCC,65.0,male,head/neck
ISIC_4840056,IL_9835714,dermoscopic,Malignant,BCC,65.0,male,head/neck
ISIC_3036641,IL_9838418,clinical: close-up,Malignant,BCC,55.0,male,
ISIC_0880783,IL_9838418,dermoscopic,Malignant,BCC,55.0,male,
ISIC_3661021,IL_9846683,clinical: close-up,Malignant,BCC,55.0,male,
ISIC_1279652,IL_9846683,dermoscopic,Malignant,BCC,55.0,male,
ISIC_6612352,IL_9855945,clinical: close-up,Malignant,BCC,80.0,female,
ISIC_0310449,IL_9855945,dermoscopic,Malignant,BCC,80.0,female,
ISIC_2425838,IL_9862724,clinical: close-up,Benign,NV,40.0,female,upper extremity
ISIC_4845560,IL_9862724,dermoscopic,Benign,NV,40.0,female,upper extremity
ISIC_0225237,IL_9863241,clinical: close-up,Malignant,BCC,65.0,female,
ISIC_9589099,IL_9863241,dermoscopic,Malignant,BCC,65.0,female,
ISIC_7742510,IL_9871188,clinical: close-up,Malignant,BCC,65.0,male,
ISIC_3691801,IL_9871188,dermoscopic,Malignant,BCC,65.0,male,
ISIC_9059867,IL_9871748,clinical: close-up,Malignant,BCC,50.0,male,lower extremity
ISIC_3280000,IL_9871748,dermoscopic,Malignant,BCC,50.0,male,lower extremity
ISIC_9315615,IL_9875986,clinical: close-up,Malignant,BCC,50.0,male,head/neck
ISIC_2376821,IL_9875986,dermoscopic,Malignant,BCC,50.0,male,head/neck
ISIC_5543636,IL_9876124,clinical: close-up,Malignant,BCC,65.0,male,head/neck
ISIC_5380414,IL_9876124,dermoscopic,Malignant,BCC,65.0,male,head/neck
ISIC_6684563,IL_9877242,clinical: close-up,Benign,NV,20.0,female,lower extremity
ISIC_4358907,IL_9877242,dermoscopic,Benign,NV,20.0,female,lower extremity
ISIC_3955799,IL_9878565,clinical: close-up,Malignant,MEL,55.0,male,
ISIC_2752768,IL_9878565,dermoscopic,Malignant,MEL,55.0,male,
ISIC_5647228,IL_9880197,clinical: close-up,Benign,NV,40.0,female,lower extremity
ISIC_7843146,IL_9880197,dermoscopic,Benign,NV,40.0,female,lower extremity
ISIC_7206161,IL_9880889,clinical: close-up,Benign,NV,10.0,male,lower extremity
ISIC_3797260,IL_9880889,dermoscopic,Benign,NV,10.0,male,lower extremity
ISIC_4391320,IL_9882271,clinical: close-up,Malignant,BCC,45.0,male,
ISIC_8152761,IL_9882271,dermoscopic,Malignant,BCC,45.0,male,
ISIC_6181244,IL_9882527,clinical: close-up,Malignant,BCC,60.0,female,
ISIC_5297462,IL_9882527,dermoscopic,Malignant,BCC,60.0,female,
ISIC_0589952,IL_9886374,clinical: close-up,Malignant,BCC,55.0,male,head/neck
ISIC_1205427,IL_9886374,dermoscopic,Malignant,BCC,55.0,male,head/neck
ISIC_9826023,IL_9890052,clinical: close-up,Malignant,SCCKA,65.0,male,
ISIC_8171632,IL_9890052,dermoscopic,Malignant,SCCKA,65.0,male,
ISIC_3984912,IL_9891746,clinical: close-up,Malignant,MEL,45.0,female,upper extremity
ISIC_9357735,IL_9891746,dermoscopic,Malignant,MEL,45.0,female,upper extremity
ISIC_9922427,IL_9891948,clinical: close-up,Malignant,BCC,60.0,male,head/neck
ISIC_6664385,IL_9891948,dermoscopic,Malignant,BCC,60.0,male,head/neck
ISIC_6026220,IL_9895389,clinical: close-up,Malignant,BCC,85.0,male,
ISIC_4743338,IL_9895389,dermoscopic,Malignant,BCC,85.0,male,
ISIC_6513986,IL_9897493,clinical: close-up,Malignant,MEL,80.0,male,
ISIC_6655070,IL_9897493,dermoscopic,Malignant,MEL,80.0,male,
ISIC_5784227,IL_9897745,clinical: close-up,Malignant,BCC,85.0,female,lower extremity
ISIC_0666575,IL_9897745,dermoscopic,Malignant,BCC,85.0,female,lower extremity
ISIC_8631635,IL_9899181,clinical: close-up,Malignant,BCC,85.0,male,head/neck
ISIC_3432012,IL_9899181,dermoscopic,Malignant,BCC,85.0,male,head/neck
ISIC_5315549,IL_9900993,clinical: close-up,Benign,VASC,55.0,female,upper extremity
ISIC_8158325,IL_9900993,dermoscopic,Benign,VASC,55.0,female,upper extremity
ISIC_5559099,IL_9901727,clinical: close-up,Malignant,BCC,70.0,male,
ISIC_9875123,IL_9901727,dermoscopic,Malignant,BCC,70.0,male,
ISIC_3601726,IL_9904066,clinical: close-up,Malignant,BCC,60.0,male,upper extremity
ISIC_7305201,IL_9904066,dermoscopic,Malignant,BCC,60.0,male,upper extremity
ISIC_6142601,IL_9906157,clinical: close-up,Malignant,BCC,75.0,female,head/neck
ISIC_6349779,IL_9906157,dermoscopic,Malignant,BCC,75.0,female,head/neck
ISIC_6881975,IL_9912061,clinical: close-up,Indeterminate,AKIEC,75.0,male,lower extremity
ISIC_4352140,IL_9912061,dermoscopic,Indeterminate,AKIEC,75.0,male,lower extremity
ISIC_7242126,IL_9914605,clinical: close-up,Malignant,BCC,70.0,male,head/neck
ISIC_7264785,IL_9914605,dermoscopic,Malignant,BCC,70.0,male,head/neck
ISIC_2392847,IL_9917047,clinical: close-up,Malignant,BCC,75.0,male,
ISIC_9900027,IL_9917047,dermoscopic,Malignant,BCC,75.0,male,
ISIC_2160112,IL_9921206,clinical: close-up,Benign,BKL,80.0,female,upper extremity
ISIC_9020314,IL_9921206,dermoscopic,Benign,BKL,80.0,female,upper extremity
ISIC_8184627,IL_9924772,clinical: close-up,Benign,BKL,70.0,female,head/neck
ISIC_3256836,IL_9924772,dermoscopic,Benign,BKL,70.0,female,head/neck
ISIC_2015432,IL_9926530,clinical: close-up,Benign,NV,5.0,female,upper extremity
ISIC_4273674,IL_9926530,dermoscopic,Benign,NV,5.0,female,upper extremity
ISIC_0964646,IL_9940572,clinical: close-up,Benign,BKL,80.0,male,lower extremity
ISIC_3567360,IL_9940572,dermoscopic,Benign,BKL,80.0,male,lower extremity
ISIC_3946986,IL_9941625,clinical: close-up,Benign,NV,5.0,female,lower extremity
ISIC_5997924,IL_9941625,dermoscopic,Benign,NV,5.0,female,lower extremity
ISIC_3508744,IL_9941677,clinical: close-up,Malignant,BCC,65.0,male,
ISIC_8158738,IL_9941677,dermoscopic,Malignant,BCC,65.0,male,
ISIC_2668584,IL_9942096,clinical: close-up,Malignant,MEL,70.0,male,head/neck
ISIC_4845899,IL_9942096,dermoscopic,Malignant,MEL,70.0,male,head/neck
ISIC_7803811,IL_9943627,clinical: close-up,Malignant,BCC,70.0,female,head/neck
ISIC_3669176,IL_9943627,dermoscopic,Malignant,BCC,70.0,female,head/neck
ISIC_8443235,IL_9944302,clinical: close-up,Benign,NV,25.0,male,
ISIC_5552683,IL_9944302,dermoscopic,Benign,NV,25.0,male,
ISIC_4467920,IL_9944816,clinical: close-up,Malignant,BCC,65.0,female,
ISIC_6005871,IL_9944816,dermoscopic,Malignant,BCC,65.0,female,
ISIC_5489979,IL_9945290,clinical: close-up,Benign,BEN_OTH,30.0,female,lower extremity
ISIC_8760881,IL_9945290,dermoscopic,Benign,BEN_OTH,30.0,female,lower extremity
ISIC_5471903,IL_9949464,clinical: close-up,Benign,BKL,70.0,male,head/neck
ISIC_4426808,IL_9949464,dermoscopic,Benign,BKL,70.0,male,head/neck
ISIC_2266613,IL_9950953,clinical: close-up,Benign,BKL,75.0,male,
ISIC_1536379,IL_9950953,dermoscopic,Benign,BKL,75.0,male,
ISIC_8580681,IL_9952743,clinical: close-up,Benign,INF,65.0,female,lower extremity
ISIC_3937278,IL_9952743,dermoscopic,Benign,INF,65.0,female,lower extremity
ISIC_3175640,IL_9958247,clinical: close-up,Malignant,MEL,75.0,male,
ISIC_7870559,IL_9958247,dermoscopic,Malignant,MEL,75.0,male,
ISIC_9149605,IL_9965908,clinical: close-up,Malignant,BCC,70.0,male,head/neck
ISIC_3069767,IL_9965908,dermoscopic,Malignant,BCC,70.0,male,head/neck
ISIC_0661563,IL_9968206,clinical: close-up,Benign,BKL,80.0,female,head/neck
ISIC_0729575,IL_9968206,dermoscopic,Benign,BKL,80.0,female,head/neck
ISIC_9884445,IL_9972566,clinical: close-up,Malignant,BCC,85.0,female,head/neck
ISIC_2533248,IL_9972566,dermoscopic,Malignant,BCC,85.0,female,head/neck
ISIC_2896896,IL_9974051,clinical: close-up,Malignant,BCC,55.0,female,
ISIC_1322802,IL_9974051,dermoscopic,Malignant,BCC,55.0,female,
ISIC_4653787,IL_9975498,clinical: close-up,Benign,INF,50.0,female,
ISIC_0135826,IL_9975498,dermoscopic,Benign,INF,50.0,female,
ISIC_4378281,IL_9977217,clinical: close-up,Malignant,BCC,65.0,male,upper extremity
ISIC_5873586,IL_9977217,dermoscopic,Malignant,BCC,65.0,male,upper extremity
ISIC_3757262,IL_9978605,clinical: close-up,Malignant,BCC,65.0,male,upper extremity
ISIC_2036804,IL_9978605,dermoscopic,Malignant,BCC,65.0,male,upper extremity
ISIC_6491504,IL_9980113,clinical: close-up,Malignant,AKIEC,55.0,female,head/neck
ISIC_7112600,IL_9980113,dermoscopic,Malignant,AKIEC,55.0,female,head/neck
ISIC_9222858,IL_9982376,clinical: close-up,Malignant,SCCKA,80.0,female,head/neck
ISIC_9075808,IL_9982376,dermoscopic,Malignant,SCCKA,80.0,female,head/neck
ISIC_1009860,IL_9982426,clinical: close-up,Malignant,SCCKA,80.0,male,head/neck
ISIC_9940061,IL_9982426,dermoscopic,Malignant,SCCKA,80.0,male,head/neck
ISIC_8178956,IL_9983052,clinical: close-up,Malignant,AKIEC,60.0,female,upper extremity
ISIC_1099402,IL_9983052,dermoscopic,Malignant,AKIEC,60.0,female,upper extremity
ISIC_8117173,IL_9983114,clinical: close-up,Benign,BKL,65.0,female,lower extremity
ISIC_8457619,IL_9983114,dermoscopic,Benign,BKL,65.0,female,lower extremity
ISIC_3908025,IL_9984758,clinical: close-up,Malignant,BCC,70.0,male,
ISIC_9345667,IL_9984758,dermoscopic,Malignant,BCC,70.0,male,
ISIC_8779998,IL_9991092,clinical: close-up,Malignant,BCC,65.0,male,upper extremity
ISIC_5984628,IL_9991092,dermoscopic,Malignant,BCC,65.0,male,upper extremity
ISIC_3050113,IL_9991953,clinical: close-up,Malignant,MEL,70.0,male,
ISIC_9182531,IL_9991953,dermoscopic,Malignant,MEL,70.0,male,
ISIC_6708834,IL_9992890,clinical: close-up,Malignant,BCC,85.0,male,lower extremity
ISIC_3782736,IL_9992890,dermoscopic,Malignant,BCC,85.0,male,lower extremity
ISIC_1597370,IL_9993432,clinical: close-up,Malignant,MEL,45.0,male,
ISIC_0320008,IL_9993432,dermoscopic,Malignant,MEL,45.0,male,
ISIC_7243538,IL_9994739,clinical: close-up,Malignant,SCCKA,85.0,male,upper extremity
ISIC_4873822,IL_9994739,dermoscopic,Malignant,SCCKA,85.0,male,upper extremity
ISIC_9832572,IL_9995614,clinical: close-up,Malignant,MEL,55.0,male,
ISIC_7749901,IL_9995614,dermoscopic,Malignant,MEL,55.0,male,
