isic_id,image_type,width,height,file_bytes,error
ISIC_0051817,dermoscopic,600,450,42546,
ISIC_0073863,dermoscopic,600,450,26084,
ISIC_0075884,clinical: close-up,600,450,39282,
ISIC_0076255,dermoscopic,600,450,23797,
ISIC_0077054,dermoscopic,600,450,26610,
ISIC_0078190,dermoscopic,600,450,20398,
ISIC_0078197,clinical: close-up,600,450,35164,
ISIC_0080019,clinical: close-up,600,450,41468,
ISIC_0080219,dermoscopic,600,450,29966,
ISIC_0081055,dermoscopic,600,450,31436,
ISIC_0082447,clinical: close-up,600,450,62266,
ISIC_0082638,dermoscopic,600,450,23435,
ISIC_0082674,dermoscopic,600,450,18599,
ISIC_0084581,dermoscopic,600,450,26645,
ISIC_0084885,dermoscopic,600,450,25475,
ISIC_0084958,clinical: close-up,600,450,20865,
ISIC_0089407,dermoscopic,600,450,31350,
ISIC_0090512,dermoscopic,600,450,38902,
ISIC_0091092,dermoscopic,600,450,27872,
ISIC_0091477,clinical: close-up,600,450,32699,
ISIC_0091575,clinical: close-up,600,450,44106,
ISIC_0093135,clinical: close-up,600,450,52738,
ISIC_0093389,clinical: close-up,600,450,44016,
ISIC_0093873,dermoscopic,600,450,28513,
ISIC_0094604,clinical: close-up,600,450,35808,
ISIC_0095743,dermoscopic,600,450,23138,
ISIC_0096543,dermoscopic,600,450,24109,
ISIC_0097262,dermoscopic,600,450,25133,
ISIC_0097302,dermoscopic,600,450,25253,
ISIC_0097629,clinical: close-up,600,450,39005,
ISIC_0097906,clinical: close-up,600,450,31448,
ISIC_0100523,dermoscopic,600,450,34980,
ISIC_0101062,dermoscopic,600,450,28028,
ISIC_0101767,dermoscopic,600,450,30297,
ISIC_0101955,dermoscopic,600,450,17489,
ISIC_0103091,clinical: close-up,600,450,39723,
ISIC_0103392,dermoscopic,600,450,25620,
ISIC_0105249,clinical: close-up,600,450,49366,
ISIC_0106322,dermoscopic,600,450,15242,
ISIC_0107067,dermoscopic,600,450,45725,
ISIC_0108357,clinical: close-up,600,450,66322,
ISIC_0114709,clinical: close-up,600,450,52149,
ISIC_0115114,clinical: close-up,600,450,65594,
ISIC_0115985,dermoscopic,600,450,20214,
ISIC_0116442,dermoscopic,600,450,25341,
ISIC_0116622,clinical: close-up,600,450,29898,
ISIC_0118496,clinical: close-up,600,450,44820,
ISIC_0118795,dermoscopic,600,450,34710,
ISIC_0119243,dermoscopic,600,450,24250,
ISIC_0121050,clinical: close-up,600,450,45915,
ISIC_0123535,clinical: close-up,600,450,52934,
ISIC_0124081,dermoscopic,600,450,26000,
ISIC_0124764,dermoscopic,600,450,38219,
ISIC_0124902,dermoscopic,600,450,24554,
ISIC_0125513,clinical: close-up,600,450,29334,
ISIC_0125985,clinical: close-up,600,450,40186,
ISIC_0127217,clinical: close-up,600,450,34234,
ISIC_0127934,clinical: close-up,600,450,20608,
ISIC_0129379,dermoscopic,600,450,31608,
ISIC_0132555,clinical: close-up,600,450,44721,
ISIC_0135161,dermoscopic,600,450,27605,
ISIC_0135826,dermoscopic,600,450,28092,
ISIC_0138768,clinical: close-up,600,450,36140,
ISIC_0138914,dermoscopic,600,450,27977,
ISIC_0140176,clinical: close-up,600,450,17048,
ISIC_0141332,dermoscopic,600,450,38016,
ISIC_0141634,dermoscopic,600,450,23746,
ISIC_0143535,dermoscopic,600,450,35366,
ISIC_0144213,clinical: close-up,600,450,35557,
ISIC_0146067,clinical: close-up,600,450,44383,
ISIC_0146278,dermoscopic,600,450,25350,
ISIC_0147255,dermoscopic,600,450,29489,
ISIC_0148805,clinical: close-up,600,450,34142,
ISIC_0149062,clinical: close-up,600,450,41193,
ISIC_0150748,dermoscopic,600,450,20580,
ISIC_0151603,dermoscopic,600,450,22474,
ISIC_0151981,clinical: close-up,600,450,30462,
ISIC_0153376,dermoscopic,600,450,21366,
ISIC_0153470,clinical: close-up,600,450,42205,
ISIC_0154688,clinical: close-up,600,450,59155,
ISIC_0154826,dermoscopic,600,450,23353,
ISIC_0155053,dermoscopic,600,450,18373,
ISIC_0155115,clinical: close-up,600,450,50272,
ISIC_0156507,dermoscopic,600,450,32695,
ISIC_0158073,clinical: close-up,600,450,33720,
ISIC_0159106,clinical: close-up,600,450,25416,
ISIC_0159683,clinical: close-up,600,450,36152,
ISIC_0159874,dermoscopic,600,450,19525,
ISIC_0161474,dermoscopic,600,450,26775,
ISIC_0163776,dermoscopic,600,450,23053,
ISIC_0165103,dermoscopic,600,450,37129,
ISIC_0165198,dermoscopic,600,450,21268,
ISIC_0167746,clinical: close-up,600,450,17951,
ISIC_0167803,dermoscopic,600,450,30247,
ISIC_0169510,clinical: close-up,600,450,45476,
ISIC_0169534,clinical: close-up,600,450,42530,
ISIC_0169805,clinical: close-up,600,450,35996,
ISIC_0174755,dermoscopic,600,450,25836,
ISIC_0174869,dermoscopic,600,450,30144,
ISIC_0176893,clinical: close-up,600,450,34521,
ISIC_0178503,dermoscopic,600,450,26787,
ISIC_0179367,dermoscopic,600,450,28710,
ISIC_0181316,dermoscopic,600,450,26035,
ISIC_0184224,dermoscopic,600,450,34327,
ISIC_0185358,clinical: close-up,600,450,29972,
ISIC_0185719,clinical: close-up,600,450,38644,
ISIC_0187127,clinical: close-up,600,450,42623,
ISIC_0187220,dermoscopic,600,450,26606,
ISIC_0188950,dermoscopic,600,450,28516,
ISIC_0189659,clinical: close-up,600,450,43465,
ISIC_0190959,dermoscopic,600,450,26323,
ISIC_0191714,clinical: close-up,600,450,29919,
ISIC_0192391,clinical: close-up,600,450,48928,
ISIC_0194116,clinical: close-up,600,450,36956,
ISIC_0195347,clinical: close-up,600,450,39888,
ISIC_0195374,dermoscopic,600,450,34495,
ISIC_0195795,dermoscopic,600,450,31462,
ISIC_0197274,dermoscopic,600,450,17731,
ISIC_0197527,dermoscopic,600,450,26917,
ISIC_0197900,dermoscopic,600,450,28813,
ISIC_0198032,clinical: close-up,600,450,31221,
ISIC_0199124,dermoscopic,600,450,28110,
ISIC_0200116,clinical: close-up,600,450,40888,
ISIC_0202283,dermoscopic,600,450,24887,
ISIC_0202768,clinical: close-up,600,450,46671,
ISIC_0204323,dermoscopic,600,450,28910,
ISIC_0204389,dermoscopic,600,450,19770,
ISIC_0204717,dermoscopic,600,450,25160,
ISIC_0208357,dermoscopic,600,450,25026,
ISIC_0210672,dermoscopic,600,450,26490,
ISIC_0210682,clinical: close-up,600,450,63138,
ISIC_0210906,clinical: close-up,600,450,58730,
ISIC_0211067,clinical: close-up,600,450,38671,
ISIC_0211830,clinical: close-up,600,450,38998,
ISIC_0212251,dermoscopic,600,450,39625,
ISIC_0215803,dermoscopic,600,450,16266,
ISIC_0216815,clinical: close-up,600,450,49398,
ISIC_0217174,clinical: close-up,600,450,46002,
ISIC_0217198,clinical: close-up,600,450,56769,
ISIC_0218425,clinical: close-up,600,450,37087,
ISIC_0220749,clinical: close-up,600,450,35516,
ISIC_0220890,dermoscopic,600,450,16694,
ISIC_0225237,clinical: close-up,600,450,39489,
ISIC_0225383,clinical: close-up,600,450,33520,
ISIC_0225656,clinical: close-up,600,450,30089,
ISIC_0226793,clinical: close-up,600,450,25258,
ISIC_0226810,clinical: close-up,600,450,45738,
ISIC_0228941,clinical: close-up,600,450,42378,
ISIC_0229794,clinical: close-up,600,450,28887,
ISIC_0230087,dermoscopic,600,450,23255,
ISIC_0230558,clinical: close-up,600,450,34827,
ISIC_0230992,clinical: close-up,600,450,29654,
ISIC_0231625,clinical: close-up,600,450,38677,
ISIC_0233827,dermoscopic,600,450,15118,
ISIC_0233929,clinical: close-up,600,450,46240,
ISIC_0234148,clinical: close-up,600,450,50253,
ISIC_0234458,dermoscopic,600,450,29931,
ISIC_0236002,clinical: close-up,600,450,48730,
ISIC_0236351,clinical: close-up,600,450,39667,
ISIC_0237641,clinical: close-up,600,450,35320,
ISIC_0240393,clinical: close-up,600,450,26271,
ISIC_0241896,clinical: close-up,600,450,46065,
ISIC_0242383,dermoscopic,600,450,29814,
ISIC_0244875,dermoscopic,600,450,30772,
ISIC_0245594,dermoscopic,600,450,33244,
ISIC_0247645,clinical: close-up,600,450,40157,
ISIC_0248336,clinical: close-up,600,450,53479,
ISIC_0250211,clinical: close-up,600,450,39904,
ISIC_0251142,dermoscopic,600,450,28586,
ISIC_0254794,clinical: close-up,600,450,35698,
ISIC_0255886,clinical: close-up,600,450,34711,
ISIC_0256695,dermoscopic,600,450,25801,
ISIC_0257297,clinical: close-up,600,450,41519,
ISIC_0257338,clinical: close-up,600,450,23336,
ISIC_0258020,clinical: close-up,600,450,58228,
ISIC_0259020,clinical: close-up,600,450,38817,
ISIC_0260732,clinical: close-up,600,450,42972,
ISIC_0261218,clinical: close-up,600,450,41549,
ISIC_0263121,clinical: close-up,600,450,42860,
ISIC_0263908,clinical: close-up,600,450,41884,
ISIC_0264904,clinical: close-up,600,450,48450,
ISIC_0265421,dermoscopic,600,450,20775,
ISIC_0265983,clinical: close-up,600,450,35014,
ISIC_0266897,clinical: close-up,600,450,48030,
ISIC_0267616,clinical: close-up,600,450,39369,
ISIC_0268984,dermoscopic,600,450,24966,
ISIC_0270502,clinical: close-up,600,450,45917,
ISIC_0271489,clinical: close-up,600,450,41884,
ISIC_0273939,dermoscopic,600,450,30089,
ISIC_0274862,clinical: close-up,600,450,59982,
ISIC_0275196,clinical: close-up,600,450,52579,
ISIC_0277160,clinical: close-up,600,450,43395,
ISIC_0278402,clinical: close-up,600,450,46719,
ISIC_0278827,clinical: close-up,600,450,18530,
ISIC_0280428,clinical: close-up,600,450,37675,
ISIC_0281083,clinical: close-up,600,450,45511,
ISIC_0282178,dermoscopic,600,450,24618,
ISIC_0282454,dermoscopic,600,450,24381,
ISIC_0282478,clinical: close-up,600,450,39240,
ISIC_0283929,dermoscopic,600,450,25641,
ISIC_0284963,clinical: close-up,600,450,25205,
ISIC_0286860,clinical: close-up,600,450,38397,
ISIC_0289289,dermoscopic,600,450,26795,
ISIC_0289550,dermoscopic,600,450,26781,
ISIC_0289881,dermoscopic,600,450,34911,
ISIC_0290183,dermoscopic,600,450,31223,
ISIC_0290702,clinical: close-up,600,450,45172,
ISIC_0292082,clinical: close-up,600,450,46920,
ISIC_0292393,dermoscopic,600,450,25862,
ISIC_0294743,clinical: close-up,600,450,47226,
ISIC_0297229,clinical: close-up,600,450,41001,
ISIC_0298744,dermoscopic,600,450,36115,
ISIC_0301368,dermoscopic,600,450,32439,
ISIC_0302768,clinical: close-up,600,450,35679,
ISIC_0303344,dermoscopic,600,450,26519,
ISIC_0303886,clinical: close-up,600,450,39506,
ISIC_0304311,dermoscopic,600,450,21339,
ISIC_0304794,dermoscopic,600,450,40743,
ISIC_0305865,dermoscopic,600,450,31051,
ISIC_0307003,clinical: close-up,600,450,73050,
ISIC_0307392,clinical: close-up,600,450,26130,
ISIC_0307669,dermoscopic,600,450,19678,
ISIC_0308676,dermoscopic,600,450,28466,
ISIC_0310082,clinical: close-up,600,450,33300,
ISIC_0310449,dermoscopic,600,450,27666,
ISIC_0310855,dermoscopic,600,450,21293,
ISIC_0311394,dermoscopic,600,450,32036,
ISIC_0311944,dermoscopic,600,450,22867,
ISIC_0313013,clinical: close-up,600,450,34874,
ISIC_0314216,dermoscopic,600,450,17711,
ISIC_0314737,clinical: close-up,600,450,42013,
ISIC_0316259,clinical: close-up,600,450,45795,
ISIC_0317094,dermoscopic,600,450,17310,
ISIC_0319894,dermoscopic,600,450,22289,
ISIC_0320008,dermoscopic,600,450,28563,
ISIC_0321371,dermoscopic,600,450,25506,
ISIC_0323748,dermoscopic,600,450,20887,
ISIC_0323945,clinical: close-up,600,450,35070,
ISIC_0324439,clinical: close-up,600,450,41950,
ISIC_0325053,clinical: close-up,600,450,47395,
ISIC_0325706,clinical: close-up,600,450,40464,
ISIC_0326524,clinical: close-up,600,450,32878,
ISIC_0326699,clinical: close-up,600,450,36955,
ISIC_0327776,clinical: close-up,600,450,42039,
ISIC_0329283,clinical: close-up,600,450,54857,
ISIC_0330089,dermoscopic,600,450,29774,
ISIC_0332299,clinical: close-up,600,450,28016,
ISIC_0332749,clinical: close-up,600,450,54843,
ISIC_0333650,clinical: close-up,600,450,40226,
ISIC_0336951,clinical: close-up,600,450,38155,
ISIC_0338353,clinical: close-up,600,450,37816,
ISIC_0338405,clinical: close-up,600,450,36996,
ISIC_0338923,clinical: close-up,600,450,45278,
ISIC_0339191,dermoscopic,600,450,30629,
ISIC_0342710,dermoscopic,600,450,40894,
ISIC_0346032,clinical: close-up,600,450,32560,
ISIC_0346075,clinical: close-up,600,450,20569,
ISIC_0346352,dermoscopic,600,450,16542,
ISIC_0349437,clinical: close-up,600,450,36213,
ISIC_0350119,dermoscopic,600,450,25387,
ISIC_0350483,dermoscopic,600,450,28567,
ISIC_0350747,dermoscopic,600,450,29542,
ISIC_0350911,clinical: close-up,600,450,36170,
ISIC_0352367,clinical: close-up,600,450,42610,
ISIC_0353171,clinical: close-up,600,450,35402,
ISIC_0354697,clinical: close-up,600,450,30187,
ISIC_0356038,dermoscopic,600,450,22474,
ISIC_0360727,dermoscopic,600,450,44876,
ISIC_0361189,dermoscopic,600,450,18726,
ISIC_0361366,clinical: close-up,600,450,32554,
ISIC_0362181,clinical: close-up,600,450,17825,
ISIC_0363002,clinical: close-up,600,450,52071,
ISIC_0364345,clinical: close-up,600,450,39973,
ISIC_0365517,clinical: close-up,600,450,34564,
ISIC_0366902,clinical: close-up,600,450,39179,
ISIC_0367096,clinical: close-up,600,450,37060,
ISIC_0368075,clinical: close-up,600,450,48342,
ISIC_0368345,dermoscopic,600,450,25762,
ISIC_0368483,clinical: close-up,600,450,46355,
ISIC_0368554,dermoscopic,600,450,25519,
ISIC_0369681,dermoscopic,600,450,21590,
ISIC_0370218,dermoscopic,600,450,26229,
ISIC_0370740,clinical: close-up,600,450,39582,
ISIC_0370911,clinical: close-up,600,450,42798,
ISIC_0371409,dermoscopic,600,450,40110,
ISIC_0371990,clinical: close-up,600,450,33820,
ISIC_0372945,clinical: close-up,600,450,49514,
ISIC_0373147,clinical: close-up,600,450,36342,
ISIC_0373667,clinical: close-up,600,450,29446,
ISIC_0373682,dermoscopic,600,450,24578,
ISIC_0373826,dermoscopic,600,450,24511,
ISIC_0376198,clinical: close-up,600,450,42861,
ISIC_0376743,clinical: close-up,600,450,26592,
ISIC_0376752,dermoscopic,600,450,26068,
ISIC_0376931,dermoscopic,600,450,24725,
ISIC_0377418,clinical: close-up,600,450,39942,
ISIC_0377749,clinical: close-up,600,450,33181,
ISIC_0378725,dermoscopic,600,450,23173,
ISIC_0378928,clinical: close-up,600,450,30450,
ISIC_0379139,clinical: close-up,600,450,41077,
ISIC_0379615,clinical: close-up,600,450,34735,
ISIC_0379668,dermoscopic,600,450,25908,
ISIC_0381085,clinical: close-up,600,450,26578,
ISIC_0381744,dermoscopic,600,450,30650,
ISIC_0381913,clinical: close-up,600,450,37313,
ISIC_0382621,clinical: close-up,600,450,31640,
ISIC_0383910,dermoscopic,600,450,19738,
ISIC_0384010,clinical: close-up,600,450,44639,
ISIC_0385678,clinical: close-up,600,450,45218,
ISIC_0386589,dermoscopic,600,450,24978,
ISIC_0387025,clinical: close-up,600,450,36929,
ISIC_0387034,clinical: close-up,600,450,58274,
ISIC_0387211,dermoscopic,600,450,21933,
ISIC_0387282,dermoscopic,600,450,28216,
ISIC_0387826,dermoscopic,600,450,23689,
ISIC_0388843,clinical: close-up,600,450,58240,
ISIC_0389181,clinical: close-up,600,450,36651,
ISIC_0390452,dermoscopic,600,450,34970,
ISIC_0391153,clinical: close-up,600,450,39142,
ISIC_0391361,clinical: close-up,600,450,25925,
ISIC_0392480,dermoscopic,600,450,23137,
ISIC_0393134,dermoscopic,600,450,21930,
ISIC_0393927,clinical: close-up,600,450,41266,
ISIC_0396597,clinical: close-up,600,450,41830,
ISIC_0397332,dermoscopic,600,450,20911,
ISIC_0398312,clinical: close-up,600,450,35349,
ISIC_0398501,clinical: close-up,600,450,27941,
ISIC_0402070,clinical: close-up,600,450,51467,
ISIC_0402893,clinical: close-up,600,450,30613,
ISIC_0403826,dermoscopic,600,450,34347,
ISIC_0406149,dermoscopic,600,450,35003,
ISIC_0408084,dermoscopic,600,450,21868,
ISIC_0408436,dermoscopic,600,450,34508,
ISIC_0408941,clinical: close-up,600,450,42454,
ISIC_0410404,clinical: close-up,600,450,32998,
ISIC_0410802,dermoscopic,600,450,31793,
ISIC_0411043,clinical: close-up,600,450,33401,
ISIC_0411208,clinical: close-up,600,450,43674,
ISIC_0411343,clinical: close-up,600,450,36561,
ISIC_0411397,dermoscopic,600,450,21407,
ISIC_0411803,dermoscopic,600,450,24928,
ISIC_0414153,clinical: close-up,600,450,55552,
ISIC_0414164,dermoscopic,600,450,32469,
ISIC_0415024,clinical: close-up,600,450,30359,
ISIC_0416055,dermoscopic,600,450,33006,
ISIC_0416329,dermoscopic,600,450,31806,
ISIC_0417486,dermoscopic,600,450,29383,
ISIC_0418807,clinical: close-up,600,450,38591,
ISIC_0419492,clinical: close-up,600,450,39893,
ISIC_0422017,dermoscopic,600,450,22140,
ISIC_0423080,clinical: close-up,600,450,43274,
ISIC_0423217,dermoscopic,600,450,28835,
ISIC_0424213,dermoscopic,600,450,27789,
ISIC_0424515,clinical: close-up,600,450,37065,
ISIC_0424607,clinical: close-up,600,450,30860,
ISIC_0426102,clinical: close-up,600,450,39330,
ISIC_0426130,clinical: close-up,600,450,21183,
ISIC_0426131,dermoscopic,600,450,22276,
ISIC_0426781,clinical: close-up,600,450,41226,
ISIC_0427331,dermoscopic,600,450,24945,
ISIC_0427475,clinical: close-up,600,450,35459,
ISIC_0428185,clinical: close-up,600,450,41405,
ISIC_0428450,clinical: close-up,600,450,49515,
ISIC_0433706,dermoscopic,600,450,32901,
ISIC_0435506,dermoscopic,600,450,30854,
ISIC_0438775,clinical: close-up,600,450,34937,
ISIC_0440292,clinical: close-up,600,450,39051,
ISIC_0440550,dermoscopic,600,450,32144,
ISIC_0441214,clinical: close-up,600,450,47988,
ISIC_0441425,clinical: close-up,600,450,44329,
ISIC_0441714,clinical: close-up,600,450,34506,
ISIC_0441765,clinical: close-up,600,450,37922,
ISIC_0442192,clinical: close-up,600,450,34457,
ISIC_0442849,dermoscopic,600,450,20924,
ISIC_0442866,dermoscopic,600,450,22994,
ISIC_0443245,clinical: close-up,600,450,33967,
ISIC_0444685,clinical: close-up,600,450,46921,
ISIC_0444953,dermoscopic,600,450,24073,
ISIC_0445960,dermoscopic,600,450,24389,
ISIC_0447190,clinical: close-up,600,450,33304,
ISIC_0447553,clinical: close-up,600,450,24733,
ISIC_0448586,dermoscopic,600,450,38927,
ISIC_0450405,dermoscopic,600,450,31113,
ISIC_0450792,dermoscopic,600,450,16392,
ISIC_0454029,dermoscopic,600,450,20326,
ISIC_0454057,dermoscopic,600,450,21200,
ISIC_0456269,clinical: close-up,600,450,28639,
ISIC_0457897,clinical: close-up,600,450,35315,
ISIC_0458709,clinical: close-up,600,450,65266,
ISIC_0460586,dermoscopic,600,450,18625,
ISIC_0460690,clinical: close-up,600,450,47612,
ISIC_0461233,dermoscopic,600,450,31167,
ISIC_0461566,dermoscopic,600,450,19649,
ISIC_0463396,clinical: close-up,600,450,34976,
ISIC_0463510,clinical: close-up,600,450,51426,
ISIC_0464954,clinical: close-up,600,450,51468,
ISIC_0467500,dermoscopic,600,450,18744,
ISIC_0467628,dermoscopic,600,450,19574,
ISIC_0467778,dermoscopic,600,450,37832,
ISIC_0468332,clinical: close-up,600,450,32781,
ISIC_0468733,clinical: close-up,600,450,50941,
ISIC_0470080,clinical: close-up,600,450,27814,
ISIC_0471652,clinical: close-up,600,450,62911,
ISIC_0472359,dermoscopic,600,450,24232,
ISIC_0473678,clinical: close-up,600,450,69704,
ISIC_0474474,dermoscopic,600,450,32502,
ISIC_0477999,dermoscopic,600,450,25007,
ISIC_0478016,clinical: close-up,600,450,43199,
ISIC_0478881,dermoscopic,600,450,20975,
ISIC_0479656,dermoscopic,600,450,24921,
ISIC_0481541,dermoscopic,600,450,34143,
ISIC_0483066,clinical: close-up,600,450,36993,
ISIC_0485396,dermoscopic,600,450,28589,
ISIC_0485633,clinical: close-up,600,450,35083,
ISIC_0487104,dermoscopic,600,450,24843,
ISIC_0488771,clinical: close-up,600,450,55574,
ISIC_0489274,dermoscopic,600,450,27694,
ISIC_0489440,dermoscopic,600,450,25155,
ISIC_0489493,clinical: close-up,600,450,28760,
ISIC_0490117,clinical: close-up,600,450,34446,
ISIC_0490330,clinical: close-up,600,450,32963,
ISIC_0490468,dermoscopic,600,450,23747,
ISIC_0495585,clinical: close-up,600,450,33666,
ISIC_0495769,dermoscopic,600,450,24910,
ISIC_0496864,dermoscopic,600,450,30871,
ISIC_0497574,dermoscopic,600,450,35040,
ISIC_0497671,clinical: close-up,600,450,48042,
ISIC_0497849,dermoscopic,600,450,27711,
ISIC_0497851,dermoscopic,600,450,25454,
ISIC_0497911,dermoscopic,600,450,25647,
ISIC_0497921,dermoscopic,600,450,30120,
ISIC_0498304,clinical: close-up,600,450,30833,
ISIC_0499568,dermoscopic,600,450,29678,
ISIC_0499702,clinical: close-up,600,450,22404,
ISIC_0499739,dermoscopic,600,450,19076,
ISIC_0500110,dermoscopic,600,450,26850,
ISIC_0501244,clinical: close-up,600,450,27428,
ISIC_0502224,clinical: close-up,600,450,57225,
ISIC_0502413,dermoscopic,600,450,28744,
ISIC_0502738,dermoscopic,600,450,26883,
ISIC_0504075,clinical: close-up,600,450,55978,
ISIC_0506795,dermoscopic,600,450,31251,
ISIC_0506930,clinical: close-up,600,450,31311,
ISIC_0506961,clinical: close-up,600,450,47485,
ISIC_0507021,dermoscopic,600,450,29447,
ISIC_0507617,clinical: close-up,600,450,36684,
ISIC_0507778,clinical: close-up,600,450,36021,
ISIC_0508629,dermoscopic,600,450,20800,
ISIC_0508714,dermoscopic,600,450,41388,
ISIC_0510199,clinical: close-up,600,450,43424,
ISIC_0510537,dermoscopic,600,450,19574,
ISIC_0512596,clinical: close-up,600,450,31303,
ISIC_0512725,dermoscopic,600,450,22182,
ISIC_0512778,clinical: close-up,600,450,56247,
ISIC_0513234,clinical: close-up,600,450,40240,
ISIC_0513969,dermoscopic,600,450,24127,
ISIC_0514391,clinical: close-up,600,450,34362,
ISIC_0515719,clinical: close-up,600,450,44485,
ISIC_0517219,clinical: close-up,600,450,40384,
ISIC_0517354,clinical: close-up,600,450,51470,
ISIC_0517766,clinical: close-up,600,450,36803,
ISIC_0518723,dermoscopic,600,450,18679,
ISIC_0519768,dermoscopic,600,450,26311,
ISIC_0522356,clinical: close-up,600,450,47979,
ISIC_0524110,clinical: close-up,600,450,32108,
ISIC_0525463,dermoscopic,600,450,24817,
ISIC_0526168,clinical: close-up,600,450,45971,
ISIC_0527788,clinical: close-up,600,450,17712,
ISIC_0528026,clinical: close-up,600,450,41122,
ISIC_0528832,dermoscopic,600,450,34257,
ISIC_0528949,dermoscopic,600,450,15717,
ISIC_0529050,dermoscopic,600,450,31929,
ISIC_0529633,dermoscopic,600,450,32341,
ISIC_0531382,dermoscopic,600,450,28671,
ISIC_0532349,dermoscopic,600,450,23567,
ISIC_0532506,clinical: close-up,600,450,39933,
ISIC_0533507,dermoscopic,600,450,29785,
ISIC_0534510,clinical: close-up,600,450,39385,
ISIC_0535290,dermoscopic,600,450,25970,
ISIC_0537394,clinical: close-up,600,450,35182,
ISIC_0537911,clinical: close-up,600,450,45967,
ISIC_0538851,clinical: close-up,600,450,35505,
ISIC_0539206,dermoscopic,600,450,26332,
ISIC_0540953,dermoscopic,600,450,38996,
ISIC_0542450,clinical: close-up,600,450,46051,
ISIC_0543368,clinical: close-up,600,450,44904,
ISIC_0546382,dermoscopic,600,450,30550,
ISIC_0546389,dermoscopic,600,450,29057,
ISIC_0546402,dermoscopic,600,450,26319,
ISIC_0547517,dermoscopic,600,450,25267,
ISIC_0547765,clinical: close-up,600,450,36277,
ISIC_0548842,clinical: close-up,600,450,31559,
ISIC_0552716,clinical: close-up,600,450,28958,
ISIC_0552734,dermoscopic,600,450,29796,
ISIC_0552851,clinical: close-up,600,450,35584,
ISIC_0553265,dermoscopic,600,450,23378,
ISIC_0553752,clinical: close-up,600,450,55478,
ISIC_0557709,clinical: close-up,600,450,32211,
ISIC_0558331,clinical: close-up,600,450,32904,
ISIC_0560217,clinical: close-up,600,450,46967,
ISIC_0560810,dermoscopic,600,450,23380,
ISIC_0561102,dermoscopic,600,450,22872,
ISIC_0561480,clinical: close-up,600,450,50942,
ISIC_0562738,dermoscopic,600,450,28799,
ISIC_0567766,clinical: close-up,600,450,23731,
ISIC_0569067,dermoscopic,600,450,33306,
ISIC_0569529,dermoscopic,600,450,28397,
ISIC_0570358,dermoscopic,600,450,34329,
ISIC_0570697,dermoscopic,600,450,38435,
ISIC_0571049,dermoscopic,600,450,20294,
ISIC_0571728,clinical: close-up,600,450,42441,
ISIC_0572831,clinical: close-up,600,450,42788,
ISIC_0572875,dermoscopic,600,450,28179,
ISIC_0573471,dermoscopic,600,450,25740,
ISIC_0575130,dermoscopic,600,450,33494,
ISIC_0575623,clinical: close-up,600,450,39268,
ISIC_0575879,clinical: close-up,600,450,39211,
ISIC_0576611,clinical: close-up,600,450,36779,
ISIC_0576794,clinical: close-up,600,450,37867,
ISIC_0579366,clinical: close-up,600,450,45034,
ISIC_0581803,clinical: close-up,600,450,36164,
ISIC_0582067,clinical: close-up,600,450,28884,
ISIC_0583040,clinical: close-up,600,450,95016,
ISIC_0583409,dermoscopic,600,450,27249,
ISIC_0583712,dermoscopic,600,450,36078,
ISIC_0584164,clinical: close-up,600,450,37989,
ISIC_0585018,clinical: close-up,600,450,33258,
ISIC_0586691,clinical: close-up,600,450,35666,
ISIC_0587530,clinical: close-up,600,450,26178,
ISIC_0588937,clinical: close-up,600,450,29358,
ISIC_0589952,clinical: close-up,600,450,55250,
ISIC_0590248,clinical: close-up,600,450,47813,
ISIC_0590401,clinical: close-up,600,450,43114,
ISIC_0591696,dermoscopic,600,450,28275,
ISIC_0592812,clinical: close-up,600,450,44674,
ISIC_0593055,dermoscopic,600,450,28502,
ISIC_0593908,dermoscopic,600,450,31830,
ISIC_0594231,clinical: close-up,600,450,20166,
ISIC_0595350,clinical: close-up,600,450,39446,
ISIC_0597607,dermoscopic,600,450,24121,
ISIC_0598073,dermoscopic,600,450,29275,
ISIC_0598387,dermoscopic,600,450,33755,
ISIC_0598709,dermoscopic,600,450,31064,
ISIC_0601665,dermoscopic,600,450,33902,
ISIC_0601743,dermoscopic,600,450,23395,
ISIC_0603125,clinical: close-up,600,450,33973,
ISIC_0603409,clinical: close-up,600,450,34448,
ISIC_0603818,dermoscopic,600,450,35002,
ISIC_0605402,clinical: close-up,600,450,32396,
ISIC_0605910,dermoscopic,600,450,22182,
ISIC_0606651,clinical: close-up,600,450,34279,
ISIC_0608754,clinical: close-up,600,450,47128,
ISIC_0608821,clinical: close-up,600,450,68932,
ISIC_0608960,clinical: close-up,600,450,43310,
ISIC_0610035,dermoscopic,600,450,31772,
ISIC_0612028,clinical: close-up,600,450,34515,
ISIC_0612181,clinical: close-up,600,450,48401,
ISIC_0612261,dermoscopic,600,450,17375,
ISIC_0612519,clinical: close-up,600,450,33983,
ISIC_0612725,clinical: close-up,600,450,41715,
ISIC_0612793,clinical: close-up,600,450,44390,
ISIC_0613695,dermoscopic,600,450,21413,
ISIC_0614880,clinical: close-up,600,450,30820,
ISIC_0615653,clinical: close-up,600,450,25822,
ISIC_0616115,clinical: close-up,600,450,46749,
ISIC_0617272,dermoscopic,600,450,21971,
ISIC_0620394,dermoscopic,600,450,22266,
ISIC_0622255,clinical: close-up,600,450,34089,
ISIC_0625197,dermoscopic,600,450,22541,
ISIC_0627375,clinical: close-up,600,450,40751,
ISIC_0627627,clinical: close-up,600,450,47541,
ISIC_0627667,clinical: close-up,600,450,33142,
ISIC_0627933,clinical: close-up,600,450,38622,
ISIC_0628522,dermoscopic,600,450,27041,
ISIC_0628658,clinical: close-up,600,450,37044,
ISIC_0629020,clinical: close-up,600,450,49258,
ISIC_0630375,clinical: close-up,600,450,61577,
ISIC_0632001,dermoscopic,600,450,24186,
ISIC_0633557,clinical: close-up,600,450,40988,
ISIC_0634232,dermoscopic,600,450,33648,
ISIC_0635424,clinical: close-up,600,450,29386,
ISIC_0637039,clinical: close-up,600,450,52348,
ISIC_0637655,dermoscopic,600,450,27552,
ISIC_0638581,clinical: close-up,600,450,46790,
ISIC_0640031,dermoscopic,600,450,26009,
ISIC_0642767,dermoscopic,600,450,27667,
ISIC_0643281,clinical: close-up,600,450,39285,
ISIC_0644098,dermoscopic,600,450,23074,
ISIC_0644224,dermoscopic,600,450,24532,
ISIC_0645934,dermoscopic,600,450,20862,
ISIC_0646278,clinical: close-up,600,450,42571,
ISIC_0646544,dermoscopic,600,450,26737,
ISIC_0647017,clinical: close-up,600,450,28852,
ISIC_0649359,clinical: close-up,600,450,21522,
ISIC_0649497,dermoscopic,600,450,49230,
ISIC_0650927,dermoscopic,600,450,26503,
ISIC_0651228,dermoscopic,600,450,23443,
ISIC_0652620,clinical: close-up,600,450,32997,
ISIC_0654229,clinical: close-up,600,450,25011,
ISIC_0655029,dermoscopic,600,450,41529,
ISIC_0656565,dermoscopic,600,450,30098,
ISIC_0656805,dermoscopic,600,450,53019,
ISIC_0657349,clinical: close-up,600,450,38266,
ISIC_0657679,dermoscopic,600,450,22361,
ISIC_0657859,clinical: close-up,600,450,47370,
ISIC_0658837,clinical: close-up,600,450,34972,
ISIC_0659229,clinical: close-up,600,450,41264,
ISIC_0659383,clinical: close-up,600,450,26287,
ISIC_0660859,dermoscopic,600,450,23780,
ISIC_0661387,clinical: close-up,600,450,43881,
ISIC_0661563,clinical: close-up,600,450,56677,
ISIC_0661874,clinical: close-up,600,450,35074,
ISIC_0662021,clinical: close-up,600,450,42286,
ISIC_0662620,dermoscopic,600,450,27689,
ISIC_0664016,dermoscopic,600,450,34502,
ISIC_0664879,dermoscopic,600,450,31851,
ISIC_0666405,dermoscopic,600,450,25531,
ISIC_0666574,clinical: close-up,600,450,49665,
ISIC_0666575,dermoscopic,600,450,25733,
ISIC_0669396,dermoscopic,600,450,56040,
ISIC_0669812,clinical: close-up,600,450,44166,
ISIC_0670265,dermoscopic,600,450,24108,
ISIC_0671005,clinical: close-up,600,450,35450,
ISIC_0674586,clinical: close-up,600,450,26827,
ISIC_0676527,dermoscopic,600,450,26319,
ISIC_0680433,dermoscopic,600,450,51065,
ISIC_0680993,dermoscopic,600,450,33188,
ISIC_0681143,dermoscopic,600,450,27657,
ISIC_0682339,clinical: close-up,600,450,26603,
ISIC_0683612,clinical: close-up,600,450,34736,
ISIC_0684071,dermoscopic,600,450,23014,
ISIC_0684627,dermoscopic,600,450,31400,
ISIC_0685008,dermoscopic,600,450,30953,
ISIC_0686239,clinical: close-up,600,450,44617,
ISIC_0686429,clinical: close-up,600,450,20919,
ISIC_0686612,dermoscopic,600,450,27828,
ISIC_0687223,dermoscopic,600,450,33842,
ISIC_0688926,clinical: close-up,600,450,47771,
ISIC_0689386,clinical: close-up,600,450,26656,
ISIC_0690154,clinical: close-up,600,450,36959,
ISIC_0690986,dermoscopic,600,450,22642,
ISIC_0692759,clinical: close-up,600,450,37463,
ISIC_0693344,clinical: close-up,600,450,40066,
ISIC_0694740,dermoscopic,600,450,25858,
ISIC_0695322,dermoscopic,600,450,21957,
ISIC_0695415,clinical: close-up,600,450,46689,
ISIC_0696597,dermoscopic,600,450,34818,
ISIC_0698052,dermoscopic,600,450,23882,
ISIC_0699088,dermoscopic,600,450,21580,
ISIC_0699287,clinical: close-up,600,450,39257,
ISIC_0700335,dermoscopic,600,450,19718,
ISIC_0703597,clinical: close-up,600,450,56258,
ISIC_0703618,dermoscopic,600,450,27946,
ISIC_0707479,clinical: close-up,600,450,42746,
ISIC_0709199,dermoscopic,600,450,24290,
ISIC_0713331,clinical: close-up,600,450,35394,
ISIC_0715287,dermoscopic,600,450,23607,
ISIC_0715312,clinical: close-up,600,450,42039,
ISIC_0715665,dermoscopic,600,450,30260,
ISIC_0717001,clinical: close-up,600,450,43628,
ISIC_0718332,dermoscopic,600,450,34524,
ISIC_0719228,clinical: close-up,600,450,46112,
ISIC_0720115,clinical: close-up,600,450,36075,
ISIC_0720304,clinical: close-up,600,450,24036,
ISIC_0720537,dermoscopic,600,450,29300,
ISIC_0722347,dermoscopic,600,450,24831,
ISIC_0723926,dermoscopic,600,450,40325,
ISIC_0724875,clinical: close-up,600,450,42982,
ISIC_0724943,dermoscopic,600,450,32868,
ISIC_0725065,dermoscopic,600,450,37928,
ISIC_0725098,clinical: close-up,600,450,38937,
ISIC_0727105,clinical: close-up,600,450,34907,
ISIC_0727761,dermoscopic,600,450,26578,
ISIC_0729575,dermoscopic,600,450,39794,
ISIC_0729799,clinical: close-up,600,450,40716,
ISIC_0731364,dermoscopic,600,450,22677,
ISIC_0733275,clinical: close-up,600,450,31309,
ISIC_0734414,dermoscopic,600,450,29109,
ISIC_0735025,dermoscopic,600,450,21115,
ISIC_0735096,clinical: close-up,600,450,44812,
ISIC_0738113,dermoscopic,600,450,27467,
ISIC_0738371,dermoscopic,600,450,47682,
ISIC_0738994,dermoscopic,600,450,32107,
ISIC_0740405,clinical: close-up,600,450,32029,
ISIC_0742972,dermoscopic,600,450,26277,
ISIC_0743555,dermoscopic,600,450,25236,
ISIC_0743648,dermoscopic,600,450,20566,
ISIC_0744283,clinical: close-up,600,450,39598,
ISIC_0745250,clinical: close-up,600,450,35716,
ISIC_0745953,dermoscopic,600,450,24870,
ISIC_0746280,clinical: close-up,600,450,35982,
ISIC_0746532,clinical: close-up,600,450,43580,
ISIC_0746908,dermoscopic,600,450,31837,
ISIC_0751829,clinical: close-up,600,450,35056,
ISIC_0754291,clinical: close-up,600,450,68445,
ISIC_0755062,clinical: close-up,600,450,30775,
ISIC_0755088,dermoscopic,600,450,22581,
ISIC_0755454,clinical: close-up,600,450,43418,
ISIC_0758142,dermoscopic,600,450,30494,
ISIC_0758242,dermoscopic,600,450,17185,
ISIC_0758332,clinical: close-up,600,450,51678,
ISIC_0760456,clinical: close-up,600,450,41818,
ISIC_0761359,dermoscopic,600,450,24395,
ISIC_0762973,clinical: close-up,600,450,37978,
ISIC_0763559,clinical: close-up,600,450,43599,
ISIC_0763911,clinical: close-up,600,450,35353,
ISIC_0763962,dermoscopic,600,450,31334,
ISIC_0764650,dermoscopic,600,450,25199,
ISIC_0765311,clinical: close-up,600,450,53093,
ISIC_0767613,dermoscopic,600,450,21191,
ISIC_0768610,dermoscopic,600,450,33564,
ISIC_0768895,dermoscopic,600,450,26186,
ISIC_0769255,dermoscopic,600,450,28764,
ISIC_0770132,dermoscopic,600,450,21859,
ISIC_0770326,dermoscopic,600,450,31508,
ISIC_0772256,dermoscopic,600,450,24003,
ISIC_0772345,dermoscopic,600,450,66960,
ISIC_0772652,dermoscopic,600,450,22021,
ISIC_0772947,dermoscopic,600,450,32663,
ISIC_0773145,dermoscopic,600,450,26198,
ISIC_0774870,clinical: close-up,600,450,52638,
ISIC_0776010,clinical: close-up,600,450,29138,
ISIC_0777268,dermoscopic,600,450,27975,
ISIC_0777357,clinical: close-up,600,450,50533,
ISIC_0777452,dermoscopic,600,450,41585,
ISIC_0780544,dermoscopic,600,450,34072,
ISIC_0780574,dermoscopic,600,450,34932,
ISIC_0782621,clinical: close-up,600,450,40384,
ISIC_0783369,dermoscopic,600,450,24025,
ISIC_0783408,dermoscopic,600,450,21173,
ISIC_0783971,clinical: close-up,600,450,32863,
ISIC_0784089,clinical: close-up,600,450,48306,
ISIC_0784305,clinical: close-up,600,450,38725,
ISIC_0785356,clinical: close-up,600,450,43898,
ISIC_0785366,clinical: close-up,600,450,40636,
ISIC_0786326,dermoscopic,600,450,22594,
ISIC_0786490,clinical: close-up,600,450,58330,
ISIC_0786863,clinical: close-up,600,450,38718,
ISIC_0790292,clinical: close-up,600,450,47250,
ISIC_0791494,clinical: close-up,600,450,35234,
ISIC_0793894,clinical: close-up,600,450,45853,
ISIC_0794160,clinical: close-up,600,450,26964,
ISIC_0796805,dermoscopic,600,450,25448,
ISIC_0796884,dermoscopic,600,450,26658,
ISIC_0798109,clinical: close-up,600,450,31794,
ISIC_0799155,dermoscopic,600,450,27792,
ISIC_0800437,clinical: close-up,600,450,49258,
ISIC_0800961,clinical: close-up,600,450,41167,
ISIC_0801041,clinical: close-up,600,450,37081,
ISIC_0801838,dermoscopic,600,450,28453,
ISIC_0802543,dermoscopic,600,450,26000,
ISIC_0802648,dermoscopic,600,450,24968,
ISIC_0805815,clinical: close-up,600,450,34636,
ISIC_0805951,dermoscopic,600,450,21202,
ISIC_0805994,dermoscopic,600,450,26913,
ISIC_0806039,clinical: close-up,600,450,43077,
ISIC_0807573,clinical: close-up,600,450,28561,
ISIC_0807781,clinical: close-up,600,450,41014,
ISIC_0809407,dermoscopic,600,450,20972,
ISIC_0809896,clinical: close-up,600,450,35988,
ISIC_0809957,clinical: close-up,600,450,30307,
ISIC_0811123,dermoscopic,600,450,31882,
ISIC_0811266,dermoscopic,600,450,31173,
ISIC_0811514,dermoscopic,600,450,22313,
ISIC_0811596,dermoscopic,600,450,41903,
ISIC_0811703,dermoscopic,600,450,29923,
ISIC_0812574,dermoscopic,600,450,35916,
ISIC_0812646,clinical: close-up,600,450,45769,
ISIC_0812659,clinical: close-up,600,450,17079,
ISIC_0813000,dermoscopic,600,450,22245,
ISIC_0813313,clinical: close-up,600,450,39387,
ISIC_0813563,clinical: close-up,600,450,49105,
ISIC_0815023,dermoscopic,600,450,23580,
ISIC_0817051,dermoscopic,600,450,24206,
ISIC_0817963,clinical: close-up,600,450,31759,
ISIC_0818540,dermoscopic,600,450,26218,
ISIC_0819008,dermoscopic,600,450,35003,
ISIC_0820547,clinical: close-up,600,450,25207,
ISIC_0821297,dermoscopic,600,450,30040,
ISIC_0822220,dermoscopic,600,450,27258,
ISIC_0823112,dermoscopic,600,450,21642,
ISIC_0823269,dermoscopic,600,450,20678,
ISIC_0823916,clinical: close-up,600,450,42987,
ISIC_0824121,clinical: close-up,600,450,43477,
ISIC_0825152,dermoscopic,600,450,23568,
ISIC_0826007,clinical: close-up,600,450,38072,
ISIC_0826708,clinical: close-up,600,450,38867,
ISIC_0828276,dermoscopic,600,450,31737,
ISIC_0829180,dermoscopic,600,450,27614,
ISIC_0829445,clinical: close-up,600,450,39058,
ISIC_0830502,clinical: close-up,600,450,47569,
ISIC_0831021,clinical: close-up,600,450,38985,
ISIC_0831157,dermoscopic,600,450,26661,
ISIC_0831409,clinical: close-up,600,450,24624,
ISIC_0831512,dermoscopic,600,450,29299,
ISIC_0831898,dermoscopic,600,450,26320,
ISIC_0833402,clinical: close-up,600,450,54793,
ISIC_0835030,dermoscopic,600,450,22714,
ISIC_0835458,dermoscopic,600,450,16305,
ISIC_0835682,dermoscopic,600,450,27188,
ISIC_0836114,clinical: close-up,600,450,44257,
ISIC_0836815,dermoscopic,600,450,14799,
ISIC_0838227,dermoscopic,600,450,25314,
ISIC_0840284,dermoscopic,600,450,26450,
ISIC_0841169,clinical: close-up,600,450,30892,
ISIC_0842059,clinical: close-up,600,450,52617,
ISIC_0844469,dermoscopic,600,450,21516,
ISIC_0845014,clinical: close-up,600,450,42045,
ISIC_0846122,dermoscopic,600,450,25310,
ISIC_0846856,dermoscopic,600,450,18420,
ISIC_0846896,clinical: close-up,600,450,33947,
ISIC_0848694,dermoscopic,600,450,39845,
ISIC_0849075,dermoscopic,600,450,25274,
ISIC_0849646,clinical: close-up,600,450,31715,
ISIC_0850383,dermoscopic,600,450,30317,
ISIC_0851659,clinical: close-up,600,450,36646,
ISIC_0852575,dermoscopic,600,450,22450,
ISIC_0853298,clinical: close-up,600,450,46145,
ISIC_0853302,dermoscopic,600,450,37253,
ISIC_0854749,clinical: close-up,600,450,46694,
ISIC_0855130,clinical: close-up,600,450,68799,
ISIC_0855384,dermoscopic,600,450,27600,
ISIC_0855454,dermoscopic,600,450,27397,
ISIC_0856370,dermoscopic,600,450,33840,
ISIC_0857448,dermoscopic,600,450,17482,
ISIC_0858555,dermoscopic,600,450,21694,
ISIC_0858765,clinical: close-up,600,450,36895,
ISIC_0859627,clinical: close-up,600,450,49438,
ISIC_0860468,dermoscopic,600,450,31479,
ISIC_0862809,clinical: close-up,600,450,34312,
ISIC_0863389,dermoscopic,600,450,31287,
ISIC_0863711,clinical: close-up,600,450,41503,
ISIC_0865713,dermoscopic,600,450,18933,
ISIC_0866079,dermoscopic,600,450,26455,
ISIC_0866872,dermoscopic,600,450,36819,
ISIC_0866932,dermoscopic,600,450,20398,
ISIC_0867027,dermoscopic,600,450,22128,
ISIC_0867059,clinical: close-up,600,450,37862,
ISIC_0867368,dermoscopic,600,450,19216,
ISIC_0869141,dermoscopic,600,450,28080,
ISIC_0870426,clinical: close-up,600,450,57411,
ISIC_0871073,dermoscopic,600,450,22781,
ISIC_0871337,clinical: close-up,600,450,57171,
ISIC_0871438,clinical: close-up,600,450,37358,
ISIC_0872036,dermoscopic,600,450,21265,
ISIC_0872261,dermoscopic,600,450,29303,
ISIC_0872284,clinical: close-up,600,450,66857,
ISIC_0873387,clinical: close-up,600,450,33177,
ISIC_0874081,clinical: close-up,600,450,21093,
ISIC_0875516,clinical: close-up,600,450,57082,
ISIC_0879335,clinical: close-up,600,450,53264,
ISIC_0880053,dermoscopic,600,450,30820,
ISIC_0880783,dermoscopic,600,450,23627,
ISIC_0881081,dermoscopic,600,450,42701,
ISIC_0881138,clinical: close-up,600,450,48306,
ISIC_0881507,dermoscopic,600,450,27847,
ISIC_0883146,clinical: close-up,600,450,33616,
ISIC_0885646,clinical: close-up,600,450,33214,
ISIC_0885674,dermoscopic,600,450,32161,
ISIC_0886120,clinical: close-up,600,450,41625,
ISIC_0886687,dermoscopic,600,450,26761,
ISIC_0887242,clinical: close-up,600,450,40904,
ISIC_0887284,dermoscopic,600,450,32047,
ISIC_0888116,clinical: close-up,600,450,31041,
ISIC_0888295,clinical: close-up,600,450,38230,
ISIC_0889674,clinical: close-up,600,450,36345,
ISIC_0890975,dermoscopic,600,450,16969,
ISIC_0891581,clinical: close-up,600,450,35246,
ISIC_0891621,clinical: close-up,600,450,39663,
ISIC_0892888,dermoscopic,600,450,25378,
ISIC_0893414,clinical: close-up,600,450,30447,
ISIC_0893723,dermoscopic,600,450,28968,
ISIC_0895262,dermoscopic,600,450,34745,
ISIC_0895631,clinical: close-up,600,450,36282,
ISIC_0895842,clinical: close-up,600,450,46927,
ISIC_0896718,dermoscopic,600,450,29758,
ISIC_0897372,dermoscopic,600,450,25347,
ISIC_0898369,dermoscopic,600,450,41550,
ISIC_0899069,dermoscopic,600,450,25128,
ISIC_0899253,clinical: close-up,600,450,27967,
ISIC_0904295,clinical: close-up,600,450,47377,
ISIC_0906065,clinical: close-up,600,450,37404,
ISIC_0906598,clinical: close-up,600,450,30031,
ISIC_0907266,dermoscopic,600,450,31636,
ISIC_0907354,dermoscopic,600,450,39389,
ISIC_0907555,dermoscopic,600,450,26709,
ISIC_0907716,clinical: close-up,600,450,47480,
ISIC_0908255,dermoscopic,600,450,26726,
ISIC_0909697,dermoscopic,600,450,23417,
ISIC_0911271,clinical: close-up,600,450,27771,
ISIC_0912531,dermoscopic,600,450,36197,
ISIC_0912606,clinical: close-up,600,450,36963,
ISIC_0913438,dermoscopic,600,450,26617,
ISIC_0913648,dermoscopic,600,450,22306,
ISIC_0914299,clinical: close-up,600,450,37530,
ISIC_0914647,dermoscopic,600,450,27650,
ISIC_0918357,dermoscopic,600,450,22707,
ISIC_0919015,clinical: close-up,600,450,52301,
ISIC_0919412,dermoscopic,600,450,33285,
ISIC_0919950,clinical: close-up,600,450,42429,
ISIC_0920424,dermoscopic,600,450,28012,
ISIC_0920625,clinical: close-up,600,450,34122,
ISIC_0921779,dermoscopic,600,450,29910,
ISIC_0922807,clinical: close-up,600,450,36793,
ISIC_0923483,clinical: close-up,600,450,43854,
ISIC_0924335,dermoscopic,600,450,23699,
ISIC_0924690,clinical: close-up,600,450,37702,
ISIC_0926891,dermoscopic,600,450,35224,
ISIC_0928029,clinical: close-up,600,450,40593,
ISIC_0929356,dermoscopic,600,450,27189,
ISIC_0930244,clinical: close-up,600,450,34441,
ISIC_0931470,clinical: close-up,600,450,49863,
ISIC_0931746,clinical: close-up,600,450,33142,
ISIC_0933237,dermoscopic,600,450,18488,
ISIC_0933479,clinical: close-up,600,450,41686,
ISIC_0933741,clinical: close-up,600,450,37994,
ISIC_0934261,clinical: close-up,600,450,41333,
ISIC_0934708,dermoscopic,600,450,34973,
ISIC_0935658,dermoscopic,600,450,19786,
ISIC_0936650,clinical: close-up,600,450,28694,
ISIC_0937259,clinical: close-up,600,450,53187,
ISIC_0937410,clinical: close-up,600,450,44025,
ISIC_0938409,clinical: close-up,600,450,40995,
ISIC_0938645,clinical: close-up,600,450,52531,
ISIC_0939581,dermoscopic,600,450,22801,
ISIC_0939687,dermoscopic,600,450,24675,
ISIC_0940771,dermoscopic,600,450,25510,
ISIC_0944241,clinical: close-up,600,450,48565,
ISIC_0946795,dermoscopic,600,450,32700,
ISIC_0948347,clinical: close-up,600,450,47915,
ISIC_0949145,clinical: close-up,600,450,42204,
ISIC_0949430,clinical: close-up,600,450,37418,
ISIC_0950495,dermoscopic,600,450,25287,
ISIC_0950510,dermoscopic,600,450,24310,
ISIC_0950931,clinical: close-up,600,450,44152,
ISIC_0951274,dermoscopic,600,450,22142,
ISIC_0951585,clinical: close-up,600,450,34847,
ISIC_0953324,clinical: close-up,600,450,40378,
ISIC_0955574,clinical: close-up,600,450,36637,
ISIC_0955754,dermoscopic,600,450,22668,
ISIC_0956399,dermoscopic,600,450,32768,
ISIC_0957094,clinical: close-up,600,450,26876,
ISIC_0958356,dermoscopic,600,450,40487,
ISIC_0958977,dermoscopic,600,450,26257,
ISIC_0960754,dermoscopic,600,450,18068,
ISIC_0962054,dermoscopic,600,450,34865,
ISIC_0962183,dermoscopic,600,450,32668,
ISIC_0963794,clinical: close-up,600,450,33896,
ISIC_0963883,clinical: close-up,600,450,42144,
ISIC_0964556,dermoscopic,600,450,30640,
ISIC_0964646,clinical: close-up,600,450,27446,
ISIC_0965546,dermoscopic,600,450,34799,
ISIC_0965611,clinical: close-up,600,450,40758,
ISIC_0966559,clinical: close-up,600,450,27181,
ISIC_0968530,dermoscopic,600,450,21266,
ISIC_0970615,dermoscopic,600,450,21311,
ISIC_0971123,dermoscopic,600,450,27560,
ISIC_0972110,dermoscopic,600,450,31307,
ISIC_0973204,clinical: close-up,600,450,33793,
ISIC_0973981,clinical: close-up,600,450,34645,
ISIC_0974797,dermoscopic,600,450,30793,
ISIC_0974866,dermoscopic,600,450,22612,
ISIC_0975299,clinical: close-up,600,450,42668,
ISIC_0975720,clinical: close-up,600,450,34230,
ISIC_0976079,clinical: close-up,600,450,38724,
ISIC_0977792,dermoscopic,600,450,34257,
ISIC_0979570,dermoscopic,600,450,19269,
ISIC_0979678,dermoscopic,600,450,23024,
ISIC_0980403,clinical: close-up,600,450,43622,
ISIC_0981335,dermoscopic,600,450,18489,
ISIC_0981634,clinical: close-up,600,450,42465,
ISIC_0982924,clinical: close-up,600,450,31208,
ISIC_0983974,dermoscopic,600,450,28488,
ISIC_0984507,dermoscopic,600,450,35065,
ISIC_0986356,clinical: close-up,600,450,44032,
ISIC_0987080,clinical: close-up,600,450,37351,
ISIC_0987929,clinical: close-up,600,450,42028,
ISIC_0988479,clinical: close-up,600,450,29443,
ISIC_0989126,clinical: close-up,600,450,24614,
ISIC_0990658,clinical: close-up,600,450,34511,
ISIC_0990706,clinical: close-up,600,450,55289,
ISIC_0990979,clinical: close-up,600,450,33731,
ISIC_0991005,clinical: close-up,600,450,31841,
ISIC_0991616,dermoscopic,600,450,23525,
ISIC_0991989,clinical: close-up,600,450,43009,
ISIC_0993424,clinical: close-up,600,450,56018,
ISIC_0993471,clinical: close-up,600,450,27960,
ISIC_0994154,clinical: close-up,600,450,33836,
ISIC_0997976,dermoscopic,600,450,25938,
ISIC_1000386,clinical: close-up,600,450,54981,
ISIC_1000918,clinical: close-up,600,450,32565,
ISIC_1001492,dermoscopic,600,450,37881,
ISIC_1002134,dermoscopic,600,450,26543,
ISIC_1002562,clinical: close-up,600,450,54448,
ISIC_1006010,clinical: close-up,600,450,33203,
ISIC_1006415,dermoscopic,600,450,25421,
ISIC_1006756,dermoscopic,600,450,31592,
ISIC_1009291,dermoscopic,600,450,43116,
ISIC_1009475,dermoscopic,600,450,25940,
ISIC_1009860,clinical: close-up,600,450,36734,
ISIC_1010358,dermoscopic,600,450,27447,
ISIC_1010434,clinical: close-up,600,450,52925,
ISIC_1010567,dermoscopic,600,450,30486,
ISIC_1011069,clinical: close-up,600,450,35706,
ISIC_1012530,dermoscopic,600,450,27289,
ISIC_1012687,clinical: close-up,600,450,46738,
ISIC_1014403,dermoscopic,600,450,30483,
ISIC_1014424,dermoscopic,600,450,33082,
ISIC_1018753,dermoscopic,600,450,26157,
ISIC_1019247,clinical: close-up,600,450,23409,
ISIC_1019384,dermoscopic,600,450,25182,
ISIC_1020628,dermoscopic,600,450,30065,
ISIC_1021842,clinical: close-up,600,450,28444,
ISIC_1023707,clinical: close-up,600,450,31866,
ISIC_1025034,clinical: close-up,600,450,47484,
ISIC_1025100,dermoscopic,600,450,17568,
ISIC_1028434,clinical: close-up,600,450,44187,
ISIC_1028789,dermoscopic,600,450,22555,
ISIC_1029056,dermoscopic,600,450,30112,
ISIC_1029279,dermoscopic,600,450,34503,
ISIC_1029957,dermoscopic,600,450,26217,
ISIC_1030228,dermoscopic,600,450,28596,
ISIC_1032764,clinical: close-up,600,450,35616,
ISIC_1033249,dermoscopic,600,450,35367,
ISIC_1033453,dermoscopic,600,450,31769,
ISIC_1035863,clinical: close-up,600,450,31580,
ISIC_1037712,clinical: close-up,600,450,53803,
ISIC_1038282,clinical: close-up,600,450,31399,
ISIC_1042270,dermoscopic,600,450,29505,
ISIC_1044266,dermoscopic,600,450,16442,
ISIC_1045607,dermoscopic,600,450,35916,
ISIC_1046103,clinical: close-up,600,450,34234,
ISIC_1048297,dermoscopic,600,450,42236,
ISIC_1048496,dermoscopic,600,450,25541,
ISIC_1049145,clinical: close-up,600,450,34351,
ISIC_1050489,clinical: close-up,600,450,29199,
ISIC_1052154,clinical: close-up,600,450,31112,
ISIC_1052176,clinical: close-up,600,450,44206,
ISIC_1053256,clinical: close-up,600,450,38050,
ISIC_1054751,clinical: close-up,600,450,49603,
ISIC_1054971,clinical: close-up,600,450,44565,
ISIC_1055162,dermoscopic,600,450,27678,
ISIC_1056095,dermoscopic,600,450,24984,
ISIC_1058069,clinical: close-up,600,450,24374,
ISIC_1058258,clinical: close-up,600,450,37908,
ISIC_1058357,clinical: close-up,600,450,41955,
ISIC_1058813,clinical: close-up,600,450,45303,
ISIC_1058937,clinical: close-up,600,450,41630,
ISIC_1059467,clinical: close-up,600,450,50432,
ISIC_1061716,dermoscopic,600,450,27455,
ISIC_1062335,dermoscopic,600,450,28889,
ISIC_1063001,dermoscopic,600,450,20612,
ISIC_1063241,clinical: close-up,600,450,30803,
ISIC_1064441,dermoscopic,600,450,20503,
ISIC_1064824,dermoscopic,600,450,20715,
ISIC_1066229,dermoscopic,600,450,33505,
ISIC_1066639,clinical: close-up,600,450,40735,
ISIC_1066863,clinical: close-up,600,450,47065,
ISIC_1069165,dermoscopic,600,450,23334,
ISIC_1069584,dermoscopic,600,450,19968,
ISIC_1069722,dermoscopic,600,450,22593,
ISIC_1070485,dermoscopic,600,450,24943,
ISIC_1070964,dermoscopic,600,450,37402,
ISIC_1073412,dermoscopic,600,450,19579,
ISIC_1074795,dermoscopic,600,450,38318,
ISIC_1075770,clinical: close-up,600,450,38598,
ISIC_1076265,dermoscopic,600,450,23977,
ISIC_1078763,dermoscopic,600,450,25884,
ISIC_1079378,clinical: close-up,600,450,43118,
ISIC_1080345,dermoscopic,600,450,25649,
ISIC_1081140,dermoscopic,600,450,24074,
ISIC_1083704,dermoscopic,600,450,35003,
ISIC_1084026,clinical: close-up,600,450,42431,
ISIC_1085320,clinical: close-up,600,450,32690,
ISIC_1085321,clinical: close-up,600,450,34429,
ISIC_1085608,dermoscopic,600,450,31610,
ISIC_1085792,dermoscopic,600,450,26071,
ISIC_1086483,clinical: close-up,600,450,49004,
ISIC_1089519,clinical: close-up,600,450,65378,
ISIC_1089656,clinical: close-up,600,450,42733,
ISIC_1090102,clinical: close-up,600,450,37436,
ISIC_1090300,dermoscopic,600,450,23231,
ISIC_1090781,dermoscopic,600,450,31437,
ISIC_1090794,clinical: close-up,600,450,39531,
ISIC_1091183,clinical: close-up,600,450,69396,
ISIC_1091566,dermoscopic,600,450,22591,
ISIC_1094830,dermoscopic,600,450,18515,
ISIC_1097732,clinical: close-up,600,450,37448,
ISIC_1099345,dermoscopic,600,450,28975,
ISIC_1099402,dermoscopic,600,450,26810,
ISIC_1099492,clinical: close-up,600,450,61585,
ISIC_1101076,dermoscopic,600,450,37956,
ISIC_1102101,dermoscopic,600,450,22262,
ISIC_1102915,dermoscopic,600,450,33757,
ISIC_1103609,clinical: close-up,600,450,27132,
ISIC_1103956,dermoscopic,600,450,27927,
ISIC_1105494,dermoscopic,600,450,25775,
ISIC_1105520,clinical: close-up,600,450,40998,
ISIC_1106208,dermoscopic,600,450,24723,
ISIC_1107390,clinical: close-up,600,450,18259,
ISIC_1107534,clinical: close-up,600,450,39265,
ISIC_1110074,clinical: close-up,600,450,36715,
ISIC_1110722,dermoscopic,600,450,36788,
ISIC_1111101,dermoscopic,600,450,26313,
ISIC_1111291,dermoscopic,600,450,32113,
ISIC_1111477,dermoscopic,600,450,25126,
ISIC_1111646,clinical: close-up,600,450,41400,
ISIC_1112216,clinical: close-up,600,450,43315,
ISIC_1113064,clinical: close-up,600,450,40102,
ISIC_1115156,dermoscopic,600,450,26289,
ISIC_1116303,dermoscopic,600,450,26302,
ISIC_1118925,clinical: close-up,600,450,22325,
ISIC_1119141,clinical: close-up,600,450,30854,
ISIC_1119486,clinical: close-up,600,450,37462,
ISIC_1119886,dermoscopic,600,450,19863,
ISIC_1121645,dermoscopic,600,450,25073,
ISIC_1121888,dermoscopic,600,450,24059,
ISIC_1123171,clinical: close-up,600,450,54405,
ISIC_1124077,dermoscopic,600,450,24871,
ISIC_1124387,clinical: close-up,600,450,34708,
ISIC_1124994,dermoscopic,600,450,34436,
ISIC_1126401,dermoscopic,600,450,19260,
ISIC_1126704,clinical: close-up,600,450,32592,
ISIC_1128113,clinical: close-up,600,450,41955,
ISIC_1128748,dermoscopic,600,450,24564,
ISIC_1129242,clinical: close-up,600,450,47232,
ISIC_1129613,dermoscopic,600,450,33081,
ISIC_1130153,clinical: close-up,600,450,52161,
ISIC_1130368,dermoscopic,600,450,34926,
ISIC_1132361,dermoscopic,600,450,23799,
ISIC_1133187,dermoscopic,600,450,21404,
ISIC_1134088,clinical: close-up,600,450,40980,
ISIC_1134411,clinical: close-up,600,450,36550,
ISIC_1135159,dermoscopic,600,450,26188,
ISIC_1135277,clinical: close-up,600,450,44813,
ISIC_1135697,dermoscopic,600,450,24160,
ISIC_1136259,dermoscopic,600,450,31767,
ISIC_1136271,dermoscopic,600,450,18851,
ISIC_1136498,dermoscopic,600,450,50649,
ISIC_1137894,clinical: close-up,600,450,35742,
ISIC_1138088,clinical: close-up,600,450,38869,
ISIC_1138771,clinical: close-up,600,450,44199,
ISIC_1138976,dermoscopic,600,450,45519,
ISIC_1139673,dermoscopic,600,450,36342,
ISIC_1140407,clinical: close-up,600,450,42120,
ISIC_1141942,clinical: close-up,600,450,30316,
ISIC_1142211,dermoscopic,600,450,22465,
ISIC_1143783,dermoscopic,600,450,42697,
ISIC_1145018,clinical: close-up,600,450,40246,
ISIC_1146500,clinical: close-up,600,450,50211,
ISIC_1146594,dermoscopic,600,450,24720,
ISIC_1146954,dermoscopic,600,450,21432,
ISIC_1148803,clinical: close-up,600,450,26734,
ISIC_1149850,dermoscopic,600,450,20790,
ISIC_1150454,dermoscopic,600,450,27444,
ISIC_1151008,dermoscopic,600,450,21786,
ISIC_1151059,dermoscopic,600,450,35720,
ISIC_1152260,clinical: close-up,600,450,43961,
ISIC_1154162,dermoscopic,600,450,27729,
ISIC_1154207,clinical: close-up,600,450,43225,
ISIC_1154405,clinical: close-up,600,450,45572,
ISIC_1156133,dermoscopic,600,450,18573,
ISIC_1156729,dermoscopic,600,450,26311,
ISIC_1157338,clinical: close-up,600,450,44272,
ISIC_1157692,clinical: close-up,600,450,75365,
ISIC_1159427,dermoscopic,600,450,27922,
ISIC_1160092,clinical: close-up,600,450,34616,
ISIC_1160288,dermoscopic,600,450,21151,
ISIC_1161165,clinical: close-up,600,450,38918,
ISIC_1161990,clinical: close-up,600,450,40782,
ISIC_1163119,dermoscopic,600,450,38336,
ISIC_1163815,dermoscopic,600,450,26198,
ISIC_1166088,dermoscopic,600,450,22348,
ISIC_1166255,clinical: close-up,600,450,36038,
ISIC_1167183,clinical: close-up,600,450,46206,
ISIC_1168286,dermoscopic,600,450,30415,
ISIC_1169219,dermoscopic,600,450,19761,
ISIC_1170330,dermoscopic,600,450,26062,
ISIC_1170720,dermoscopic,600,450,29013,
ISIC_1170971,clinical: close-up,600,450,45460,
ISIC_1171368,dermoscopic,600,450,24121,
ISIC_1171609,clinical: close-up,600,450,41567,
ISIC_1171731,dermoscopic,600,450,25935,
ISIC_1171759,clinical: close-up,600,450,27643,
ISIC_1172471,clinical: close-up,600,450,47933,
ISIC_1173037,clinical: close-up,600,450,35360,
ISIC_1174739,dermoscopic,600,450,24789,
ISIC_1175016,clinical: close-up,600,450,42708,
ISIC_1176025,dermoscopic,600,450,19536,
ISIC_1176222,clinical: close-up,600,450,23522,
ISIC_1176236,dermoscopic,600,450,29840,
ISIC_1176359,clinical: close-up,600,450,46254,
ISIC_1176432,clinical: close-up,600,450,30870,
ISIC_1176980,dermoscopic,600,450,20468,
ISIC_1177251,dermoscopic,600,450,24458,
ISIC_1177346,clinical: close-up,600,450,45325,
ISIC_1179663,clinical: close-up,600,450,24962,
ISIC_1179992,dermoscopic,600,450,26902,
ISIC_1181087,clinical: close-up,600,450,31609,
ISIC_1181197,clinical: close-up,600,450,25709,
ISIC_1181436,clinical: close-up,600,450,28117,
ISIC_1182214,dermoscopic,600,450,28005,
ISIC_1182747,dermoscopic,600,450,23632,
ISIC_1184775,dermoscopic,600,450,30830,
ISIC_1186941,clinical: close-up,600,450,48657,
ISIC_1189166,clinical: close-up,600,450,39788,
ISIC_1189485,dermoscopic,600,450,32005,
ISIC_1190372,dermoscopic,600,450,41938,
ISIC_1191914,clinical: close-up,600,450,46048,
ISIC_1191996,dermoscopic,600,450,23279,
ISIC_1192068,dermoscopic,600,450,27081,
ISIC_1192517,clinical: close-up,600,450,40620,
ISIC_1192919,clinical: close-up,600,450,30646,
ISIC_1194209,clinical: close-up,600,450,42682,
ISIC_1195811,dermoscopic,600,450,24222,
ISIC_1198104,clinical: close-up,600,450,34087,
ISIC_1199167,dermoscopic,600,450,24474,
ISIC_1199576,clinical: close-up,600,450,34544,
ISIC_1200835,clinical: close-up,600,450,30784,
ISIC_1201025,dermoscopic,600,450,26646,
ISIC_1201852,clinical: close-up,600,450,41276,
ISIC_1205427,dermoscopic,600,450,25613,
ISIC_1206880,dermoscopic,600,450,26977,
ISIC_1207350,dermoscopic,600,450,28006,
ISIC_1208071,dermoscopic,600,450,28973,
ISIC_1209022,dermoscopic,600,450,32316,
ISIC_1210101,clinical: close-up,600,450,31070,
ISIC_1210329,dermoscopic,600,450,20843,
ISIC_1210456,clinical: close-up,600,450,44505,
ISIC_1212172,clinical: close-up,600,450,48021,
ISIC_1212608,dermoscopic,600,450,39757,
ISIC_1215920,dermoscopic,600,450,25428,
ISIC_1217127,dermoscopic,600,450,25703,
ISIC_1217694,dermoscopic,600,450,25560,
ISIC_1218245,clinical: close-up,600,450,41473,
ISIC_1218465,clinical: close-up,600,450,40494,
ISIC_1219190,dermoscopic,600,450,29761,
ISIC_1219741,clinical: close-up,600,450,46959,
ISIC_1220536,dermoscopic,600,450,28311,
ISIC_1221689,dermoscopic,600,450,32712,
ISIC_1221863,clinical: close-up,600,450,46605,
ISIC_1222561,dermoscopic,600,450,22185,
ISIC_1222720,dermoscopic,600,450,25208,
ISIC_1223850,clinical: close-up,600,450,63567,
ISIC_1224887,clinical: close-up,600,450,41489,
ISIC_1225203,clinical: close-up,600,450,51201,
ISIC_1225678,dermoscopic,600,450,18770,
ISIC_1225707,clinical: close-up,600,450,45968,
ISIC_1226932,clinical: close-up,600,450,35748,
ISIC_1230479,dermoscopic,600,450,29183,
ISIC_1230865,dermoscopic,600,450,34995,
ISIC_1231719,dermoscopic,600,450,27653,
ISIC_1232023,clinical: close-up,600,450,38945,
ISIC_1232869,clinical: close-up,600,450,32055,
ISIC_1234193,dermoscopic,600,450,25957,
ISIC_1236473,clinical: close-up,600,450,54981,
ISIC_1237574,clinical: close-up,600,450,31051,
ISIC_1237876,clinical: close-up,600,450,32224,
ISIC_1237960,dermoscopic,600,450,33339,
ISIC_1239264,dermoscopic,600,450,31119,
ISIC_1240854,clinical: close-up,600,450,59584,
ISIC_1241018,dermoscopic,600,450,22547,
ISIC_1241916,dermoscopic,600,450,18199,
ISIC_1242474,dermoscopic,600,450,17687,
ISIC_1242913,clinical: close-up,600,450,33559,
ISIC_1243858,dermoscopic,600,450,52779,
ISIC_1243982,clinical: close-up,600,450,38379,
ISIC_1244447,dermoscopic,600,450,25007,
ISIC_1244450,clinical: close-up,600,450,55974,
ISIC_1245273,clinical: close-up,600,450,42007,
ISIC_1249178,clinical: close-up,600,450,49175,
ISIC_1249375,clinical: close-up,600,450,41698,
ISIC_1252883,dermoscopic,600,450,25312,
ISIC_1253452,clinical: close-up,600,450,49523,
ISIC_1255149,dermoscopic,600,450,17130,
ISIC_1255346,clinical: close-up,600,450,40556,
ISIC_1255617,clinical: close-up,600,450,36670,
ISIC_1255858,dermoscopic,600,450,26485,
ISIC_1258360,dermoscopic,600,450,22906,
ISIC_1260636,dermoscopic,600,450,22556,
ISIC_1261497,clinical: close-up,600,450,30826,
ISIC_1261731,dermoscopic,600,450,26193,
ISIC_1262493,clinical: close-up,600,450,39972,
ISIC_1262809,clinical: close-up,600,450,40589,
ISIC_1264034,dermoscopic,600,450,26865,
ISIC_1266614,dermoscopic,600,450,31159,
ISIC_1268914,clinical: close-up,600,450,42730,
ISIC_1272082,clinical: close-up,600,450,39630,
ISIC_1272616,dermoscopic,600,450,17988,
ISIC_1275047,clinical: close-up,600,450,44780,
ISIC_1275089,dermoscopic,600,450,34318,
ISIC_1275437,clinical: close-up,600,450,38695,
ISIC_1276558,dermoscopic,600,450,26268,
ISIC_1276590,dermoscopic,600,450,20315,
ISIC_1279315,dermoscopic,600,450,19747,
ISIC_1279652,dermoscopic,600,450,24990,
ISIC_1280046,dermoscopic,600,450,33562,
ISIC_1281398,dermoscopic,600,450,26611,
ISIC_1281967,dermoscopic,600,450,26707,
ISIC_1282117,clinical: close-up,600,450,30328,
ISIC_1283766,dermoscopic,600,450,25922,
ISIC_1284470,dermoscopic,600,450,28063,
ISIC_1285374,clinical: close-up,600,450,33525,
ISIC_1285744,dermoscopic,600,450,36142,
ISIC_1285798,dermoscopic,600,450,30369,
ISIC_1285909,dermoscopic,600,450,22117,
ISIC_1285977,clinical: close-up,600,450,40827,
ISIC_1286685,clinical: close-up,600,450,35875,
ISIC_1287935,clinical: close-up,600,450,38513,
ISIC_1290781,clinical: close-up,600,450,33608,
ISIC_1291218,clinical: close-up,600,450,59376,
ISIC_1291833,dermoscopic,600,450,30889,
ISIC_1293046,clinical: close-up,600,450,31033,
ISIC_1295245,dermoscopic,600,450,38361,
ISIC_1298204,clinical: close-up,600,450,50694,
ISIC_1300480,clinical: close-up,600,450,45352,
ISIC_1301371,clinical: close-up,600,450,37419,
ISIC_1301817,clinical: close-up,600,450,25541,
ISIC_1302258,dermoscopic,600,450,30924,
ISIC_1303477,dermoscopic,600,450,20799,
ISIC_1305247,dermoscopic,600,450,23723,
ISIC_1306180,clinical: close-up,600,450,35711,
ISIC_1307470,dermoscopic,600,450,19229,
ISIC_1308671,dermoscopic,600,450,36881,
ISIC_1308871,clinical: close-up,600,450,30413,
ISIC_1309001,dermoscopic,600,450,24163,
ISIC_1309626,dermoscopic,600,450,25065,
ISIC_1310746,dermoscopic,600,450,20873,
ISIC_1311673,clinical: close-up,600,450,52756,
ISIC_1313208,dermoscopic,600,450,30594,
ISIC_1315894,clinical: close-up,600,450,30769,
ISIC_1316170,clinical: close-up,600,450,59750,
ISIC_1316256,clinical: close-up,600,450,45140,
ISIC_1317686,dermoscopic,600,450,24029,
ISIC_1318325,dermoscopic,600,450,26191,
ISIC_1319737,dermoscopic,600,450,21604,
ISIC_1320525,dermoscopic,600,450,22595,
ISIC_1320739,clinical: close-up,600,450,36108,
ISIC_1322016,clinical: close-up,600,450,66824,
ISIC_1322802,dermoscopic,600,450,24070,
ISIC_1323177,dermoscopic,600,450,25944,
ISIC_1325383,dermoscopic,600,450,26230,
ISIC_1325809,clinical: close-up,600,450,44093,
ISIC_1326092,dermoscopic,600,450,32363,
ISIC_1326309,dermoscopic,600,450,26366,
ISIC_1327102,clinical: close-up,600,450,44065,
ISIC_1327315,dermoscopic,600,450,18998,
ISIC_1329019,dermoscopic,600,450,17897,
ISIC_1329438,dermoscopic,600,450,29585,
ISIC_1330625,clinical: close-up,600,450,27504,
ISIC_1330675,clinical: close-up,600,450,39574,
ISIC_1331527,clinical: close-up,600,450,40812,
ISIC_1332174,clinical: close-up,600,450,28581,
ISIC_1332797,clinical: close-up,600,450,35531,
ISIC_1334612,clinical: close-up,600,450,21236,
ISIC_1335240,dermoscopic,600,450,18979,
ISIC_1335894,dermoscopic,600,450,23329,
ISIC_1338257,clinical: close-up,600,450,48502,
ISIC_1338697,dermoscopic,600,450,50872,
ISIC_1338973,clinical: close-up,600,450,37146,
ISIC_1339166,clinical: close-up,600,450,35350,
ISIC_1339797,clinical: close-up,600,450,44790,
ISIC_1341677,dermoscopic,600,450,19636,
ISIC_1342857,dermoscopic,600,450,27549,
ISIC_1343499,dermoscopic,600,450,30901,
ISIC_1344355,dermoscopic,600,450,28532,
ISIC_1344587,dermoscopic,600,450,37823,
ISIC_1344833,dermoscopic,600,450,20740,
ISIC_1345175,clinical: close-up,600,450,40571,
ISIC_1346199,clinical: close-up,600,450,38082,
ISIC_1346867,dermoscopic,600,450,18539,
ISIC_1347520,clinical: close-up,600,450,45847,
ISIC_1347581,dermoscopic,600,450,25733,
ISIC_1347975,clinical: close-up,600,450,39974,
ISIC_1348618,clinical: close-up,600,450,29736,
ISIC_1350051,dermoscopic,600,450,27532,
ISIC_1350578,dermoscopic,600,450,31311,
ISIC_1352448,clinical: close-up,600,450,32005,
ISIC_1353980,clinical: close-up,600,450,44950,
ISIC_1354875,clinical: close-up,600,450,51774,
ISIC_1355075,clinical: close-up,600,450,48387,
ISIC_1355713,clinical: close-up,600,450,40474,
ISIC_1357348,clinical: close-up,600,450,47467,
ISIC_1359419,clinical: close-up,600,450,58482,
ISIC_1360383,clinical: close-up,600,450,41329,
ISIC_1362408,dermoscopic,600,450,35858,
ISIC_1362488,clinical: close-up,600,450,27412,
ISIC_1364390,dermoscopic,600,450,24135,
ISIC_1364491,clinical: close-up,600,450,35376,
ISIC_1364908,clinical: close-up,600,450,56548,
ISIC_1364975,dermoscopic,600,450,25868,
ISIC_1365576,dermoscopic,600,450,37011,
ISIC_1365903,clinical: close-up,600,450,66274,
ISIC_1366649,dermoscopic,600,450,37275,
ISIC_1367228,clinical: close-up,600,450,48618,
ISIC_1370640,dermoscopic,600,450,26166,
ISIC_1373525,dermoscopic,600,450,36088,
ISIC_1373637,dermoscopic,600,450,22557,
ISIC_1374683,clinical: close-up,600,450,34276,
ISIC_1375082,dermoscopic,600,450,26827,
ISIC_1375994,dermoscopic,600,450,31714,
ISIC_1376355,clinical: close-up,600,450,33752,
ISIC_1376581,dermoscopic,600,450,26398,
ISIC_1376673,dermoscopic,600,450,18116,
ISIC_1376922,clinical: close-up,600,450,47596,
ISIC_1377073,clinical: close-up,600,450,34168,
ISIC_1379351,dermoscopic,600,450,25893,
ISIC_1379718,clinical: close-up,600,450,49285,
ISIC_1382049,clinical: close-up,600,450,44568,
ISIC_1382648,dermoscopic,600,450,24359,
ISIC_1384590,dermoscopic,600,450,25252,
ISIC_1385452,dermoscopic,600,450,27473,
ISIC_1385649,clinical: close-up,600,450,15705,
ISIC_1386079,clinical: close-up,600,450,54925,
ISIC_1386264,dermoscopic,600,450,28924,
ISIC_1386430,dermoscopic,600,450,27294,
ISIC_1386630,clinical: close-up,600,450,34474,
ISIC_1389612,clinical: close-up,600,450,69853,
ISIC_1390589,clinical: close-up,600,450,27700,
ISIC_1391601,clinical: close-up,600,450,23945,
ISIC_1393233,dermoscopic,600,450,45340,
ISIC_1393721,dermoscopic,600,450,26231,
ISIC_1395572,clinical: close-up,600,450,27619,
ISIC_1396159,dermoscopic,600,450,31752,
ISIC_1396973,clinical: close-up,600,450,42251,
ISIC_1398132,dermoscopic,600,450,27862,
ISIC_1398271,clinical: close-up,600,450,58223,
ISIC_1399132,clinical: close-up,600,450,34581,
ISIC_1403022,clinical: close-up,600,450,32420,
ISIC_1403739,dermoscopic,600,450,31575,
ISIC_1405142,clinical: close-up,600,450,31135,
ISIC_1405571,dermoscopic,600,450,28747,
ISIC_1408694,dermoscopic,600,450,30268,
ISIC_1408695,dermoscopic,600,450,23228,
ISIC_1409004,dermoscopic,600,450,20071,
ISIC_1409513,clinical: close-up,600,450,49905,
ISIC_1411585,clinical: close-up,600,450,50052,
ISIC_1411639,clinical: close-up,600,450,39687,
ISIC_1412212,clinical: close-up,600,450,44634,
ISIC_1412567,clinical: close-up,600,450,37409,
ISIC_1414380,dermoscopic,600,450,28135,
ISIC_1415038,clinical: close-up,600,450,29617,
ISIC_1416314,dermoscopic,600,450,24046,
ISIC_1417674,dermoscopic,600,450,30123,
ISIC_1419820,dermoscopic,600,450,22922,
ISIC_1420747,dermoscopic,600,450,25844,
ISIC_1420953,dermoscopic,600,450,20047,
ISIC_1421371,dermoscopic,600,450,25884,
ISIC_1424240,dermoscopic,600,450,29658,
ISIC_1424339,clinical: close-up,600,450,31311,
ISIC_1424527,dermoscopic,600,450,28304,
ISIC_1424951,clinical: close-up,600,450,38281,
ISIC_1424974,dermoscopic,600,450,23447,
ISIC_1425517,clinical: close-up,600,450,27144,
ISIC_1427974,dermoscopic,600,450,21571,
ISIC_1428490,dermoscopic,600,450,18298,
ISIC_1428662,clinical: close-up,600,450,43148,
ISIC_1430231,dermoscopic,600,450,28009,
ISIC_1430481,dermoscopic,600,450,26913,
ISIC_1431170,clinical: close-up,600,450,53631,
ISIC_1431910,clinical: close-up,600,450,33090,
ISIC_1432182,clinical: close-up,600,450,41581,
ISIC_1432273,clinical: close-up,600,450,40279,
ISIC_1432476,clinical: close-up,600,450,54100,
ISIC_1433868,clinical: close-up,600,450,45303,
ISIC_1435330,clinical: close-up,600,450,39248,
ISIC_1435734,clinical: close-up,600,450,39349,
ISIC_1435896,dermoscopic,600,450,24884,
ISIC_1435977,dermoscopic,600,450,28316,
ISIC_1436009,dermoscopic,600,450,24340,
ISIC_1441039,dermoscopic,600,450,31431,
ISIC_1441135,clinical: close-up,600,450,20772,
ISIC_1441409,clinical: close-up,600,450,47706,
ISIC_1441997,clinical: close-up,600,450,74801,
ISIC_1442874,clinical: close-up,600,450,41196,
ISIC_1445820,dermoscopic,600,450,36748,
ISIC_1445991,clinical: close-up,600,450,23667,
ISIC_1446269,dermoscopic,600,450,24756,
ISIC_1446565,dermoscopic,600,450,39956,
ISIC_1447403,clinical: close-up,600,450,31673,
ISIC_1447471,clinical: close-up,600,450,43498,
ISIC_1447974,clinical: close-up,600,450,46051,
ISIC_1448081,clinical: close-up,600,450,32014,
ISIC_1448927,clinical: close-up,600,450,54980,
ISIC_1453805,dermoscopic,600,450,22213,
ISIC_1454751,dermoscopic,600,450,28597,
ISIC_1455195,clinical: close-up,600,450,60091,
ISIC_1455660,dermoscopic,600,450,21291,
ISIC_1457973,dermoscopic,600,450,24161,
ISIC_1460132,dermoscopic,600,450,25046,
ISIC_1460320,dermoscopic,600,450,25183,
ISIC_1460872,dermoscopic,600,450,28417,
ISIC_1462182,dermoscopic,600,450,30709,
ISIC_1462492,dermoscopic,600,450,26564,
ISIC_1462656,clinical: close-up,600,450,49199,
ISIC_1464471,dermoscopic,600,450,23581,
ISIC_1464557,dermoscopic,600,450,22303,
ISIC_1465068,dermoscopic,600,450,34885,
ISIC_1465204,dermoscopic,600,450,20898,
ISIC_1468180,clinical: close-up,600,450,49568,
ISIC_1468332,dermoscopic,600,450,31764,
ISIC_1468532,clinical: close-up,600,450,46638,
ISIC_1471558,clinical: close-up,600,450,41077,
ISIC_1472142,dermoscopic,600,450,19222,
ISIC_1472934,dermoscopic,600,450,21798,
ISIC_1472958,dermoscopic,600,450,24715,
ISIC_1473683,dermoscopic,600,450,29245,
ISIC_1473845,clinical: close-up,600,450,28917,
ISIC_1474193,clinical: close-up,600,450,41504,
ISIC_1476780,clinical: close-up,600,450,54987,
ISIC_1476847,clinical: close-up,600,450,43979,
ISIC_1476980,clinical: close-up,600,450,52149,
ISIC_1477042,dermoscopic,600,450,31932,
ISIC_1477798,dermoscopic,600,450,19367,
ISIC_1479765,dermoscopic,600,450,48627,
ISIC_1480200,dermoscopic,600,450,34377,
ISIC_1481015,clinical: close-up,600,450,25911,
ISIC_1482437,dermoscopic,600,450,16010,
ISIC_1482636,dermoscopic,600,450,33464,
ISIC_1482756,clinical: close-up,600,450,45976,
ISIC_1484276,dermoscopic,600,450,26683,
ISIC_1484722,dermoscopic,600,450,24808,
ISIC_1485174,dermoscopic,600,450,29290,
ISIC_1485788,dermoscopic,600,450,37164,
ISIC_1487636,clinical: close-up,600,450,40751,
ISIC_1490894,dermoscopic,600,450,24711,
ISIC_1490956,dermoscopic,600,450,25038,
ISIC_1491798,dermoscopic,600,450,31601,
ISIC_1492266,clinical: close-up,600,450,69949,
ISIC_1492834,clinical: close-up,600,450,48092,
ISIC_1492844,clinical: close-up,600,450,48037,
ISIC_1494360,clinical: close-up,600,450,26172,
ISIC_1494890,clinical: close-up,600,450,52766,
ISIC_1495576,dermoscopic,600,450,15555,
ISIC_1496714,clinical: close-up,600,450,40073,
ISIC_1496736,clinical: close-up,600,450,38714,
ISIC_1498519,clinical: close-up,600,450,46275,
ISIC_1498924,clinical: close-up,600,450,30108,
ISIC_1499717,dermoscopic,600,450,29850,
ISIC_1500076,clinical: close-up,600,450,34559,
ISIC_1500894,clinical: close-up,600,450,31790,
ISIC_1501988,dermoscopic,600,450,23628,
ISIC_1502467,dermoscopic,600,450,25219,
ISIC_1502836,dermoscopic,600,450,27147,
ISIC_1503289,clinical: close-up,600,450,43252,
ISIC_1504106,clinical: close-up,600,450,32844,
ISIC_1504731,clinical: close-up,600,450,35974,
ISIC_1504993,clinical: close-up,600,450,50546,
ISIC_1505022,dermoscopic,600,450,26858,
ISIC_1505378,dermoscopic,600,450,23481,
ISIC_1506683,clinical: close-up,600,450,40360,
ISIC_1508418,clinical: close-up,600,450,39786,
ISIC_1509602,clinical: close-up,600,450,41361,
ISIC_1509648,dermoscopic,600,450,23656,
ISIC_1510512,dermoscopic,600,450,22791,
ISIC_1512530,dermoscopic,600,450,27697,
ISIC_1513850,dermoscopic,600,450,33870,
ISIC_1517003,dermoscopic,600,450,21940,
ISIC_1518748,dermoscopic,600,450,40775,
ISIC_1520820,clinical: close-up,600,450,25481,
ISIC_1521786,clinical: close-up,600,450,47720,
ISIC_1525827,clinical: close-up,600,450,54944,
ISIC_1526527,dermoscopic,600,450,30579,
ISIC_1528651,dermoscopic,600,450,26856,
ISIC_1529132,dermoscopic,600,450,32059,
ISIC_1529815,clinical: close-up,600,450,28225,
ISIC_1531730,clinical: close-up,600,450,64700,
ISIC_1532506,dermoscopic,600,450,27588,
ISIC_1532756,clinical: close-up,600,450,31759,
ISIC_1533060,clinical: close-up,600,450,32957,
ISIC_1533241,clinical: close-up,600,450,39001,
ISIC_1534516,clinical: close-up,600,450,40738,
ISIC_1535158,clinical: close-up,600,450,32328,
ISIC_1536147,clinical: close-up,600,450,28863,
ISIC_1536379,dermoscopic,600,450,41317,
ISIC_1536385,dermoscopic,600,450,22653,
ISIC_1536397,dermoscopic,600,450,26502,
ISIC_1537733,clinical: close-up,600,450,49189,
ISIC_1537765,dermoscopic,600,450,27991,
ISIC_1537920,clinical: close-up,600,450,25368,
ISIC_1538266,dermoscopic,600,450,30867,
ISIC_1538553,dermoscopic,600,450,36535,
ISIC_1539068,clinical: close-up,600,450,34465,
ISIC_1541840,dermoscopic,600,450,24239,
ISIC_1544622,dermoscopic,600,450,16179,
ISIC_1545290,dermoscopic,600,450,28880,
ISIC_1546433,clinical: close-up,600,450,48018,
ISIC_1547758,clinical: close-up,600,450,39125,
ISIC_1548274,dermoscopic,600,450,25926,
ISIC_1549163,dermoscopic,600,450,17572,
ISIC_1550198,dermoscopic,600,450,26933,
ISIC_1552060,dermoscopic,600,450,39304,
ISIC_1552276,dermoscopic,600,450,27147,
ISIC_1552944,clinical: close-up,600,450,40637,
ISIC_1556154,dermoscopic,600,450,23766,
ISIC_1556864,dermoscopic,600,450,42016,
ISIC_1557842,clinical: close-up,600,450,30940,
ISIC_1557986,dermoscopic,600,450,29651,
ISIC_1558061,dermoscopic,600,450,46043,
ISIC_1559307,clinical: close-up,600,450,40253,
ISIC_1560650,clinical: close-up,600,450,43721,
ISIC_1561841,dermoscopic,600,450,36420,
ISIC_1562789,clinical: close-up,600,450,38599,
ISIC_1564298,dermoscopic,600,450,31610,
ISIC_1566328,clinical: close-up,600,450,34859,
ISIC_1567381,dermoscopic,600,450,28027,
ISIC_1568395,clinical: close-up,600,450,44855,
ISIC_1568985,clinical: close-up,600,450,41642,
ISIC_1569303,clinical: close-up,600,450,39730,
ISIC_1569850,dermoscopic,600,450,26447,
ISIC_1570827,dermoscopic,600,450,25421,
ISIC_1571056,clinical: close-up,600,450,46038,
ISIC_1571470,dermoscopic,600,450,26918,
ISIC_1573011,clinical: close-up,600,450,46075,
ISIC_1574997,dermoscopic,600,450,19866,
ISIC_1575643,clinical: close-up,600,450,42539,
ISIC_1576697,clinical: close-up,600,450,33781,
ISIC_1577177,clinical: close-up,600,450,38405,
ISIC_1579405,dermoscopic,600,450,26927,
ISIC_1580681,dermoscopic,600,450,24794,
ISIC_1580971,clinical: close-up,600,450,36391,
ISIC_1581919,dermoscopic,600,450,30394,
ISIC_1582241,dermoscopic,600,450,25321,
ISIC_1583880,clinical: close-up,600,450,33802,
ISIC_1584796,clinical: close-up,600,450,35933,
ISIC_1585394,clinical: close-up,600,450,49200,
ISIC_1587160,dermoscopic,600,450,23944,
ISIC_1587418,dermoscopic,600,450,20849,
ISIC_1589705,clinical: close-up,600,450,54604,
ISIC_1589936,dermoscopic,600,450,31666,
ISIC_1590931,dermoscopic,600,450,25354,
ISIC_1591432,dermoscopic,600,450,32805,
ISIC_1592625,clinical: close-up,600,450,42169,
ISIC_1592988,dermoscopic,600,450,25569,
ISIC_1593018,dermoscopic,600,450,36150,
ISIC_1593041,clinical: close-up,600,450,39443,
ISIC_1593079,clinical: close-up,600,450,50185,
ISIC_1594005,dermoscopic,600,450,21595,
ISIC_1594200,clinical: close-up,600,450,42341,
ISIC_1594291,dermoscopic,600,450,23410,
ISIC_1595205,dermoscopic,600,450,23330,
ISIC_1595455,dermoscopic,600,450,23123,
ISIC_1597370,clinical: close-up,600,450,52250,
ISIC_1597659,dermoscopic,600,450,28579,
ISIC_1597752,dermoscopic,600,450,19969,
ISIC_1598653,clinical: close-up,600,450,37649,
ISIC_1598694,clinical: close-up,600,450,31219,
ISIC_1598799,dermoscopic,600,450,31767,
ISIC_1599277,clinical: close-up,600,450,33349,
ISIC_1600135,dermoscopic,600,450,25600,
ISIC_1602215,clinical: close-up,600,450,40097,
ISIC_1602614,dermoscopic,600,450,19949,
ISIC_1603122,dermoscopic,600,450,41984,
ISIC_1603737,dermoscopic,600,450,34144,
ISIC_1603958,dermoscopic,600,450,25223,
ISIC_1604088,dermoscopic,600,450,30676,
ISIC_1606234,dermoscopic,600,450,38287,
ISIC_1606726,dermoscopic,600,450,22137,
ISIC_1607224,dermoscopic,600,450,26610,
ISIC_1607500,dermoscopic,600,450,33291,
ISIC_1607939,clinical: close-up,600,450,31446,
ISIC_1609351,dermoscopic,600,450,22850,
ISIC_1610084,clinical: close-up,600,450,51039,
ISIC_1610798,clinical: close-up,600,450,30100,
ISIC_1612482,dermoscopic,600,450,16341,
ISIC_1614480,dermoscopic,600,450,27685,
ISIC_1615543,clinical: close-up,600,450,43891,
ISIC_1616470,dermoscopic,600,450,32349,
ISIC_1617856,clinical: close-up,600,450,45347,
ISIC_1618649,clinical: close-up,600,450,46810,
ISIC_1620077,dermoscopic,600,450,19350,
ISIC_1621625,dermoscopic,600,450,28709,
ISIC_1621985,clinical: close-up,600,450,39574,
ISIC_1622952,clinical: close-up,600,450,25611,
ISIC_1623104,dermoscopic,600,450,19799,
ISIC_1623626,clinical: close-up,600,450,47171,
ISIC_1624532,clinical: close-up,600,450,41678,
ISIC_1625882,dermoscopic,600,450,21562,
ISIC_1627498,dermoscopic,600,450,21315,
ISIC_1630601,clinical: close-up,600,450,35673,
ISIC_1631620,dermoscopic,600,450,17646,
ISIC_1631867,clinical: close-up,600,450,40156,
ISIC_1634592,clinical: close-up,600,450,46049,
ISIC_1635697,dermoscopic,600,450,24047,
ISIC_1636355,dermoscopic,600,450,26468,
ISIC_1636685,clinical: close-up,600,450,44473,
ISIC_1637550,clinical: close-up,600,450,38279,
ISIC_1639468,dermoscopic,600,450,24977,
ISIC_1642723,dermoscopic,600,450,25064,
ISIC_1643848,dermoscopic,600,450,24176,
ISIC_1644500,clinical: close-up,600,450,32865,
ISIC_1644843,clinical: close-up,600,450,24956,
ISIC_1645642,clinical: close-up,600,450,37140,
ISIC_1646339,dermoscopic,600,450,46792,
ISIC_1646416,dermoscopic,600,450,34153,
ISIC_1647421,dermoscopic,600,450,37070,
ISIC_1647954,clinical: close-up,600,450,49453,
ISIC_1649393,clinical: close-up,600,450,45483,
ISIC_1649481,dermoscopic,600,450,34507,
ISIC_1649554,dermoscopic,600,450,28393,
ISIC_1652393,dermoscopic,600,450,17080,
ISIC_1652809,clinical: close-up,600,450,57084,
ISIC_1653372,dermoscopic,600,450,33957,
ISIC_1653953,dermoscopic,600,450,35589,
ISIC_1655136,dermoscopic,600,450,23797,
ISIC_1656238,clinical: close-up,600,450,26642,
ISIC_1656295,dermoscopic,600,450,20760,
ISIC_1656419,clinical: close-up,600,450,35832,
ISIC_1657319,dermoscopic,600,450,18645,
ISIC_1657968,clinical: close-up,600,450,34130,
ISIC_1658137,dermoscopic,600,450,17921,
ISIC_1658514,clinical: close-up,600,450,27300,
ISIC_1658566,dermoscopic,600,450,25978,
ISIC_1659815,clinical: close-up,600,450,33598,
ISIC_1660154,clinical: close-up,600,450,38112,
ISIC_1660394,clinical: close-up,600,450,33677,
ISIC_1662993,clinical: close-up,600,450,33848,
ISIC_1663532,dermoscopic,600,450,23602,
ISIC_1664514,dermoscopic,600,450,20591,
ISIC_1665727,dermoscopic,600,450,33024,
ISIC_1666328,dermoscopic,600,450,30178,
ISIC_1666674,clinical: close-up,600,450,51085,
ISIC_1667014,dermoscopic,600,450,19644,
ISIC_1668550,dermoscopic,600,450,23754,
ISIC_1670166,dermoscopic,600,450,25574,
ISIC_1672301,clinical: close-up,600,450,39646,
ISIC_1673396,dermoscopic,600,450,20726,
ISIC_1675235,dermoscopic,600,450,26431,
ISIC_1675475,dermoscopic,600,450,24780,
ISIC_1675975,dermoscopic,600,450,19180,
ISIC_1677408,clinical: close-up,600,450,46128,
ISIC_1679185,clinical: close-up,600,450,28190,
ISIC_1679242,clinical: close-up,600,450,37322,
ISIC_1681382,dermoscopic,600,450,24513,
ISIC_1683911,dermoscopic,600,450,24312,
ISIC_1683950,dermoscopic,600,450,23584,
ISIC_1684388,clinical: close-up,600,450,46510,
ISIC_1685767,dermoscopic,600,450,28944,
ISIC_1686930,clinical: close-up,600,450,37156,
ISIC_1688152,clinical: close-up,600,450,39776,
ISIC_1689464,clinical: close-up,600,450,36715,
ISIC_1689523,dermoscopic,600,450,21947,
ISIC_1690729,clinical: close-up,600,450,48324,
ISIC_1692214,dermoscopic,600,450,22180,
ISIC_1693712,dermoscopic,600,450,34656,
ISIC_1694966,dermoscopic,600,450,32943,
ISIC_1695711,dermoscopic,600,450,20735,
ISIC_1698570,clinical: close-up,600,450,43107,
ISIC_1699010,dermoscopic,600,450,28104,
ISIC_1700566,clinical: close-up,600,450,45320,
ISIC_1700723,clinical: close-up,600,450,37372,
ISIC_1700871,dermoscopic,600,450,24358,
ISIC_1701846,dermoscopic,600,450,20679,
ISIC_1701968,dermoscopic,600,450,14991,
ISIC_1706772,clinical: close-up,600,450,39229,
ISIC_1707452,clinical: close-up,600,450,42883,
ISIC_1708907,dermoscopic,600,450,25763,
ISIC_1709796,clinical: close-up,600,450,42933,
ISIC_1710948,clinical: close-up,600,450,30650,
ISIC_1711017,clinical: close-up,600,450,51619,
ISIC_1711494,clinical: close-up,600,450,41079,
ISIC_1712861,dermoscopic,600,450,33225,
ISIC_1714056,clinical: close-up,600,450,47944,
ISIC_1714093,clinical: close-up,600,450,30903,
ISIC_1714713,clinical: close-up,600,450,41593,
ISIC_1714879,dermoscopic,600,450,27768,
ISIC_1715773,dermoscopic,600,450,26111,
ISIC_1716731,dermoscopic,600,450,26585,
ISIC_1718325,clinical: close-up,600,450,41859,
ISIC_1718501,dermoscopic,600,450,22626,
ISIC_1718630,dermoscopic,600,450,23479,
ISIC_1718779,dermoscopic,600,450,26905,
ISIC_1720500,dermoscopic,600,450,24937,
ISIC_1720538,dermoscopic,600,450,26692,
ISIC_1721377,clinical: close-up,600,450,39168,
ISIC_1721507,dermoscopic,600,450,24426,
ISIC_1721747,clinical: close-up,600,450,32792,
ISIC_1722763,clinical: close-up,600,450,42525,
ISIC_1724838,dermoscopic,600,450,28618,
ISIC_1727258,clinical: close-up,600,450,30399,
ISIC_1727539,clinical: close-up,600,450,47549,
ISIC_1727938,clinical: close-up,600,450,36309,
ISIC_1728615,clinical: close-up,600,450,28477,
ISIC_1729396,dermoscopic,600,450,26421,
ISIC_1731382,clinical: close-up,600,450,27507,
ISIC_1733416,dermoscopic,600,450,30026,
ISIC_1733540,clinical: close-up,600,450,30608,
ISIC_1734487,dermoscopic,600,450,23997,
ISIC_1738259,clinical: close-up,600,450,78352,
ISIC_1738383,dermoscopic,600,450,21424,
ISIC_1738482,clinical: close-up,600,450,25034,
ISIC_1739633,dermoscopic,600,450,28383,
ISIC_1739677,clinical: close-up,600,450,38329,
ISIC_1739775,clinical: close-up,600,450,44392,
ISIC_1740662,clinical: close-up,600,450,25206,
ISIC_1740962,dermoscopic,600,450,26108,
ISIC_1741107,dermoscopic,600,450,31051,
ISIC_1741197,dermoscopic,600,450,20268,
ISIC_1741453,dermoscopic,600,450,32543,
ISIC_1741885,clinical: close-up,600,450,35305,
ISIC_1746893,dermoscopic,600,450,26693,
ISIC_1747657,clinical: close-up,600,450,27245,
ISIC_1748084,dermoscopic,600,450,35534,
ISIC_1749046,dermoscopic,600,450,29217,
ISIC_1749481,dermoscopic,600,450,30464,
ISIC_1749634,clinical: close-up,600,450,53952,
ISIC_1751483,clinical: close-up,600,450,39022,
ISIC_1751525,clinical: close-up,600,450,47772,
ISIC_1753112,clinical: close-up,600,450,46903,
ISIC_1753599,dermoscopic,600,450,27069,
ISIC_1756486,dermoscopic,600,450,30532,
ISIC_1756915,dermoscopic,600,450,28760,
ISIC_1757189,dermoscopic,600,450,20470,
ISIC_1757520,clinical: close-up,600,450,49621,
ISIC_1759311,dermoscopic,600,450,30851,
ISIC_1761597,dermoscopic,600,450,25498,
ISIC_1762147,dermoscopic,600,450,33320,
ISIC_1763722,clinical: close-up,600,450,34042,
ISIC_1763947,dermoscopic,600,450,21662,
ISIC_1764656,dermoscopic,600,450,45835,
ISIC_1770277,dermoscopic,600,450,25898,
ISIC_1771077,clinical: close-up,600,450,53346,
ISIC_1771078,clinical: close-up,600,450,51702,
ISIC_1772212,clinical: close-up,600,450,25488,
ISIC_1772876,clinical: close-up,600,450,35831,
ISIC_1773412,clinical: close-up,600,450,41664,
ISIC_1774371,dermoscopic,600,450,31405,
ISIC_1775540,dermoscopic,600,450,30778,
ISIC_1779747,clinical: close-up,600,450,22991,
ISIC_1780120,clinical: close-up,600,450,47911,
ISIC_1780213,dermoscopic,600,450,26480,
ISIC_1784132,clinical: close-up,600,450,43246,
ISIC_1784261,clinical: close-up,600,450,35932,
ISIC_1789556,dermoscopic,600,450,34972,
ISIC_1791571,clinical: close-up,600,450,54318,
ISIC_1792162,clinical: close-up,600,450,22314,
ISIC_1793316,dermoscopic,600,450,21604,
ISIC_1794713,dermoscopic,600,450,19647,
ISIC_1795097,dermoscopic,600,450,26019,
ISIC_1796015,dermoscopic,600,450,25151,
ISIC_1797900,dermoscopic,600,450,30273,
ISIC_1798918,clinical: close-up,600,450,40800,
ISIC_1799338,dermoscopic,600,450,25005,
ISIC_1799713,clinical: close-up,600,450,39575,
ISIC_1800713,dermoscopic,600,450,24935,
ISIC_1801591,dermoscopic,600,450,40969,
ISIC_1801884,clinical: close-up,600,450,49110,
ISIC_1803069,dermoscopic,600,450,22453,
ISIC_1804844,dermoscopic,600,450,24549,
ISIC_1805429,dermoscopic,600,450,25666,
ISIC_1806373,dermoscopic,600,450,24436,
ISIC_1806435,dermoscopic,600,450,31648,
ISIC_1807046,clinical: close-up,600,450,44531,
ISIC_1807060,dermoscopic,600,450,29290,
ISIC_1807722,clinical: close-up,600,450,35972,
ISIC_1808755,clinical: close-up,600,450,28010,
ISIC_1809128,clinical: close-up,600,450,39187,
ISIC_1810342,dermoscopic,600,450,29013,
ISIC_1812439,clinical: close-up,600,450,40349,
ISIC_1813785,dermoscopic,600,450,29609,
ISIC_1814482,dermoscopic,600,450,26287,
ISIC_1815891,dermoscopic,600,450,29130,
ISIC_1816373,dermoscopic,600,450,23245,
ISIC_1816648,clinical: close-up,600,450,44328,
ISIC_1816917,dermoscopic,600,450,21833,
ISIC_1816990,clinical: close-up,600,450,34470,
ISIC_1817453,dermoscopic,600,450,27013,
ISIC_1817508,dermoscopic,600,450,23529,
ISIC_1818006,dermoscopic,600,450,40020,
ISIC_1818377,dermoscopic,600,450,32795,
ISIC_1818416,dermoscopic,600,450,20411,
ISIC_1820134,clinical: close-up,600,450,24812,
ISIC_1820380,clinical: close-up,600,450,43615,
ISIC_1821539,dermoscopic,600,450,31481,
ISIC_1822355,dermoscopic,600,450,33972,
ISIC_1823276,clinical: close-up,600,450,27920,
ISIC_1825802,clinical: close-up,600,450,45913,
ISIC_1826131,clinical: close-up,600,450,40153,
ISIC_1826258,clinical: close-up,600,450,33083,
ISIC_1826564,dermoscopic,600,450,32181,
ISIC_1826997,clinical: close-up,600,450,34889,
ISIC_1827820,clinical: close-up,600,450,45225,
ISIC_1828118,clinical: close-up,600,450,37256,
ISIC_1828288,clinical: close-up,600,450,49694,
ISIC_1828351,dermoscopic,600,450,36979,
ISIC_1828562,dermoscopic,600,450,30893,
ISIC_1830722,dermoscopic,600,450,27313,
ISIC_1830925,clinical: close-up,600,450,84988,
ISIC_1831934,dermoscopic,600,450,25197,
ISIC_1831940,clinical: close-up,600,450,51883,
ISIC_1832093,dermoscopic,600,450,21069,
ISIC_1832787,dermoscopic,600,450,25282,
ISIC_1833069,dermoscopic,600,450,19378,
ISIC_1833277,clinical: close-up,600,450,60115,
ISIC_1837879,dermoscopic,600,450,32303,
ISIC_1840506,dermoscopic,600,450,21247,
ISIC_1841456,clinical: close-up,600,450,41450,
ISIC_1841990,clinical: close-up,600,450,43086,
ISIC_1843036,clinical: close-up,600,450,45856,
ISIC_1843399,dermoscopic,600,450,37281,
ISIC_1844015,dermoscopic,600,450,23165,
ISIC_1844080,clinical: close-up,600,450,48384,
ISIC_1844525,clinical: close-up,600,450,22657,
ISIC_1844559,dermoscopic,600,450,28067,
ISIC_1845181,dermoscopic,600,450,38792,
ISIC_1845537,dermoscopic,600,450,20732,
ISIC_1845748,clinical: close-up,600,450,49855,
ISIC_1845922,dermoscopic,600,450,38964,
ISIC_1848204,clinical: close-up,600,450,53933,
ISIC_1849076,clinical: close-up,600,450,34235,
ISIC_1849199,clinical: close-up,600,450,46522,
ISIC_1850255,clinical: close-up,600,450,55493,
ISIC_1853511,clinical: close-up,600,450,49345,
ISIC_1855151,dermoscopic,600,450,61166,
ISIC_1856136,clinical: close-up,600,450,22236,
ISIC_1858368,clinical: close-up,600,450,48578,
ISIC_1858790,clinical: close-up,600,450,45651,
ISIC_1858857,clinical: close-up,600,450,46061,
ISIC_1859149,clinical: close-up,600,450,42949,
ISIC_1859150,dermoscopic,600,450,32013,
ISIC_1859155,clinical: close-up,600,450,39817,
ISIC_1859626,dermoscopic,600,450,29486,
ISIC_1860202,dermoscopic,600,450,23151,
ISIC_1860926,clinical: close-up,600,450,41978,
ISIC_1861788,dermoscopic,600,450,36328,
ISIC_1862003,clinical: close-up,600,450,56173,
ISIC_1862304,clinical: close-up,600,450,29036,
ISIC_1862412,clinical: close-up,600,450,56244,
ISIC_1863906,clinical: close-up,600,450,41047,
ISIC_1866476,dermoscopic,600,450,26665,
ISIC_1867477,clinical: close-up,600,450,42439,
ISIC_1868456,clinical: close-up,600,450,40650,
ISIC_1869252,clinical: close-up,600,450,59798,
ISIC_1874006,clinical: close-up,600,450,34255,
ISIC_1874410,dermoscopic,600,450,21283,
ISIC_1877271,clinical: close-up,600,450,48169,
ISIC_1881240,dermoscopic,600,450,32592,
ISIC_1883149,clinical: close-up,600,450,44402,
ISIC_1883913,clinical: close-up,600,450,42939,
ISIC_1884126,dermoscopic,600,450,25096,
ISIC_1884813,clinical: close-up,600,450,25836,
ISIC_1886909,clinical: close-up,600,450,30501,
ISIC_1887239,dermoscopic,600,450,31219,
ISIC_1887299,dermoscopic,600,450,25565,
ISIC_1888829,clinical: close-up,600,450,37991,
ISIC_1889858,clinical: close-up,600,450,38629,
ISIC_1890330,dermoscopic,600,450,23948,
ISIC_1890998,dermoscopic,600,450,29848,
ISIC_1891312,dermoscopic,600,450,29123,
ISIC_1892349,dermoscopic,600,450,28331,
ISIC_1894495,clinical: close-up,600,450,40795,
ISIC_1894633,dermoscopic,600,450,19369,
ISIC_1895014,clinical: close-up,600,450,42272,
ISIC_1895300,clinical: close-up,600,450,40963,
ISIC_1895471,dermoscopic,600,450,26767,
ISIC_1895532,clinical: close-up,600,450,46186,
ISIC_1897052,dermoscopic,600,450,34808,
ISIC_1897373,clinical: close-up,600,450,43959,
ISIC_1897411,clinical: close-up,600,450,32551,
ISIC_1897923,dermoscopic,600,450,24507,
ISIC_1899709,clinical: close-up,600,450,28452,
ISIC_1900694,clinical: close-up,600,450,49853,
ISIC_1901212,dermoscopic,600,450,16518,
ISIC_1901457,dermoscopic,600,450,22945,
ISIC_1902287,clinical: close-up,600,450,42764,
ISIC_1903516,dermoscopic,600,450,26340,
ISIC_1904660,clinical: close-up,600,450,30720,
ISIC_1904822,clinical: close-up,600,450,38606,
ISIC_1906798,dermoscopic,600,450,23548,
ISIC_1906835,dermoscopic,600,450,30551,
ISIC_1907325,clinical: close-up,600,450,53064,
ISIC_1907930,clinical: close-up,600,450,38281,
ISIC_1908460,clinical: close-up,600,450,30791,
ISIC_1909053,dermoscopic,600,450,24089,
ISIC_1909122,clinical: close-up,600,450,48667,
ISIC_1909868,dermoscopic,600,450,28961,
ISIC_1915189,clinical: close-up,600,450,37763,
ISIC_1916169,dermoscopic,600,450,27124,
ISIC_1916171,clinical: close-up,600,450,35968,
ISIC_1916468,clinical: close-up,600,450,39880,
ISIC_1917329,dermoscopic,600,450,32232,
ISIC_1919712,clinical: close-up,600,450,42463,
ISIC_1922750,clinical: close-up,600,450,35626,
ISIC_1923268,clinical: close-up,600,450,83928,
ISIC_1923354,dermoscopic,600,450,26402,
ISIC_1923944,clinical: close-up,600,450,25390,
ISIC_1926542,clinical: close-up,600,450,43303,
ISIC_1926555,dermoscopic,600,450,42338,
ISIC_1926637,clinical: close-up,600,450,45675,
ISIC_1927934,dermoscopic,600,450,24891,
ISIC_1928560,dermoscopic,600,450,32423,
ISIC_1929529,dermoscopic,600,450,24893,
ISIC_1932617,clinical: close-up,600,450,38782,
ISIC_1932860,clinical: close-up,600,450,30606,
ISIC_1933691,clinical: close-up,600,450,46440,
ISIC_1934403,clinical: close-up,600,450,45660,
ISIC_1936494,clinical: close-up,600,450,36489,
ISIC_1936960,clinical: close-up,600,450,46147,
ISIC_1937581,dermoscopic,600,450,33100,
ISIC_1938725,clinical: close-up,600,450,30791,
ISIC_1938835,dermoscopic,600,450,25568,
ISIC_1940214,dermoscopic,600,450,19006,
ISIC_1940714,dermoscopic,600,450,41362,
ISIC_1942928,dermoscopic,600,450,50045,
ISIC_1942943,clinical: close-up,600,450,53590,
ISIC_1943368,clinical: close-up,600,450,44183,
ISIC_1943932,clinical: close-up,600,450,44209,
ISIC_1947192,dermoscopic,600,450,19591,
ISIC_1947250,clinical: close-up,600,450,31775,
ISIC_1948728,dermoscopic,600,450,45474,
ISIC_1948930,clinical: close-up,600,450,52608,
ISIC_1949396,clinical: close-up,600,450,27011,
ISIC_1949643,dermoscopic,600,450,39338,
ISIC_1950578,clinical: close-up,600,450,35138,
ISIC_1950997,dermoscopic,600,450,54648,
ISIC_1951029,clinical: close-up,600,450,33092,
ISIC_1952689,clinical: close-up,600,450,29784,
ISIC_1953687,dermoscopic,600,450,21601,
ISIC_1954444,dermoscopic,600,450,23840,
ISIC_1954450,dermoscopic,600,450,27635,
ISIC_1955839,clinical: close-up,600,450,48625,
ISIC_1955962,dermoscopic,600,450,39826,
ISIC_1957687,clinical: close-up,600,450,45172,
ISIC_1958596,clinical: close-up,600,450,40530,
ISIC_1958652,clinical: close-up,600,450,35508,
ISIC_1958859,dermoscopic,600,450,30467,
ISIC_1958975,clinical: close-up,600,450,41384,
ISIC_1959902,dermoscopic,600,450,24691,
ISIC_1960660,dermoscopic,600,450,29522,
ISIC_1961429,clinical: close-up,600,450,52016,
ISIC_1961823,clinical: close-up,600,450,38492,
ISIC_1962329,dermoscopic,600,450,25086,
ISIC_1963504,clinical: close-up,600,450,34999,
ISIC_1963610,dermoscopic,600,450,29064,
ISIC_1964200,dermoscopic,600,450,25810,
ISIC_1966383,dermoscopic,600,450,19501,
ISIC_1967763,clinical: close-up,600,450,37954,
ISIC_1967830,dermoscopic,600,450,33220,
ISIC_1969306,dermoscopic,600,450,21432,
ISIC_1970255,dermoscopic,600,450,20986,
ISIC_1970706,dermoscopic,600,450,21333,
ISIC_1970988,dermoscopic,600,450,29640,
ISIC_1971219,clinical: close-up,600,450,40713,
ISIC_1972798,dermoscopic,600,450,27333,
ISIC_1973292,clinical: close-up,600,450,50725,
ISIC_1974672,clinical: close-up,600,450,38456,
ISIC_1975493,dermoscopic,600,450,29141,
ISIC_1977334,clinical: close-up,600,450,39202,
ISIC_1978418,dermoscopic,600,450,31297,
ISIC_1979828,clinical: close-up,600,450,31048,
ISIC_1980584,dermoscopic,600,450,28472,
ISIC_1982635,dermoscopic,600,450,21983,
ISIC_1983761,dermoscopic,600,450,30931,
ISIC_1984602,dermoscopic,600,450,27375,
ISIC_1985350,clinical: close-up,600,450,49424,
ISIC_1986655,dermoscopic,600,450,29646,
ISIC_1987185,dermoscopic,600,450,24970,
ISIC_1989317,clinical: close-up,600,450,22965,
ISIC_1990181,clinical: close-up,600,450,35014,
ISIC_1990401,clinical: close-up,600,450,36583,
ISIC_1990436,dermoscopic,600,450,30867,
ISIC_1990622,dermoscopic,600,450,28806,
ISIC_1991989,dermoscopic,600,450,30503,
ISIC_1992710,dermoscopic,600,450,27353,
ISIC_1992759,dermoscopic,600,450,21998,
ISIC_1992999,clinical: close-up,600,450,60647,
ISIC_1993005,dermoscopic,600,450,32703,
ISIC_1994166,dermoscopic,600,450,23517,
ISIC_1994938,clinical: close-up,600,450,37802,
ISIC_1996268,clinical: close-up,600,450,48648,
ISIC_1996485,dermoscopic,600,450,34435,
ISIC_1997944,clinical: close-up,600,450,37576,
ISIC_1997951,dermoscopic,600,450,22287,
ISIC_1998166,dermoscopic,600,450,21960,
ISIC_1999040,clinical: close-up,600,450,46877,
ISIC_1999475,dermoscopic,600,450,22954,
ISIC_1999632,dermoscopic,600,450,28376,
ISIC_1999829,dermoscopic,600,450,33142,
ISIC_2000821,dermoscopic,600,450,23287,
ISIC_2001011,clinical: close-up,600,450,37422,
ISIC_2001195,dermoscopic,600,450,34907,
ISIC_2001379,dermoscopic,600,450,22179,
ISIC_2005096,clinical: close-up,600,450,39898,
ISIC_2005939,clinical: close-up,600,450,36778,
ISIC_2006744,clinical: close-up,600,450,30347,
ISIC_2006791,clinical: close-up,600,450,39025,
ISIC_2011159,dermoscopic,600,450,33828,
ISIC_2011736,clinical: close-up,600,450,33766,
ISIC_2012204,clinical: close-up,600,450,42111,
ISIC_2013192,dermoscopic,600,450,18010,
ISIC_2013889,clinical: close-up,600,450,41904,
ISIC_2014762,clinical: close-up,600,450,29291,
ISIC_2014865,dermoscopic,600,450,20908,
ISIC_2014930,clinical: close-up,600,450,36552,
ISIC_2015391,clinical: close-up,600,450,57490,
ISIC_2015432,clinical: close-up,600,450,46467,
ISIC_2016658,clinical: close-up,600,450,51978,
ISIC_2019971,clinical: close-up,600,450,35061,
ISIC_2020122,dermoscopic,600,450,23258,
ISIC_2020398,dermoscopic,600,450,27268,
ISIC_2020975,dermoscopic,600,450,26589,
ISIC_2021070,dermoscopic,600,450,26525,
ISIC_2021937,clinical: close-up,600,450,42750,
ISIC_2022315,dermoscopic,600,450,29347,
ISIC_2022573,clinical: close-up,600,450,42355,
ISIC_2023313,dermoscopic,600,450,36380,
ISIC_2023729,clinical: close-up,600,450,42579,
ISIC_2024217,dermoscopic,600,450,19675,
ISIC_2025072,clinical: close-up,600,450,33490,
ISIC_2025477,clinical: close-up,600,450,52441,
ISIC_2025971,dermoscopic,600,450,19859,
ISIC_2026805,clinical: close-up,600,450,38246,
ISIC_2026823,clinical: close-up,600,450,41734,
ISIC_2027374,dermoscopic,600,450,33322,
ISIC_2028614,clinical: close-up,600,450,35274,
ISIC_2029702,dermoscopic,600,450,22586,
ISIC_2030005,dermoscopic,600,450,25814,
ISIC_2030190,clinical: close-up,600,450,46135,
ISIC_2031105,dermoscopic,600,450,25871,
ISIC_2031186,clinical: close-up,600,450,29586,
ISIC_2031349,dermoscopic,600,450,26900,
ISIC_2033119,clinical: close-up,600,450,38702,
ISIC_2033309,clinical: close-up,600,450,27723,
ISIC_2035169,dermoscopic,600,450,19219,
ISIC_2036187,clinical: close-up,600,450,48347,
ISIC_2036689,dermoscopic,600,450,31959,
ISIC_2036804,dermoscopic,600,450,25134,
ISIC_2036909,dermoscopic,600,450,27234,
ISIC_2038683,clinical: close-up,600,450,39586,
ISIC_2038875,dermoscopic,600,450,24322,
ISIC_2039556,dermoscopic,600,450,35542,
ISIC_2040238,clinical: close-up,600,450,36702,
ISIC_2041668,clinical: close-up,600,450,42475,
ISIC_2044054,clinical: close-up,600,450,35257,
ISIC_2046323,dermoscopic,600,450,18798,
ISIC_2048164,dermoscopic,600,450,30484,
ISIC_2048857,dermoscopic,600,450,21637,
ISIC_2049002,dermoscopic,600,450,30688,
ISIC_2049806,dermoscopic,600,450,29879,
ISIC_2052135,clinical: close-up,600,450,29764,
ISIC_2054135,dermoscopic,600,450,25932,
ISIC_2054940,dermoscopic,600,450,23315,
ISIC_2054960,dermoscopic,600,450,24309,
ISIC_2055021,clinical: close-up,600,450,35759,
ISIC_2056292,clinical: close-up,600,450,38642,
ISIC_2056374,dermoscopic,600,450,14132,
ISIC_2057570,clinical: close-up,600,450,40757,
ISIC_2059259,dermoscopic,600,450,25498,
ISIC_2059897,clinical: close-up,600,450,17692,
ISIC_2060638,clinical: close-up,600,450,43699,
ISIC_2061756,dermoscopic,600,450,27679,
ISIC_2062148,dermoscopic,600,450,31308,
ISIC_2062505,dermoscopic,600,450,28233,
ISIC_2062545,clinical: close-up,600,450,36621,
ISIC_2064223,clinical: close-up,600,450,21172,
ISIC_2068038,dermoscopic,600,450,17714,
ISIC_2070258,clinical: close-up,600,450,44715,
ISIC_2070457,clinical: close-up,600,450,34693,
ISIC_2072027,clinical: close-up,600,450,39765,
ISIC_2075270,clinical: close-up,600,450,31704,
ISIC_2076601,clinical: close-up,600,450,33542,
ISIC_2077819,clinical: close-up,600,450,46616,
ISIC_2078396,dermoscopic,600,450,33584,
ISIC_2078548,clinical: close-up,600,450,26506,
ISIC_2078663,clinical: close-up,600,450,42452,
ISIC_2080317,clinical: close-up,600,450,43706,
ISIC_2080755,dermoscopic,600,450,30130,
ISIC_2083558,clinical: close-up,600,450,53952,
ISIC_2083813,clinical: close-up,600,450,23413,
ISIC_2084154,dermoscopic,600,450,32622,
ISIC_2084190,dermoscopic,600,450,18110,
ISIC_2084498,clinical: close-up,600,450,32383,
ISIC_2085484,clinical: close-up,600,450,50660,
ISIC_2086625,dermoscopic,600,450,29817,
ISIC_2087207,dermoscopic,600,450,24148,
ISIC_2087722,dermoscopic,600,450,25394,
ISIC_2088161,clinical: close-up,600,450,46225,
ISIC_2088540,dermoscopic,600,450,20856,
ISIC_2088803,dermoscopic,600,450,32044,
ISIC_2089740,clinical: close-up,600,450,44933,
ISIC_2090799,dermoscopic,600,450,23672,
ISIC_2090929,dermoscopic,600,450,27077,
ISIC_2091010,clinical: close-up,600,450,44730,
ISIC_2091809,clinical: close-up,600,450,38751,
ISIC_2093474,dermoscopic,600,450,21861,
ISIC_2093581,clinical: close-up,600,450,46758,
ISIC_2093906,dermoscopic,600,450,23418,
ISIC_2094021,dermoscopic,600,450,23853,
ISIC_2094159,clinical: close-up,600,450,31848,
ISIC_2094944,dermoscopic,600,450,48148,
ISIC_2097701,dermoscopic,600,450,33134,
ISIC_2098382,dermoscopic,600,450,26047,
ISIC_2099638,clinical: close-up,600,450,21488,
ISIC_2100652,dermoscopic,600,450,21109,
ISIC_2100757,dermoscopic,600,450,36028,
ISIC_2100961,dermoscopic,600,450,20456,
ISIC_2102002,dermoscopic,600,450,27330,
ISIC_2104270,clinical: close-up,600,450,33113,
ISIC_2105399,clinical: close-up,600,450,25354,
ISIC_2106139,dermoscopic,600,450,21926,
ISIC_2106664,dermoscopic,600,450,60333,
ISIC_2106983,dermoscopic,600,450,21512,
ISIC_2108278,clinical: close-up,600,450,16464,
ISIC_2110451,dermoscopic,600,450,23224,
ISIC_2110641,clinical: close-up,600,450,36074,
ISIC_2111264,clinical: close-up,600,450,44421,
ISIC_2113163,clinical: close-up,600,450,42143,
ISIC_2114322,clinical: close-up,600,450,40270,
ISIC_2114789,clinical: close-up,600,450,50478,
ISIC_2116783,dermoscopic,600,450,23076,
ISIC_2118149,clinical: close-up,600,450,48037,
ISIC_2118620,dermoscopic,600,450,26253,
ISIC_2118898,clinical: close-up,600,450,35548,
ISIC_2119364,dermoscopic,600,450,24921,
ISIC_2119936,dermoscopic,600,450,21357,
ISIC_2120680,clinical: close-up,600,450,37374,
ISIC_2120971,dermoscopic,600,450,40675,
ISIC_2121573,clinical: close-up,600,450,39815,
ISIC_2122406,clinical: close-up,600,450,32454,
ISIC_2122704,dermoscopic,600,450,33152,
ISIC_2122841,dermoscopic,600,450,26919,
ISIC_2123542,clinical: close-up,600,450,30786,
ISIC_2124339,clinical: close-up,600,450,37870,
ISIC_2126637,dermoscopic,600,450,19661,
ISIC_2127182,clinical: close-up,600,450,26082,
ISIC_2127883,dermoscopic,600,450,18255,
ISIC_2128019,dermoscopic,600,450,30343,
ISIC_2128070,dermoscopic,600,450,26467,
ISIC_2129613,dermoscopic,600,450,30855,
ISIC_2131769,dermoscopic,600,450,24333,
ISIC_2132224,clinical: close-up,600,450,37134,
ISIC_2132766,dermoscopic,600,450,25019,
ISIC_2133291,clinical: close-up,600,450,30245,
ISIC_2134211,dermoscopic,600,450,25308,
ISIC_2134793,clinical: close-up,600,450,42078,
ISIC_2137894,clinical: close-up,600,450,48627,
ISIC_2144270,dermoscopic,600,450,38499,
ISIC_2146381,dermoscopic,600,450,21812,
ISIC_2146757,dermoscopic,600,450,21642,
ISIC_2148280,clinical: close-up,600,450,34906,
ISIC_2148749,clinical: close-up,600,450,59585,
ISIC_2148940,clinical: close-up,600,450,46887,
ISIC_2149064,dermoscopic,600,450,28993,
ISIC_2149284,clinical: close-up,600,450,38765,
ISIC_2150126,clinical: close-up,600,450,32768,
ISIC_2150484,clinical: close-up,600,450,48000,
ISIC_2153011,dermoscopic,600,450,16303,
ISIC_2153022,clinical: close-up,600,450,44425,
ISIC_2153383,clinical: close-up,600,450,73961,
ISIC_2156383,dermoscopic,600,450,31468,
ISIC_2156824,clinical: close-up,600,450,41559,
ISIC_2160112,clinical: close-up,600,450,29979,
ISIC_2160854,dermoscopic,600,450,19149,
ISIC_2161258,clinical: close-up,600,450,40667,
ISIC_2161394,dermoscopic,600,450,44083,
ISIC_2162606,dermoscopic,600,450,39835,
ISIC_2163581,clinical: close-up,600,450,37591,
ISIC_2164186,clinical: close-up,600,450,32835,
ISIC_2164257,clinical: close-up,600,450,70962,
ISIC_2164571,dermoscopic,600,450,31022,
ISIC_2167116,clinical: close-up,600,450,40313,
ISIC_2167653,dermoscopic,600,450,24990,
ISIC_2167765,clinical: close-up,600,450,33629,
ISIC_2168892,dermoscopic,600,450,17577,
ISIC_2170617,dermoscopic,600,450,23990,
ISIC_2171027,dermoscopic,600,450,33381,
ISIC_2174727,dermoscopic,600,450,24023,
ISIC_2175735,dermoscopic,600,450,30304,
ISIC_2175811,dermoscopic,600,450,18370,
ISIC_2176321,clinical: close-up,600,450,27967,
ISIC_2177016,clinical: close-up,600,450,45960,
ISIC_2178421,dermoscopic,600,450,30941,
ISIC_2179705,dermoscopic,600,450,24865,
ISIC_2180502,clinical: close-up,600,450,44346,
ISIC_2181342,dermoscopic,600,450,16757,
ISIC_2181594,dermoscopic,600,450,35299,
ISIC_2183361,dermoscopic,600,450,72976,
ISIC_2183795,dermoscopic,600,450,26844,
ISIC_2183840,clinical: close-up,600,450,37076,
ISIC_2184033,clinical: close-up,600,450,52380,
ISIC_2184268,dermoscopic,600,450,40976,
ISIC_2184629,clinical: close-up,600,450,36471,
ISIC_2185560,clinical: close-up,600,450,32667,
ISIC_2187177,clinical: close-up,600,450,22380,
ISIC_2187348,dermoscopic,600,450,26429,
ISIC_2187542,clinical: close-up,600,450,33160,
ISIC_2188105,clinical: close-up,600,450,46814,
ISIC_2188127,clinical: close-up,600,450,45177,
ISIC_2188650,clinical: close-up,600,450,58101,
ISIC_2190119,dermoscopic,600,450,23211,
ISIC_2193524,dermoscopic,600,450,27275,
ISIC_2194194,clinical: close-up,600,450,48738,
ISIC_2194211,clinical: close-up,600,450,32275,
ISIC_2195775,dermoscopic,600,450,34436,
ISIC_2196622,clinical: close-up,600,450,58671,
ISIC_2199762,dermoscopic,600,450,27544,
ISIC_2199778,clinical: close-up,600,450,33401,
ISIC_2200184,clinical: close-up,600,450,32495,
ISIC_2202352,dermoscopic,600,450,21679,
ISIC_2202519,dermoscopic,600,450,30633,
ISIC_2202736,dermoscopic,600,450,15703,
ISIC_2204119,dermoscopic,600,450,18886,
ISIC_2204145,clinical: close-up,600,450,62662,
ISIC_2205154,dermoscopic,600,450,25545,
ISIC_2205187,dermoscopic,600,450,29327,
ISIC_2205902,dermoscopic,600,450,15971,
ISIC_2209183,dermoscopic,600,450,27196,
ISIC_2211437,clinical: close-up,600,450,43970,
ISIC_2211674,dermoscopic,600,450,34703,
ISIC_2212095,dermoscopic,600,450,24911,
ISIC_2212859,clinical: close-up,600,450,53353,
ISIC_2212922,dermoscopic,600,450,26153,
ISIC_2213095,clinical: close-up,600,450,35741,
ISIC_2214376,dermoscopic,600,450,24072,
ISIC_2214683,clinical: close-up,600,450,37238,
ISIC_2214696,clinical: close-up,600,450,31182,
ISIC_2214827,clinical: close-up,600,450,33909,
ISIC_2215299,dermoscopic,600,450,22734,
ISIC_2215472,dermoscopic,600,450,39064,
ISIC_2215653,dermoscopic,600,450,29248,
ISIC_2216126,dermoscopic,600,450,23346,
ISIC_2217722,clinical: close-up,600,450,27539,
ISIC_2220505,dermoscopic,600,450,25456,
ISIC_2221157,clinical: close-up,600,450,41548,
ISIC_2222084,dermoscopic,600,450,25705,
ISIC_2222551,clinical: close-up,600,450,56371,
ISIC_2223344,clinical: close-up,600,450,31224,
ISIC_2224879,clinical: close-up,600,450,44044,
ISIC_2225323,clinical: close-up,600,450,24126,
ISIC_2226952,clinical: close-up,600,450,43052,
ISIC_2226996,clinical: close-up,600,450,17507,
ISIC_2228341,dermoscopic,600,450,27194,
ISIC_2228525,clinical: close-up,600,450,42718,
ISIC_2230113,clinical: close-up,600,450,33026,
ISIC_2230159,dermoscopic,600,450,17054,
ISIC_2231359,dermoscopic,600,450,30030,
ISIC_2231864,dermoscopic,600,450,18171,
ISIC_2232926,dermoscopic,600,450,26173,
ISIC_2233726,clinical: close-up,600,450,34730,
ISIC_2233787,clinical: close-up,600,450,29454,
ISIC_2233970,clinical: close-up,600,450,47964,
ISIC_2235918,dermoscopic,600,450,26200,
ISIC_2235964,clinical: close-up,600,450,23730,
ISIC_2236717,clinical: close-up,600,450,52946,
ISIC_2237025,dermoscopic,600,450,23803,
ISIC_2239440,clinical: close-up,600,450,31344,
ISIC_2240330,dermoscopic,600,450,37075,
ISIC_2240444,clinical: close-up,600,450,37749,
ISIC_2240759,dermoscopic,600,450,25126,
ISIC_2241043,clinical: close-up,600,450,45042,
ISIC_2243897,clinical: close-up,600,450,38534,
ISIC_2244475,clinical: close-up,600,450,43358,
ISIC_2245518,dermoscopic,600,450,35871,
ISIC_2246301,clinical: close-up,600,450,26807,
ISIC_2247564,dermoscopic,600,450,20782,
ISIC_2248270,clinical: close-up,600,450,37793,
ISIC_2252215,dermoscopic,600,450,27751,
ISIC_2252587,dermoscopic,600,450,19319,
ISIC_2255098,dermoscopic,600,450,23776,
ISIC_2258441,clinical: close-up,600,450,49069,
ISIC_2258930,dermoscopic,600,450,30069,
ISIC_2259826,dermoscopic,600,450,30494,
ISIC_2260553,clinical: close-up,600,450,32698,
ISIC_2260865,dermoscopic,600,450,36109,
ISIC_2260901,dermoscopic,600,450,24533,
ISIC_2260950,clinical: close-up,600,450,43812,
ISIC_2264421,dermoscopic,600,450,23749,
ISIC_2266613,clinical: close-up,600,450,45360,
ISIC_2267440,dermoscopic,600,450,25181,
ISIC_2267815,clinical: close-up,600,450,39706,
ISIC_2268118,dermoscopic,600,450,27228,
ISIC_2271068,clinical: close-up,600,450,22174,
ISIC_2271317,clinical: close-up,600,450,32089,
ISIC_2272478,dermoscopic,600,450,21622,
ISIC_2273572,dermoscopic,600,450,38234,
ISIC_2273629,clinical: close-up,600,450,45647,
ISIC_2276012,clinical: close-up,600,450,36904,
ISIC_2277053,clinical: close-up,600,450,38141,
ISIC_2277641,clinical: close-up,600,450,35845,
ISIC_2278278,clinical: close-up,600,450,32904,
ISIC_2281577,clinical: close-up,600,450,69811,
ISIC_2282699,dermoscopic,600,450,28393,
ISIC_2283574,dermoscopic,600,450,20498,
ISIC_2283635,dermoscopic,600,450,18318,
ISIC_2284196,dermoscopic,600,450,29566,
ISIC_2284535,clinical: close-up,600,450,39551,
ISIC_2286311,clinical: close-up,600,450,40506,
ISIC_2288132,clinical: close-up,600,450,45315,
ISIC_2288200,dermoscopic,600,450,27151,
ISIC_2288348,dermoscopic,600,450,21312,
ISIC_2288726,dermoscopic,600,450,32392,
ISIC_2288878,clinical: close-up,600,450,41581,
ISIC_2288953,clinical: close-up,600,450,37292,
ISIC_2289203,dermoscopic,600,450,28092,
ISIC_2292844,clinical: close-up,600,450,27312,
ISIC_2293465,clinical: close-up,600,450,50335,
ISIC_2293783,clinical: close-up,600,450,29821,
ISIC_2298923,dermoscopic,600,450,22395,
ISIC_2299814,clinical: close-up,600,450,30437,
ISIC_2301560,clinical: close-up,600,450,47403,
ISIC_2302262,dermoscopic,600,450,24595,
ISIC_2302491,dermoscopic,600,450,31988,
ISIC_2304241,dermoscopic,600,450,33023,
ISIC_2304487,clinical: close-up,600,450,42759,
ISIC_2304788,clinical: close-up,600,450,45301,
ISIC_2305246,dermoscopic,600,450,27845,
ISIC_2305541,dermoscopic,600,450,28770,
ISIC_2306278,dermoscopic,600,450,26685,
ISIC_2307453,dermoscopic,600,450,26657,
ISIC_2307898,clinical: close-up,600,450,47690,
ISIC_2307999,clinical: close-up,600,450,35367,
ISIC_2308076,clinical: close-up,600,450,65494,
ISIC_2308599,dermoscopic,600,450,28819,
ISIC_2309647,dermoscopic,600,450,23546,
ISIC_2311853,dermoscopic,600,450,19379,
ISIC_2311991,dermoscopic,600,450,25263,
ISIC_2312468,dermoscopic,600,450,21306,
ISIC_2313224,clinical: close-up,600,450,58120,
ISIC_2314639,clinical: close-up,600,450,68024,
ISIC_2314682,dermoscopic,600,450,16107,
ISIC_2314908,clinical: close-up,600,450,44065,
ISIC_2315875,clinical: close-up,600,450,35417,
ISIC_2319242,dermoscopic,600,450,34788,
ISIC_2320042,dermoscopic,600,450,43915,
ISIC_2320067,clinical: close-up,600,450,36274,
ISIC_2320348,dermoscopic,600,450,36162,
ISIC_2320596,clinical: close-up,600,450,50732,
ISIC_2320914,dermoscopic,600,450,27872,
ISIC_2321009,dermoscopic,600,450,21843,
ISIC_2322021,clinical: close-up,600,450,47246,
ISIC_2322494,dermoscopic,600,450,27098,
ISIC_2323046,clinical: close-up,600,450,39387,
ISIC_2323653,dermoscopic,600,450,25740,
ISIC_2323901,dermoscopic,600,450,25236,
ISIC_2324630,dermoscopic,600,450,28485,
ISIC_2324691,dermoscopic,600,450,28241,
ISIC_2324920,dermoscopic,600,450,17474,
ISIC_2325423,clinical: close-up,600,450,37930,
ISIC_2328093,dermoscopic,600,450,29882,
ISIC_2328520,dermoscopic,600,450,17175,
ISIC_2329035,dermoscopic,600,450,38996,
ISIC_2330431,clinical: close-up,600,450,44504,
ISIC_2330723,clinical: close-up,600,450,27242,
ISIC_2332226,clinical: close-up,600,450,35701,
ISIC_2332805,clinical: close-up,600,450,26120,
ISIC_2333635,clinical: close-up,600,450,46820,
ISIC_2334810,dermoscopic,600,450,23084,
ISIC_2334974,dermoscopic,600,450,26160,
ISIC_2335013,dermoscopic,600,450,37122,
ISIC_2335025,dermoscopic,600,450,24599,
ISIC_2336223,clinical: close-up,600,450,29990,
ISIC_2336235,dermoscopic,600,450,30802,
ISIC_2337700,dermoscopic,600,450,34897,
ISIC_2337998,dermoscopic,600,450,27907,
ISIC_2338396,clinical: close-up,600,450,57727,
ISIC_2338734,clinical: close-up,600,450,30656,
ISIC_2340328,clinical: close-up,600,450,55885,
ISIC_2340494,dermoscopic,600,450,22654,
ISIC_2340822,clinical: close-up,600,450,39969,
ISIC_2340945,dermoscopic,600,450,29324,
ISIC_2343149,clinical: close-up,600,450,44567,
ISIC_2343962,clinical: close-up,600,450,35762,
ISIC_2344703,clinical: close-up,600,450,21360,
ISIC_2345535,clinical: close-up,600,450,52104,
ISIC_2346201,clinical: close-up,600,450,29182,
ISIC_2346672,clinical: close-up,600,450,30756,
ISIC_2348044,clinical: close-up,600,450,22858,
ISIC_2348795,dermoscopic,600,450,24119,
ISIC_2350590,clinical: close-up,600,450,41987,
ISIC_2352071,dermoscopic,600,450,28102,
ISIC_2352288,dermoscopic,600,450,27956,
ISIC_2353418,dermoscopic,600,450,32211,
ISIC_2353638,dermoscopic,600,450,25492,
ISIC_2354975,dermoscopic,600,450,28292,
ISIC_2355114,dermoscopic,600,450,31067,
ISIC_2357212,clinical: close-up,600,450,26922,
ISIC_2359312,clinical: close-up,600,450,20152,
ISIC_2359396,clinical: close-up,600,450,50569,
ISIC_2360770,clinical: close-up,600,450,36124,
ISIC_2361193,clinical: close-up,600,450,45628,
ISIC_2362668,clinical: close-up,600,450,15113,
ISIC_2365922,clinical: close-up,600,450,40212,
ISIC_2366596,dermoscopic,600,450,26913,
ISIC_2368224,clinical: close-up,600,450,38430,
ISIC_2368450,dermoscopic,600,450,31353,
ISIC_2368759,clinical: close-up,600,450,49704,
ISIC_2368856,clinical: close-up,600,450,38627,
ISIC_2370968,dermoscopic,600,450,24016,
ISIC_2371823,clinical: close-up,600,450,37830,
ISIC_2372269,dermoscopic,600,450,24007,
ISIC_2372341,dermoscopic,600,450,30325,
ISIC_2372470,dermoscopic,600,450,42697,
ISIC_2374466,dermoscopic,600,450,30261,
ISIC_2375503,clinical: close-up,600,450,39000,
ISIC_2376778,clinical: close-up,600,450,52051,
ISIC_2376821,dermoscopic,600,450,33642,
ISIC_2376934,dermoscopic,600,450,28682,
ISIC_2377324,dermoscopic,600,450,20578,
ISIC_2378355,clinical: close-up,600,450,43567,
ISIC_2378626,dermoscopic,600,450,18620,
ISIC_2378919,dermoscopic,600,450,39828,
ISIC_2380041,dermoscopic,600,450,20365,
ISIC_2380836,clinical: close-up,600,450,24117,
ISIC_2383380,dermoscopic,600,450,21400,
ISIC_2384908,clinical: close-up,600,450,48693,
ISIC_2384953,dermoscopic,600,450,24476,
ISIC_2387540,dermoscopic,600,450,24880,
ISIC_2388998,clinical: close-up,600,450,43844,
ISIC_2391545,dermoscopic,600,450,26749,
ISIC_2392847,clinical: close-up,600,450,47229,
ISIC_2393561,dermoscopic,600,450,24863,
ISIC_2395293,clinical: close-up,600,450,31322,
ISIC_2396618,clinical: close-up,600,450,36508,
ISIC_2397388,clinical: close-up,600,450,50077,
ISIC_2399021,dermoscopic,600,450,23347,
ISIC_2400614,clinical: close-up,600,450,36260,
ISIC_2405387,clinical: close-up,600,450,24049,
ISIC_2407507,clinical: close-up,600,450,35451,
ISIC_2408893,clinical: close-up,600,450,40546,
ISIC_2409346,dermoscopic,600,450,27085,
ISIC_2410311,dermoscopic,600,450,25160,
ISIC_2410425,clinical: close-up,600,450,33070,
ISIC_2410902,dermoscopic,600,450,28554,
ISIC_2412335,clinical: close-up,600,450,44019,
ISIC_2414850,clinical: close-up,600,450,46847,
ISIC_2414931,clinical: close-up,600,450,37264,
ISIC_2415100,clinical: close-up,600,450,43546,
ISIC_2415211,clinical: close-up,600,450,38605,
ISIC_2415589,dermoscopic,600,450,39763,
ISIC_2417592,dermoscopic,600,450,34734,
ISIC_2418437,dermoscopic,600,450,25836,
ISIC_2418674,dermoscopic,600,450,24673,
ISIC_2419039,dermoscopic,600,450,21276,
ISIC_2419780,clinical: close-up,600,450,25512,
ISIC_2420699,clinical: close-up,600,450,51646,
ISIC_2422166,dermoscopic,600,450,24944,
ISIC_2424286,clinical: close-up,600,450,33872,
ISIC_2424786,clinical: close-up,600,450,19461,
ISIC_2425477,clinical: close-up,600,450,23739,
ISIC_2425838,clinical: close-up,600,450,36687,
ISIC_2426257,dermoscopic,600,450,23733,
ISIC_2426618,clinical: close-up,600,450,30189,
ISIC_2427256,dermoscopic,600,450,23692,
ISIC_2427847,clinical: close-up,600,450,47018,
ISIC_2429951,clinical: close-up,600,450,46639,
ISIC_2431328,clinical: close-up,600,450,47063,
ISIC_2431538,dermoscopic,600,450,29733,
ISIC_2432981,dermoscopic,600,450,28066,
ISIC_2434031,dermoscopic,600,450,25371,
ISIC_2437084,dermoscopic,600,450,22935,
ISIC_2437960,clinical: close-up,600,450,35539,
ISIC_2439000,clinical: close-up,600,450,38734,
ISIC_2439277,clinical: close-up,600,450,31790,
ISIC_2439944,clinical: close-up,600,450,39858,
ISIC_2440553,clinical: close-up,600,450,37599,
ISIC_2440983,dermoscopic,600,450,28085,
ISIC_2441019,dermoscopic,600,450,26107,
ISIC_2443095,clinical: close-up,600,450,55105,
ISIC_2443273,clinical: close-up,600,450,43567,
ISIC_2443446,clinical: close-up,600,450,42272,
ISIC_2444876,clinical: close-up,600,450,33560,
ISIC_2445691,clinical: close-up,600,450,52218,
ISIC_2446716,clinical: close-up,600,450,34133,
ISIC_2446922,clinical: close-up,600,450,29690,
ISIC_2447346,clinical: close-up,600,450,35531,
ISIC_2449691,dermoscopic,600,450,24554,
ISIC_2449826,clinical: close-up,600,450,33647,
ISIC_2451051,clinical: close-up,600,450,38227,
ISIC_2453345,clinical: close-up,600,450,40271,
ISIC_2453582,clinical: close-up,600,450,29979,
ISIC_2453811,clinical: close-up,600,450,42662,
ISIC_2454008,clinical: close-up,600,450,35719,
ISIC_2455305,clinical: close-up,600,450,29408,
ISIC_2455816,clinical: close-up,600,450,20363,
ISIC_2456679,dermoscopic,600,450,24277,
ISIC_2457583,dermoscopic,600,450,22831,
ISIC_2458155,clinical: close-up,600,450,27492,
ISIC_2458475,clinical: close-up,600,450,40481,
ISIC_2459161,dermoscopic,600,450,42966,
ISIC_2459668,dermoscopic,600,450,23033,
ISIC_2462068,clinical: close-up,600,450,42596,
ISIC_2463268,clinical: close-up,600,450,30405,
ISIC_2464882,dermoscopic,600,450,19736,
ISIC_2464952,dermoscopic,600,450,35880,
ISIC_2465599,dermoscopic,600,450,21482,
ISIC_2465614,dermoscopic,600,450,22750,
ISIC_2467349,dermoscopic,600,450,29931,
ISIC_2467581,clinical: close-up,600,450,36635,
ISIC_2469277,clinical: close-up,600,450,50134,
ISIC_2470660,dermoscopic,600,450,25559,
ISIC_2471655,dermoscopic,600,450,26895,
ISIC_2471885,dermoscopic,600,450,31222,
ISIC_2472012,dermoscopic,600,450,24992,
ISIC_2473287,clinical: close-up,600,450,46189,
ISIC_2473856,dermoscopic,600,450,22653,
ISIC_2475585,clinical: close-up,600,450,34309,
ISIC_2475721,clinical: close-up,600,450,48990,
ISIC_2475811,dermoscopic,600,450,19956,
ISIC_2478957,dermoscopic,600,450,38363,
ISIC_2481301,clinical: close-up,600,450,59690,
ISIC_2481693,clinical: close-up,600,450,49483,
ISIC_2482447,dermoscopic,600,450,19065,
ISIC_2482765,clinical: close-up,600,450,31475,
ISIC_2484661,dermoscopic,600,450,22121,
ISIC_2485009,dermoscopic,600,450,18776,
ISIC_2485182,dermoscopic,600,450,25429,
ISIC_2485685,dermoscopic,600,450,42248,
ISIC_2488572,clinical: close-up,600,450,38282,
ISIC_2489023,clinical: close-up,600,450,47649,
ISIC_2490336,clinical: close-up,600,450,46990,
ISIC_2490728,dermoscopic,600,450,27471,
ISIC_2492745,dermoscopic,600,450,28856,
ISIC_2494258,clinical: close-up,600,450,38014,
ISIC_2495535,clinical: close-up,600,450,42185,
ISIC_2495960,clinical: close-up,600,450,30308,
ISIC_2496140,dermoscopic,600,450,25855,
ISIC_2496144,clinical: close-up,600,450,28211,
ISIC_2498820,dermoscopic,600,450,32049,
ISIC_2500263,clinical: close-up,600,450,33982,
ISIC_2501467,dermoscopic,600,450,16943,
ISIC_2501558,dermoscopic,600,450,19686,
ISIC_2501939,dermoscopic,600,450,26654,
ISIC_2502243,clinical: close-up,600,450,37864,
ISIC_2504068,clinical: close-up,600,450,39604,
ISIC_2505856,dermoscopic,600,450,22458,
ISIC_2506667,dermoscopic,600,450,25606,
ISIC_2508300,clinical: close-up,600,450,41745,
ISIC_2508558,clinical: close-up,600,450,26970,
ISIC_2508643,dermoscopic,600,450,23906,
ISIC_2508689,clinical: close-up,600,450,38275,
ISIC_2510819,dermoscopic,600,450,25062,
ISIC_2511643,clinical: close-up,600,450,32309,
ISIC_2512661,clinical: close-up,600,450,25437,
ISIC_2513521,dermoscopic,600,450,25547,
ISIC_2514435,clinical: close-up,600,450,36216,
ISIC_2514438,clinical: close-up,600,450,31565,
ISIC_2515747,dermoscopic,600,450,23320,
ISIC_2515838,dermoscopic,600,450,26183,
ISIC_2516006,dermoscopic,600,450,22176,
ISIC_2517252,clinical: close-up,600,450,49182,
ISIC_2521142,dermoscopic,600,450,16325,
ISIC_2522593,dermoscopic,600,450,21485,
ISIC_2523004,clinical: close-up,600,450,19002,
ISIC_2524673,dermoscopic,600,450,23591,
ISIC_2525369,dermoscopic,600,450,23989,
ISIC_2525497,dermoscopic,600,450,19995,
ISIC_2525661,clinical: close-up,600,450,45558,
ISIC_2526104,dermoscopic,600,450,28557,
ISIC_2526585,clinical: close-up,600,450,44300,
ISIC_2527161,dermoscopic,600,450,22626,
ISIC_2530103,dermoscopic,600,450,28269,
ISIC_2531111,dermoscopic,600,450,32641,
ISIC_2531173,clinical: close-up,600,450,43582,
ISIC_2533061,dermoscopic,600,450,45002,
ISIC_2533190,clinical: close-up,600,450,33322,
ISIC_2533248,dermoscopic,600,450,29340,
ISIC_2533333,dermoscopic,600,450,25408,
ISIC_2533587,clinical: close-up,600,450,24757,
ISIC_2538384,dermoscopic,600,450,32539,
ISIC_2538458,dermoscopic,600,450,33119,
ISIC_2538950,clinical: close-up,600,450,40822,
ISIC_2539660,clinical: close-up,600,450,44144,
ISIC_2542134,dermoscopic,600,450,30267,
ISIC_2543052,clinical: close-up,600,450,23496,
ISIC_2546414,clinical: close-up,600,450,36174,
ISIC_2546925,dermoscopic,600,450,25850,
ISIC_2547869,clinical: close-up,600,450,33822,
ISIC_2548075,clinical: close-up,600,450,48693,
ISIC_2550058,dermoscopic,600,450,28348,
ISIC_2552716,dermoscopic,600,450,20650,
ISIC_2553729,dermoscopic,600,450,29595,
ISIC_2553804,clinical: close-up,600,450,41697,
ISIC_2554103,dermoscopic,600,450,26187,
ISIC_2556147,dermoscopic,600,450,25323,
ISIC_2556688,clinical: close-up,600,450,32427,
ISIC_2556744,dermoscopic,600,450,33870,
ISIC_2557089,clinical: close-up,600,450,31347,
ISIC_2557679,clinical: close-up,600,450,45895,
ISIC_2561308,clinical: close-up,600,450,36537,
ISIC_2561690,dermoscopic,600,450,30519,
ISIC_2563101,clinical: close-up,600,450,49046,
ISIC_2564518,clinical: close-up,600,450,39358,
ISIC_2564687,dermoscopic,600,450,19625,
ISIC_2565120,clinical: close-up,600,450,42144,
ISIC_2565230,dermoscopic,600,450,26068,
ISIC_2565297,clinical: close-up,600,450,39668,
ISIC_2566720,clinical: close-up,600,450,19775,
ISIC_2567274,dermoscopic,600,450,22076,
ISIC_2567925,dermoscopic,600,450,25202,
ISIC_2567983,dermoscopic,600,450,22800,
ISIC_2568976,dermoscopic,600,450,20792,
ISIC_2569198,dermoscopic,600,450,26474,
ISIC_2571592,clinical: close-up,600,450,22241,
ISIC_2571626,dermoscopic,600,450,25073,
ISIC_2573194,dermoscopic,600,450,35453,
ISIC_2577644,dermoscopic,600,450,22480,
ISIC_2578355,dermoscopic,600,450,33276,
ISIC_2579863,clinical: close-up,600,450,42636,
ISIC_2580507,clinical: close-up,600,450,37104,
ISIC_2580974,dermoscopic,600,450,22012,
ISIC_2581720,dermoscopic,600,450,28711,
ISIC_2583472,clinical: close-up,600,450,37870,
ISIC_2584689,clinical: close-up,600,450,36302,
ISIC_2585061,clinical: close-up,600,450,43161,
ISIC_2585669,dermoscopic,600,450,26561,
ISIC_2586707,dermoscopic,600,450,65428,
ISIC_2586728,dermoscopic,600,450,33848,
ISIC_2588935,clinical: close-up,600,450,20553,
ISIC_2590426,dermoscopic,600,450,23875,
ISIC_2590498,dermoscopic,600,450,21798,
ISIC_2590790,dermoscopic,600,450,26630,
ISIC_2591258,dermoscopic,600,450,37237,
ISIC_2591806,clinical: close-up,600,450,34522,
ISIC_2592427,clinical: close-up,600,450,38385,
ISIC_2593023,dermoscopic,600,450,25497,
ISIC_2593896,clinical: close-up,600,450,49882,
ISIC_2594634,dermoscopic,600,450,20714,
ISIC_2595169,clinical: close-up,600,450,35807,
ISIC_2597603,dermoscopic,600,450,25765,
ISIC_2598537,dermoscopic,600,450,36482,
ISIC_2598676,clinical: close-up,600,450,43819,
ISIC_2600012,dermoscopic,600,450,27946,
ISIC_2601363,dermoscopic,600,450,22359,
ISIC_2601487,dermoscopic,600,450,30344,
ISIC_2601688,dermoscopic,600,450,34631,
ISIC_2603915,dermoscopic,600,450,23128,
ISIC_2604430,dermoscopic,600,450,36658,
ISIC_2604782,dermoscopic,600,450,35343,
ISIC_2605163,dermoscopic,600,450,32357,
ISIC_2608885,dermoscopic,600,450,21221,
ISIC_2608904,clinical: close-up,600,450,31342,
ISIC_2611090,clinical: close-up,600,450,34316,
ISIC_2611411,clinical: close-up,600,450,40076,
ISIC_2611469,dermoscopic,600,450,27583,
ISIC_2612910,dermoscopic,600,450,22158,
ISIC_2613076,dermoscopic,600,450,20910,
ISIC_2613429,dermoscopic,600,450,31918,
ISIC_2614335,clinical: close-up,600,450,42199,
ISIC_2614337,clinical: close-up,600,450,53674,
ISIC_2614390,clinical: close-up,600,450,36293,
ISIC_2615324,dermoscopic,600,450,31048,
ISIC_2616471,dermoscopic,600,450,23353,
ISIC_2616510,clinical: close-up,600,450,43035,
ISIC_2617383,clinical: close-up,600,450,34505,
ISIC_2618411,dermoscopic,600,450,37485,
ISIC_2620132,dermoscopic,600,450,28411,
ISIC_2620875,clinical: close-up,600,450,44328,
ISIC_2621421,dermoscopic,600,450,34320,
ISIC_2621619,dermoscopic,600,450,25776,
ISIC_2621700,clinical: close-up,600,450,40683,
ISIC_2624256,clinical: close-up,600,450,40798,
ISIC_2625621,dermoscopic,600,450,19541,
ISIC_2626121,clinical: close-up,600,450,47198,
ISIC_2627340,dermoscopic,600,450,39312,
ISIC_2627411,dermoscopic,600,450,25665,
ISIC_2628160,clinical: close-up,600,450,50809,
ISIC_2628667,dermoscopic,600,450,20816,
ISIC_2631859,dermoscopic,600,450,33482,
ISIC_2633032,dermoscopic,600,450,16915,
ISIC_2633246,clinical: close-up,600,450,41455,
ISIC_2639604,clinical: close-up,600,450,47672,
ISIC_2640875,clinical: close-up,600,450,35221,
ISIC_2641217,dermoscopic,600,450,32864,
ISIC_2641644,dermoscopic,600,450,28641,
ISIC_2642475,dermoscopic,600,450,23479,
ISIC_2642915,clinical: close-up,600,450,51198,
ISIC_2645316,dermoscopic,600,450,30264,
ISIC_2645530,dermoscopic,600,450,31776,
ISIC_2645906,clinical: close-up,600,450,30580,
ISIC_2646200,dermoscopic,600,450,30922,
ISIC_2647192,dermoscopic,600,450,29620,
ISIC_2648102,clinical: close-up,600,450,37386,
ISIC_2649421,clinical: close-up,600,450,35815,
ISIC_2650378,clinical: close-up,600,450,65034,
ISIC_2650547,dermoscopic,600,450,21053,
ISIC_2651140,dermoscopic,600,450,26898,
ISIC_2654339,dermoscopic,600,450,53085,
ISIC_2655630,clinical: close-up,600,450,43875,
ISIC_2655730,dermoscopic,600,450,28672,
ISIC_2657415,dermoscopic,600,450,42405,
ISIC_2658100,dermoscopic,600,450,26341,
ISIC_2659768,clinical: close-up,600,450,44884,
ISIC_2664046,clinical: close-up,600,450,49506,
ISIC_2665761,clinical: close-up,600,450,39271,
ISIC_2666138,dermoscopic,600,450,25206,
ISIC_2667471,clinical: close-up,600,450,32320,
ISIC_2668215,clinical: close-up,600,450,46391,
ISIC_2668584,clinical: close-up,600,450,46488,
ISIC_2668675,dermoscopic,600,450,26801,
ISIC_2668678,clinical: close-up,600,450,35380,
ISIC_2668760,clinical: close-up,600,450,37971,
ISIC_2669811,dermoscopic,600,450,23323,
ISIC_2670452,clinical: close-up,600,450,39705,
ISIC_2671356,dermoscopic,600,450,20147,
ISIC_2671519,clinical: close-up,600,450,44818,
ISIC_2673443,dermoscopic,600,450,22172,
ISIC_2675122,dermoscopic,600,450,26457,
ISIC_2677713,clinical: close-up,600,450,47045,
ISIC_2683683,dermoscopic,600,450,24335,
ISIC_2683795,dermoscopic,600,450,25242,
ISIC_2684838,clinical: close-up,600,450,32346,
ISIC_2685248,clinical: close-up,600,450,33309,
ISIC_2686432,dermoscopic,600,450,23530,
ISIC_2687321,clinical: close-up,600,450,44906,
ISIC_2689111,clinical: close-up,600,450,39601,
ISIC_2689339,dermoscopic,600,450,29419,
ISIC_2689375,clinical: close-up,600,450,34363,
ISIC_2689544,dermoscopic,600,450,31893,
ISIC_2695360,dermoscopic,600,450,26263,
ISIC_2695703,clinical: close-up,600,450,32311,
ISIC_2696043,clinical: close-up,600,450,49978,
ISIC_2696566,clinical: close-up,600,450,26720,
ISIC_2698174,dermoscopic,600,450,29184,
ISIC_2700220,dermoscopic,600,450,15313,
ISIC_2700916,clinical: close-up,600,450,40559,
ISIC_2701902,dermoscopic,600,450,34281,
ISIC_2701980,clinical: close-up,600,450,36250,
ISIC_2702984,dermoscopic,600,450,32428,
ISIC_2704222,clinical: close-up,600,450,36284,
ISIC_2704661,clinical: close-up,600,450,38771,
ISIC_2704901,clinical: close-up,600,450,44146,
ISIC_2705888,clinical: close-up,600,450,28862,
ISIC_2706078,clinical: close-up,600,450,19421,
ISIC_2706513,clinical: close-up,600,450,48754,
ISIC_2708075,clinical: close-up,600,450,40255,
ISIC_2708483,clinical: close-up,600,450,21737,
ISIC_2709383,clinical: close-up,600,450,43208,
ISIC_2710214,clinical: close-up,600,450,36709,
ISIC_2710427,dermoscopic,600,450,22349,
ISIC_2711142,clinical: close-up,600,450,31872,
ISIC_2712633,clinical: close-up,600,450,28774,
ISIC_2712947,clinical: close-up,600,450,45086,
ISIC_2713587,dermoscopic,600,450,28081,
ISIC_2714655,clinical: close-up,600,450,80604,
ISIC_2716264,dermoscopic,600,450,31947,
ISIC_2716370,clinical: close-up,600,450,25582,
ISIC_2716900,dermoscopic,600,450,27856,
ISIC_2718301,dermoscopic,600,450,28364,
ISIC_2721277,dermoscopic,600,450,16797,
ISIC_2721569,clinical: close-up,600,450,23956,
ISIC_2722338,dermoscopic,600,450,23706,
ISIC_2724480,dermoscopic,600,450,33046,
ISIC_2725046,dermoscopic,600,450,35488,
ISIC_2726721,clinical: close-up,600,450,31209,
ISIC_2729094,clinical: close-up,600,450,29640,
ISIC_2729538,clinical: close-up,600,450,32451,
ISIC_2730868,dermoscopic,600,450,28597,
ISIC_2731321,dermoscopic,600,450,26709,
ISIC_2731701,dermoscopic,600,450,27561,
ISIC_2733086,clinical: close-up,600,450,35776,
ISIC_2733266,clinical: close-up,600,450,19693,
ISIC_2733454,dermoscopic,600,450,21709,
ISIC_2734876,clinical: close-up,600,450,35266,
ISIC_2735511,dermoscopic,600,450,25441,
ISIC_2735653,dermoscopic,600,450,52777,
ISIC_2736195,clinical: close-up,600,450,28085,
ISIC_2736440,clinical: close-up,600,450,47709,
ISIC_2738904,dermoscopic,600,450,36322,
ISIC_2738967,clinical: close-up,600,450,35684,
ISIC_2740122,dermoscopic,600,450,26090,
ISIC_2740604,dermoscopic,600,450,19190,
ISIC_2741027,dermoscopic,600,450,29347,
ISIC_2741156,dermoscopic,600,450,40060,
ISIC_2744921,clinical: close-up,600,450,31633,
ISIC_2744993,dermoscopic,600,450,23317,
ISIC_2745537,dermoscopic,600,450,25032,
ISIC_2745631,clinical: close-up,600,450,37231,
ISIC_2747022,dermoscopic,600,450,25941,
ISIC_2747596,dermoscopic,600,450,26024,
ISIC_2747605,clinical: close-up,600,450,35580,
ISIC_2748624,dermoscopic,600,450,15709,
ISIC_2749853,clinical: close-up,600,450,37557,
ISIC_2750525,dermoscopic,600,450,34772,
ISIC_2751556,dermoscopic,600,450,25969,
ISIC_2752768,dermoscopic,600,450,38231,
ISIC_2752952,clinical: close-up,600,450,50315,
ISIC_2753361,clinical: close-up,600,450,43900,
ISIC_2753382,dermoscopic,600,450,26985,
ISIC_2754763,dermoscopic,600,450,26151,
ISIC_2754845,dermoscopic,600,450,27650,
ISIC_2755460,dermoscopic,600,450,24556,
ISIC_2755934,clinical: close-up,600,450,44449,
ISIC_2756327,clinical: close-up,600,450,58304,
ISIC_2756867,clinical: close-up,600,450,41501,
ISIC_2758033,clinical: close-up,600,450,48911,
ISIC_2758349,clinical: close-up,600,450,38833,
ISIC_2759533,dermoscopic,600,450,17976,
ISIC_2760612,clinical: close-up,600,450,36732,
ISIC_2762745,clinical: close-up,600,450,39517,
ISIC_2763588,dermoscopic,600,450,23732,
ISIC_2764511,dermoscopic,600,450,24927,
ISIC_2765997,dermoscopic,600,450,19420,
ISIC_2766210,clinical: close-up,600,450,50697,
ISIC_2767026,clinical: close-up,600,450,27225,
ISIC_2768555,dermoscopic,600,450,28619,
ISIC_2768681,clinical: close-up,600,450,27533,
ISIC_2769033,dermoscopic,600,450,22434,
ISIC_2770352,dermoscopic,600,450,20745,
ISIC_2770547,clinical: close-up,600,450,46925,
ISIC_2770868,dermoscopic,600,450,32528,
ISIC_2771215,clinical: close-up,600,450,51183,
ISIC_2772004,clinical: close-up,600,450,33483,
ISIC_2772400,clinical: close-up,600,450,43320,
ISIC_2772998,clinical: close-up,600,450,42176,
ISIC_2774941,clinical: close-up,600,450,31697,
ISIC_2775534,dermoscopic,600,450,24342,
ISIC_2775686,clinical: close-up,600,450,34149,
ISIC_2777762,dermoscopic,600,450,28671,
ISIC_2778083,dermoscopic,600,450,22301,
ISIC_2779297,dermoscopic,600,450,32707,
ISIC_2781687,clinical: close-up,600,450,28996,
ISIC_2783831,dermoscopic,600,450,44889,
ISIC_2784330,clinical: close-up,600,450,51707,
ISIC_2785273,clinical: close-up,600,450,37871,
ISIC_2786202,clinical: close-up,600,450,35172,
ISIC_2787372,clinical: close-up,600,450,35166,
ISIC_2788480,clinical: close-up,600,450,29577,
ISIC_2790154,clinical: close-up,600,450,45600,
ISIC_2791059,dermoscopic,600,450,32931,
ISIC_2793180,dermoscopic,600,450,17881,
ISIC_2794417,clinical: close-up,600,450,39342,
ISIC_2794614,clinical: close-up,600,450,35251,
ISIC_2795308,dermoscopic,600,450,27291,
ISIC_2796590,clinical: close-up,600,450,31235,
ISIC_2796878,dermoscopic,600,450,20029,
ISIC_2799124,dermoscopic,600,450,30894,
ISIC_2799788,dermoscopic,600,450,27855,
ISIC_2800738,clinical: close-up,600,450,38744,
ISIC_2801800,clinical: close-up,600,450,50957,
ISIC_2802992,clinical: close-up,600,450,37513,
ISIC_2803954,dermoscopic,600,450,22550,
ISIC_2804242,dermoscopic,600,450,28008,
ISIC_2806062,clinical: close-up,600,450,43549,
ISIC_2808502,clinical: close-up,600,450,34783,
ISIC_2809795,clinical: close-up,600,450,51282,
ISIC_2811259,clinical: close-up,600,450,30146,
ISIC_2812513,dermoscopic,600,450,43927,
ISIC_2817890,clinical: close-up,600,450,35064,
ISIC_2818418,dermoscopic,600,450,13444,
ISIC_2818434,clinical: close-up,600,450,49878,
ISIC_2821063,dermoscopic,600,450,24822,
ISIC_2822341,dermoscopic,600,450,17590,
ISIC_2822468,clinical: close-up,600,450,46545,
ISIC_2823934,clinical: close-up,600,450,43195,
ISIC_2824759,dermoscopic,600,450,19273,
ISIC_2825735,clinical: close-up,600,450,19547,
ISIC_2826779,dermoscopic,600,450,27228,
ISIC_2826846,dermoscopic,600,450,19829,
ISIC_2827093,dermoscopic,600,450,29985,
ISIC_2827872,clinical: close-up,600,450,29522,
ISIC_2827957,clinical: close-up,600,450,25506,
ISIC_2828400,clinical: close-up,600,450,35085,
ISIC_2832798,dermoscopic,600,450,22963,
ISIC_2832853,dermoscopic,600,450,23941,
ISIC_2833179,dermoscopic,600,450,22324,
ISIC_2833803,clinical: close-up,600,450,44838,
ISIC_2834466,clinical: close-up,600,450,48651,
ISIC_2835239,clinical: close-up,600,450,61126,
ISIC_2835261,clinical: close-up,600,450,58189,
ISIC_2837403,clinical: close-up,600,450,49688,
ISIC_2838288,clinical: close-up,600,450,38029,
ISIC_2839422,clinical: close-up,600,450,31253,
ISIC_2839614,dermoscopic,600,450,21853,
ISIC_2840695,clinical: close-up,600,450,51798,
ISIC_2841434,clinical: close-up,600,450,36720,
ISIC_2842565,dermoscopic,600,450,31259,
ISIC_2843665,dermoscopic,600,450,24763,
ISIC_2845349,clinical: close-up,600,450,51023,
ISIC_2845706,dermoscopic,600,450,27997,
ISIC_2846004,dermoscopic,600,450,18018,
ISIC_2846074,clinical: close-up,600,450,34428,
ISIC_2846120,clinical: close-up,600,450,33730,
ISIC_2846167,dermoscopic,600,450,22443,
ISIC_2846740,clinical: close-up,600,450,46805,
ISIC_2847750,dermoscopic,600,450,26351,
ISIC_2848199,clinical: close-up,600,450,41525,
ISIC_2848487,dermoscopic,600,450,27908,
ISIC_2851104,clinical: close-up,600,450,44223,
ISIC_2851725,dermoscopic,600,450,32669,
ISIC_2852852,clinical: close-up,600,450,41815,
ISIC_2854469,dermoscopic,600,450,31107,
ISIC_2855242,dermoscopic,600,450,33418,
ISIC_2855373,clinical: close-up,600,450,24861,
ISIC_2855847,clinical: close-up,600,450,35905,
ISIC_2857248,dermoscopic,600,450,22068,
ISIC_2861255,clinical: close-up,600,450,27618,
ISIC_2861892,dermoscopic,600,450,27634,
ISIC_2864613,dermoscopic,600,450,24018,
ISIC_2866672,dermoscopic,600,450,22379,
ISIC_2866719,dermoscopic,600,450,21365,
ISIC_2867998,dermoscopic,600,450,23176,
ISIC_2868713,dermoscopic,600,450,36845,
ISIC_2868801,clinical: close-up,600,450,49381,
ISIC_2868896,dermoscopic,600,450,24024,
ISIC_2869457,clinical: close-up,600,450,45778,
ISIC_2869678,clinical: close-up,600,450,37619,
ISIC_2869987,clinical: close-up,600,450,30418,
ISIC_2870164,clinical: close-up,600,450,42058,
ISIC_2872052,dermoscopic,600,450,27163,
ISIC_2873444,dermoscopic,600,450,32316,
ISIC_2873569,clinical: close-up,600,450,51317,
ISIC_2873988,dermoscopic,600,450,18992,
ISIC_2874145,clinical: close-up,600,450,33059,
ISIC_2876063,clinical: close-up,600,450,33872,
ISIC_2877008,clinical: close-up,600,450,37806,
ISIC_2877235,dermoscopic,600,450,25015,
ISIC_2877846,clinical: close-up,600,450,35615,
ISIC_2878962,clinical: close-up,600,450,48613,
ISIC_2879057,dermoscopic,600,450,27505,
ISIC_2880667,dermoscopic,600,450,25290,
ISIC_2882147,clinical: close-up,600,450,39473,
ISIC_2883712,dermoscopic,600,450,16861,
ISIC_2883948,clinical: close-up,600,450,28640,
ISIC_2886088,clinical: close-up,600,450,38930,
ISIC_2886495,dermoscopic,600,450,21688,
ISIC_2887419,clinical: close-up,600,450,54519,
ISIC_2888616,dermoscopic,600,450,36949,
ISIC_2889500,clinical: close-up,600,450,40209,
ISIC_2891101,dermoscopic,600,450,32003,
ISIC_2891509,dermoscopic,600,450,28242,
ISIC_2891524,clinical: close-up,600,450,41738,
ISIC_2891584,clinical: close-up,600,450,42376,
ISIC_2891861,clinical: close-up,600,450,51449,
ISIC_2892335,clinical: close-up,600,450,40291,
ISIC_2893311,dermoscopic,600,450,23358,
ISIC_2894216,dermoscopic,600,450,32291,
ISIC_2895427,dermoscopic,600,450,26506,
ISIC_2896896,clinical: close-up,600,450,39005,
ISIC_2897284,dermoscopic,600,450,30517,
ISIC_2897696,clinical: close-up,600,450,41077,
ISIC_2900527,clinical: close-up,600,450,36293,
ISIC_2900622,dermoscopic,600,450,37978,
ISIC_2900811,clinical: close-up,600,450,41422,
ISIC_2902367,dermoscopic,600,450,30493,
ISIC_2903716,clinical: close-up,600,450,48177,
ISIC_2903873,clinical: close-up,600,450,26760,
ISIC_2903895,clinical: close-up,600,450,41137,
ISIC_2905836,dermoscopic,600,450,23152,
ISIC_2906273,dermoscopic,600,450,25675,
ISIC_2906597,clinical: close-up,600,450,32223,
ISIC_2907125,dermoscopic,600,450,23959,
ISIC_2907780,dermoscopic,600,450,21796,
ISIC_2909896,clinical: close-up,600,450,39321,
ISIC_2911472,clinical: close-up,600,450,47131,
ISIC_2911796,clinical: close-up,600,450,37872,
ISIC_2912041,dermoscopic,600,450,34001,
ISIC_2913187,dermoscopic,600,450,26230,
ISIC_2914456,dermoscopic,600,450,31610,
ISIC_2915213,clinical: close-up,600,450,29229,
ISIC_2915605,clinical: close-up,600,450,45190,
ISIC_2916022,dermoscopic,600,450,41569,
ISIC_2917647,clinical: close-up,600,450,37114,
ISIC_2918081,dermoscopic,600,450,24363,
ISIC_2919752,dermoscopic,600,450,26271,
ISIC_2920020,clinical: close-up,600,450,33871,
ISIC_2920382,clinical: close-up,600,450,60365,
ISIC_2921012,dermoscopic,600,450,27947,
ISIC_2921430,dermoscopic,600,450,23396,
ISIC_2923050,dermoscopic,600,450,43846,
ISIC_2923957,clinical: close-up,600,450,31233,
ISIC_2925612,dermoscopic,600,450,30467,
ISIC_2925746,dermoscopic,600,450,26989,
ISIC_2926418,dermoscopic,600,450,30335,
ISIC_2926621,clinical: close-up,600,450,37328,
ISIC_2926847,clinical: close-up,600,450,35826,
ISIC_2927179,dermoscopic,600,450,35909,
ISIC_2928924,dermoscopic,600,450,27885,
ISIC_2930366,dermoscopic,600,450,39463,
ISIC_2930478,clinical: close-up,600,450,38142,
ISIC_2931409,clinical: close-up,600,450,31246,
ISIC_2935903,clinical: close-up,600,450,49458,
ISIC_2936914,clinical: close-up,600,450,45427,
ISIC_2938744,clinical: close-up,600,450,41245,
ISIC_2941016,clinical: close-up,600,450,35296,
ISIC_2944495,dermoscopic,600,450,24793,
ISIC_2944503,clinical: close-up,600,450,23212,
ISIC_2944762,clinical: close-up,600,450,41758,
ISIC_2945370,dermoscopic,600,450,26352,
ISIC_2948051,clinical: close-up,600,450,42810,
ISIC_2949444,clinical: close-up,600,450,35657,
ISIC_2950662,dermoscopic,600,450,27927,
ISIC_2950781,clinical: close-up,600,450,30224,
ISIC_2952159,clinical: close-up,600,450,49754,
ISIC_2952204,dermoscopic,600,450,37552,
ISIC_2952786,clinical: close-up,600,450,44160,
ISIC_2953977,clinical: close-up,600,450,48361,
ISIC_2956586,clinical: close-up,600,450,21222,
ISIC_2956882,clinical: close-up,600,450,52411,
ISIC_2957330,clinical: close-up,600,450,51798,
ISIC_2958443,clinical: close-up,600,450,51083,
ISIC_2959395,dermoscopic,600,450,17273,
ISIC_2959823,clinical: close-up,600,450,40996,
ISIC_2961262,dermoscopic,600,450,25463,
ISIC_2961437,dermoscopic,600,450,18208,
ISIC_2962014,dermoscopic,600,450,47775,
ISIC_2963084,dermoscopic,600,450,32730,
ISIC_2963181,clinical: close-up,600,450,56816,
ISIC_2964078,clinical: close-up,600,450,15120,
ISIC_2964593,clinical: close-up,600,450,30807,
ISIC_2965800,clinical: close-up,600,450,49882,
ISIC_2968192,clinical: close-up,600,450,30813,
ISIC_2968300,clinical: close-up,600,450,57395,
ISIC_2970872,clinical: close-up,600,450,58749,
ISIC_2970971,dermoscopic,600,450,18625,
ISIC_2972264,clinical: close-up,600,450,37837,
ISIC_2972596,dermoscopic,600,450,22592,
ISIC_2973033,dermoscopic,600,450,19366,
ISIC_2973118,dermoscopic,600,450,19710,
ISIC_2973605,dermoscopic,600,450,24412,
ISIC_2973607,dermoscopic,600,450,21064,
ISIC_2974995,dermoscopic,600,450,34764,
ISIC_2975261,dermoscopic,600,450,29344,
ISIC_2976358,dermoscopic,600,450,28826,
ISIC_2977377,dermoscopic,600,450,24260,
ISIC_2977779,clinical: close-up,600,450,43567,
ISIC_2977955,clinical: close-up,600,450,58899,
ISIC_2977980,dermoscopic,600,450,17870,
ISIC_2978483,clinical: close-up,600,450,55382,
ISIC_2983004,clinical: close-up,600,450,45596,
ISIC_2984850,clinical: close-up,600,450,41233,
ISIC_2987179,dermoscopic,600,450,33122,
ISIC_2987655,clinical: close-up,600,450,41100,
ISIC_2987893,clinical: close-up,600,450,30436,
ISIC_2988309,clinical: close-up,600,450,45715,
ISIC_2989365,dermoscopic,600,450,25245,
ISIC_2990629,dermoscopic,600,450,32541,
ISIC_2991167,dermoscopic,600,450,17351,
ISIC_2992927,clinical: close-up,600,450,20373,
ISIC_2993047,dermoscopic,600,450,29504,
ISIC_2993083,dermoscopic,600,450,20330,
ISIC_2993511,clinical: close-up,600,450,32949,
ISIC_2994689,clinical: close-up,600,450,39543,
ISIC_2994885,clinical: close-up,600,450,36965,
ISIC_2995621,dermoscopic,600,450,26801,
ISIC_2996665,dermoscopic,600,450,23290,
ISIC_2996843,dermoscopic,600,450,25490,
ISIC_2997062,clinical: close-up,600,450,48627,
ISIC_2998511,clinical: close-up,600,450,45135,
ISIC_2998536,clinical: close-up,600,450,33712,
ISIC_2999230,clinical: close-up,600,450,40720,
ISIC_2999384,clinical: close-up,600,450,35365,
ISIC_3002045,dermoscopic,600,450,24527,
ISIC_3002615,clinical: close-up,600,450,26122,
ISIC_3003010,dermoscopic,600,450,19183,
ISIC_3003493,clinical: close-up,600,450,48621,
ISIC_3003648,dermoscopic,600,450,37101,
ISIC_3004699,dermoscopic,600,450,30357,
ISIC_3004974,clinical: close-up,600,450,46984,
ISIC_3005181,dermoscopic,600,450,31977,
ISIC_3006692,dermoscopic,600,450,27783,
ISIC_3009842,dermoscopic,600,450,26083,
ISIC_3011551,dermoscopic,600,450,15692,
ISIC_3011830,clinical: close-up,600,450,29112,
ISIC_3012180,clinical: close-up,600,450,64587,
ISIC_3013323,clinical: close-up,600,450,41365,
ISIC_3014783,clinical: close-up,600,450,35965,
ISIC_3014842,dermoscopic,600,450,28180,
ISIC_3015060,clinical: close-up,600,450,38964,
ISIC_3015606,dermoscopic,600,450,25869,
ISIC_3018802,clinical: close-up,600,450,60257,
ISIC_3020708,clinical: close-up,600,450,35664,
ISIC_3020882,dermoscopic,600,450,25829,
ISIC_3021033,clinical: close-up,600,450,33486,
ISIC_3022005,dermoscopic,600,450,27584,
ISIC_3022090,clinical: close-up,600,450,32562,
ISIC_3022261,dermoscopic,600,450,20746,
ISIC_3023055,dermoscopic,600,450,19035,
ISIC_3023198,dermoscopic,600,450,27392,
ISIC_3023437,dermoscopic,600,450,19837,
ISIC_3023607,dermoscopic,600,450,28170,
ISIC_3024107,clinical: close-up,600,450,16129,
ISIC_3024690,dermoscopic,600,450,18153,
ISIC_3025142,clinical: close-up,600,450,47819,
ISIC_3025966,dermoscopic,600,450,33468,
ISIC_3027737,dermoscopic,600,450,35073,
ISIC_3028893,dermoscopic,600,450,31172,
ISIC_3032522,dermoscopic,600,450,24977,
ISIC_3032936,dermoscopic,600,450,32796,
ISIC_3032983,dermoscopic,600,450,25436,
ISIC_3033593,clinical: close-up,600,450,34764,
ISIC_3033732,dermoscopic,600,450,19622,
ISIC_3034326,clinical: close-up,600,450,46024,
ISIC_3034439,dermoscopic,600,450,23407,
ISIC_3034620,clinical: close-up,600,450,38586,
ISIC_3036641,clinical: close-up,600,450,42646,
ISIC_3037508,clinical: close-up,600,450,23998,
ISIC_3037740,clinical: close-up,600,450,42910,
ISIC_3039458,clinical: close-up,600,450,54491,
ISIC_3039673,clinical: close-up,600,450,50416,
ISIC_3039744,dermoscopic,600,450,36987,
ISIC_3040289,dermoscopic,600,450,25480,
ISIC_3042149,clinical: close-up,600,450,43265,
ISIC_3042275,dermoscopic,600,450,26501,
ISIC_3042456,dermoscopic,600,450,28196,
ISIC_3043432,clinical: close-up,600,450,36920,
ISIC_3044377,clinical: close-up,600,450,46203,
ISIC_3045023,clinical: close-up,600,450,23497,
ISIC_3045344,clinical: close-up,600,450,32871,
ISIC_3045387,dermoscopic,600,450,27629,
ISIC_3045477,clinical: close-up,600,450,46495,
ISIC_3045480,dermoscopic,600,450,23373,
ISIC_3046799,clinical: close-up,600,450,38083,
ISIC_3047578,dermoscopic,600,450,22158,
ISIC_3048228,dermoscopic,600,450,30016,
ISIC_3049767,dermoscopic,600,450,22438,
ISIC_3050024,dermoscopic,600,450,22422,
ISIC_3050113,clinical: close-up,600,450,66500,
ISIC_3050416,dermoscopic,600,450,19750,
ISIC_3050487,dermoscopic,600,450,24748,
ISIC_3050521,dermoscopic,600,450,32254,
ISIC_3053495,dermoscopic,600,450,25127,
ISIC_3053943,clinical: close-up,600,450,44417,
ISIC_3055420,clinical: close-up,600,450,29066,
ISIC_3057442,clinical: close-up,600,450,46809,
ISIC_3057675,clinical: close-up,600,450,38608,
ISIC_3059704,clinical: close-up,600,450,31036,
ISIC_3061267,clinical: close-up,600,450,42067,
ISIC_3062370,dermoscopic,600,450,20710,
ISIC_3063587,dermoscopic,600,450,19682,
ISIC_3063817,dermoscopic,600,450,19661,
ISIC_3064112,dermoscopic,600,450,22901,
ISIC_3066491,dermoscopic,600,450,29735,
ISIC_3067376,clinical: close-up,600,450,43910,
ISIC_3069767,dermoscopic,600,450,20443,
ISIC_3070466,dermoscopic,600,450,40310,
ISIC_3070709,clinical: close-up,600,450,46015,
ISIC_3072008,dermoscopic,600,450,29547,
ISIC_3072729,clinical: close-up,600,450,51666,
ISIC_3072984,clinical: close-up,600,450,23706,
ISIC_3073821,dermoscopic,600,450,47989,
ISIC_3078783,clinical: close-up,600,450,43058,
ISIC_3080695,clinical: close-up,600,450,46277,
ISIC_3082193,clinical: close-up,600,450,45420,
ISIC_3082676,clinical: close-up,600,450,51300,
ISIC_3083384,dermoscopic,600,450,20468,
ISIC_3083566,clinical: close-up,600,450,38196,
ISIC_3085336,dermoscopic,600,450,21105,
ISIC_3085694,dermoscopic,600,450,21427,
ISIC_3088033,dermoscopic,600,450,23053,
ISIC_3088055,dermoscopic,600,450,25648,
ISIC_3088358,dermoscopic,600,450,25694,
ISIC_3090517,dermoscopic,600,450,26884,
ISIC_3091817,clinical: close-up,600,450,29905,
ISIC_3092576,clinical: close-up,600,450,49721,
ISIC_3093760,clinical: close-up,600,450,37209,
ISIC_3094215,dermoscopic,600,450,24177,
ISIC_3094384,clinical: close-up,600,450,69965,
ISIC_3094600,dermoscopic,600,450,29352,
ISIC_3095773,clinical: close-up,600,450,51068,
ISIC_3097252,clinical: close-up,600,450,33543,
ISIC_3100024,clinical: close-up,600,450,48158,
ISIC_3100261,clinical: close-up,600,450,47027,
ISIC_3100293,clinical: close-up,600,450,49621,
ISIC_3101169,dermoscopic,600,450,28549,
ISIC_3102604,clinical: close-up,600,450,28074,
ISIC_3102873,clinical: close-up,600,450,33014,
ISIC_3103579,dermoscopic,600,450,31632,
ISIC_3103756,dermoscopic,600,450,25772,
ISIC_3105211,dermoscopic,600,450,27180,
ISIC_3105418,clinical: close-up,600,450,29418,
ISIC_3111434,clinical: close-up,600,450,16199,
ISIC_3113033,dermoscopic,600,450,28841,
ISIC_3114974,clinical: close-up,600,450,45059,
ISIC_3115412,clinical: close-up,600,450,41367,
ISIC_3117423,dermoscopic,600,450,31667,
ISIC_3118860,dermoscopic,600,450,30423,
ISIC_3119815,clinical: close-up,600,450,43504,
ISIC_3120412,dermoscopic,600,450,19200,
ISIC_3122081,dermoscopic,600,450,35569,
ISIC_3122147,dermoscopic,600,450,23687,
ISIC_3125449,clinical: close-up,600,450,41292,
ISIC_3127556,clinical: close-up,600,450,62511,
ISIC_3127974,dermoscopic,600,450,25412,
ISIC_3129117,dermoscopic,600,450,21708,
ISIC_3129795,dermoscopic,600,450,27817,
ISIC_3132743,clinical: close-up,600,450,39626,
ISIC_3138874,dermoscopic,600,450,19336,
ISIC_3140203,dermoscopic,600,450,27448,
ISIC_3140817,clinical: close-up,600,450,25583,
ISIC_3141018,dermoscopic,600,450,37457,
ISIC_3142156,clinical: close-up,600,450,45470,
ISIC_3145046,clinical: close-up,600,450,39303,
ISIC_3147082,dermoscopic,600,450,20043,
ISIC_3148432,clinical: close-up,600,450,30790,
ISIC_3148471,dermoscopic,600,450,23608,
ISIC_3151108,dermoscopic,600,450,23495,
ISIC_3152857,dermoscopic,600,450,26095,
ISIC_3154934,dermoscopic,600,450,40596,
ISIC_3155654,dermoscopic,600,450,17329,
ISIC_3156175,clinical: close-up,600,450,42437,
ISIC_3157648,dermoscopic,600,450,24043,
ISIC_3157761,clinical: close-up,600,450,30918,
ISIC_3158315,dermoscopic,600,450,27449,
ISIC_3159028,clinical: close-up,600,450,47370,
ISIC_3159699,dermoscopic,600,450,28698,
ISIC_3159993,clinical: close-up,600,450,51539,
ISIC_3160675,dermoscopic,600,450,39016,
ISIC_3162480,clinical: close-up,600,450,37350,
ISIC_3162488,dermoscopic,600,450,31528,
ISIC_3162836,clinical: close-up,600,450,54385,
ISIC_3163093,dermoscopic,600,450,25717,
ISIC_3164080,clinical: close-up,600,450,44140,
ISIC_3164108,dermoscopic,600,450,31841,
ISIC_3166154,clinical: close-up,600,450,28324,
ISIC_3167280,clinical: close-up,600,450,48605,
ISIC_3167917,dermoscopic,600,450,27727,
ISIC_3168018,dermoscopic,600,450,24004,
ISIC_3168049,clinical: close-up,600,450,73580,
ISIC_3171197,clinical: close-up,600,450,34601,
ISIC_3173642,dermoscopic,600,450,20808,
ISIC_3175404,clinical: close-up,600,450,33741,
ISIC_3175480,dermoscopic,600,450,31495,
ISIC_3175640,clinical: close-up,600,450,47739,
ISIC_3175755,dermoscopic,600,450,25134,
ISIC_3177059,clinical: close-up,600,450,37110,
ISIC_3178739,dermoscopic,600,450,21863,
ISIC_3178939,dermoscopic,600,450,45009,
ISIC_3178945,dermoscopic,600,450,33403,
ISIC_3179593,clinical: close-up,600,450,48302,
ISIC_3180901,clinical: close-up,600,450,47419,
ISIC_3181599,clinical: close-up,600,450,39377,
ISIC_3183046,dermoscopic,600,450,28104,
ISIC_3183514,dermoscopic,600,450,30018,
ISIC_3184644,clinical: close-up,600,450,21491,
ISIC_3184893,dermoscopic,600,450,22999,
ISIC_3185277,dermoscopic,600,450,26810,
ISIC_3185613,clinical: close-up,600,450,28509,
ISIC_3187803,dermoscopic,600,450,27442,
ISIC_3187907,dermoscopic,600,450,26215,
ISIC_3188102,clinical: close-up,600,450,45638,
ISIC_3189171,clinical: close-up,600,450,38913,
ISIC_3190111,clinical: close-up,600,450,26655,
ISIC_3191236,clinical: close-up,600,450,31738,
ISIC_3191687,dermoscopic,600,450,29362,
ISIC_3192193,dermoscopic,600,450,35296,
ISIC_3193023,clinical: close-up,600,450,37560,
ISIC_3194532,clinical: close-up,600,450,34789,
ISIC_3195835,clinical: close-up,600,450,25343,
ISIC_3197211,dermoscopic,600,450,24386,
ISIC_3197377,dermoscopic,600,450,24819,
ISIC_3197379,clinical: close-up,600,450,50989,
ISIC_3198901,clinical: close-up,600,450,34568,
ISIC_3199091,dermoscopic,600,450,28209,
ISIC_3201153,dermoscopic,600,450,20082,
ISIC_3201692,dermoscopic,600,450,22245,
ISIC_3202131,dermoscopic,600,450,23088,
ISIC_3203799,dermoscopic,600,450,24843,
ISIC_3203845,clinical: close-up,600,450,51054,
ISIC_3204093,dermoscopic,600,450,27483,
ISIC_3204703,dermoscopic,600,450,27924,
ISIC_3206478,clinical: close-up,600,450,36256,
ISIC_3208305,dermoscopic,600,450,35023,
ISIC_3208971,clinical: close-up,600,450,36457,
ISIC_3209100,clinical: close-up,600,450,43108,
ISIC_3209508,clinical: close-up,600,450,38749,
ISIC_3210379,dermoscopic,600,450,24953,
ISIC_3210975,dermoscopic,600,450,34749,
ISIC_3211369,clinical: close-up,600,450,39565,
ISIC_3211851,dermoscopic,600,450,22723,
ISIC_3211877,dermoscopic,600,450,30222,
ISIC_3213706,clinical: close-up,600,450,36215,
ISIC_3215995,dermoscopic,600,450,24355,
ISIC_3217005,dermoscopic,600,450,25018,
ISIC_3217731,clinical: close-up,600,450,52677,
ISIC_3217799,dermoscopic,600,450,30501,
ISIC_3220453,clinical: close-up,600,450,24373,
ISIC_3220827,clinical: close-up,600,450,39580,
ISIC_3223440,dermoscopic,600,450,26119,
ISIC_3224359,dermoscopic,600,450,36081,
ISIC_3225420,dermoscopic,600,450,34796,
ISIC_3225587,clinical: close-up,600,450,72065,
ISIC_3228433,clinical: close-up,600,450,43370,
ISIC_3229589,dermoscopic,600,450,19387,
ISIC_3231371,clinical: close-up,600,450,31661,
ISIC_3233781,clinical: close-up,600,450,19274,
ISIC_3234625,clinical: close-up,600,450,53479,
ISIC_3235167,dermoscopic,600,450,27951,
ISIC_3235332,dermoscopic,600,450,26497,
ISIC_3236056,dermoscopic,600,450,25332,
ISIC_3237026,clinical: close-up,600,450,51257,
ISIC_3237120,clinical: close-up,600,450,29352,
ISIC_3242637,clinical: close-up,600,450,28281,
ISIC_3243335,clinical: close-up,600,450,39736,
ISIC_3244506,clinical: close-up,600,450,34346,
ISIC_3247057,dermoscopic,600,450,21051,
ISIC_3248418,dermoscopic,600,450,25725,
ISIC_3248460,clinical: close-up,600,450,46587,
ISIC_3250445,clinical: close-up,600,450,34637,
ISIC_3250692,dermoscopic,600,450,29531,
ISIC_3251194,clinical: close-up,600,450,36382,
ISIC_3251490,clinical: close-up,600,450,48183,
ISIC_3251714,dermoscopic,600,450,22584,
ISIC_3252559,dermoscopic,600,450,24333,
ISIC_3252878,clinical: close-up,600,450,60797,
ISIC_3253665,clinical: close-up,600,450,40239,
ISIC_3255507,clinical: close-up,600,450,23751,
ISIC_3256836,dermoscopic,600,450,25167,
ISIC_3258327,clinical: close-up,600,450,32395,
ISIC_3259414,dermoscopic,600,450,26074,
ISIC_3259871,dermoscopic,600,450,27422,
ISIC_3261040,clinical: close-up,600,450,49425,
ISIC_3261212,clinical: close-up,600,450,40793,
ISIC_3262566,dermoscopic,600,450,26832,
ISIC_3262933,clinical: close-up,600,450,38305,
ISIC_3265547,dermoscopic,600,450,27500,
ISIC_3265655,dermoscopic,600,450,41779,
ISIC_3265817,dermoscopic,600,450,24442,
ISIC_3265828,clinical: close-up,600,450,36944,
ISIC_3266019,clinical: close-up,600,450,34542,
ISIC_3267303,dermoscopic,600,450,34055,
ISIC_3267363,dermoscopic,600,450,19693,
ISIC_3268800,dermoscopic,600,450,24783,
ISIC_3269390,clinical: close-up,600,450,33467,
ISIC_3269995,dermoscopic,600,450,53905,
ISIC_3272276,clinical: close-up,600,450,35140,
ISIC_3273623,clinical: close-up,600,450,37310,
ISIC_3273746,clinical: close-up,600,450,32868,
ISIC_3275271,dermoscopic,600,450,20378,
ISIC_3275406,dermoscopic,600,450,27069,
ISIC_3277305,dermoscopic,600,450,24736,
ISIC_3277520,clinical: close-up,600,450,35516,
ISIC_3277541,dermoscopic,600,450,32992,
ISIC_3278222,clinical: close-up,600,450,30879,
ISIC_3280000,dermoscopic,600,450,21388,
ISIC_3281875,dermoscopic,600,450,29659,
ISIC_3284065,clinical: close-up,600,450,46814,
ISIC_3284822,clinical: close-up,600,450,44595,
ISIC_3284879,dermoscopic,600,450,22637,
ISIC_3287000,clinical: close-up,600,450,32190,
ISIC_3288032,dermoscopic,600,450,28224,
ISIC_3288726,clinical: close-up,600,450,46683,
ISIC_3289736,clinical: close-up,600,450,21533,
ISIC_3290113,clinical: close-up,600,450,46760,
ISIC_3290988,clinical: close-up,600,450,47008,
ISIC_3295711,clinical: close-up,600,450,28089,
ISIC_3297304,clinical: close-up,600,450,38075,
ISIC_3298166,dermoscopic,600,450,27896,
ISIC_3298684,clinical: close-up,600,450,34386,
ISIC_3298721,clinical: close-up,600,450,43832,
ISIC_3298769,clinical: close-up,600,450,32112,
ISIC_3300164,clinical: close-up,600,450,28562,
ISIC_3301517,clinical: close-up,600,450,42173,
ISIC_3302093,dermoscopic,600,450,16562,
ISIC_3302174,dermoscopic,600,450,32531,
ISIC_3302562,dermoscopic,600,450,23340,
ISIC_3302639,clinical: close-up,600,450,40976,
ISIC_3302986,dermoscopic,600,450,19953,
ISIC_3303065,dermoscopic,600,450,27056,
ISIC_3303508,clinical: close-up,600,450,56251,
ISIC_3303900,clinical: close-up,600,450,56486,
ISIC_3304492,clinical: close-up,600,450,42385,
ISIC_3304699,dermoscopic,600,450,39852,
ISIC_3305380,clinical: close-up,600,450,28480,
ISIC_3305736,clinical: close-up,600,450,37699,
ISIC_3306172,clinical: close-up,600,450,30018,
ISIC_3306550,clinical: close-up,600,450,58661,
ISIC_3307206,dermoscopic,600,450,36142,
ISIC_3307579,dermoscopic,600,450,29179,
ISIC_3308043,clinical: close-up,600,450,47695,
ISIC_3308945,clinical: close-up,600,450,30081,
ISIC_3309783,clinical: close-up,600,450,26210,
ISIC_3310439,clinical: close-up,600,450,44628,
ISIC_3312614,clinical: close-up,600,450,29045,
ISIC_3312778,dermoscopic,600,450,29260,
ISIC_3313109,clinical: close-up,600,450,44194,
ISIC_3313166,dermoscopic,600,450,21176,
ISIC_3316082,clinical: close-up,600,450,40062,
ISIC_3317235,dermoscopic,600,450,19464,
ISIC_3317643,dermoscopic,600,450,23868,
ISIC_3317755,dermoscopic,600,450,22904,
ISIC_3318295,clinical: close-up,600,450,37868,
ISIC_3318403,clinical: close-up,600,450,53288,
ISIC_3318576,clinical: close-up,600,450,43505,
ISIC_3320667,dermoscopic,600,450,24911,
ISIC_3322515,dermoscopic,600,450,23532,
ISIC_3323980,clinical: close-up,600,450,43811,
ISIC_3326999,clinical: close-up,600,450,24140,
ISIC_3327085,clinical: close-up,600,450,68298,
ISIC_3327886,clinical: close-up,600,450,29846,
ISIC_3327928,dermoscopic,600,450,25909,
ISIC_3327943,dermoscopic,600,450,39383,
ISIC_3328177,dermoscopic,600,450,29102,
ISIC_3328629,clinical: close-up,600,450,36000,
ISIC_3329063,clinical: close-up,600,450,40766,
ISIC_3331148,dermoscopic,600,450,34282,
ISIC_3331894,clinical: close-up,600,450,45274,
ISIC_3331939,clinical: close-up,600,450,32243,
ISIC_3334508,clinical: close-up,600,450,30598,
ISIC_3334573,dermoscopic,600,450,21953,
ISIC_3334868,clinical: close-up,600,450,76786,
ISIC_3336579,clinical: close-up,600,450,39421,
ISIC_3336886,dermoscopic,600,450,29053,
ISIC_3336908,dermoscopic,600,450,29224,
ISIC_3337707,clinical: close-up,600,450,37749,
ISIC_3338902,clinical: close-up,600,450,36957,
ISIC_3340382,clinical: close-up,600,450,35838,
ISIC_3341226,dermoscopic,600,450,24321,
ISIC_3341232,clinical: close-up,600,450,40978,
ISIC_3341530,clinical: close-up,600,450,16951,
ISIC_3343720,clinical: close-up,600,450,33073,
ISIC_3343865,dermoscopic,600,450,45579,
ISIC_3344295,dermoscopic,600,450,45047,
ISIC_3344319,dermoscopic,600,450,16080,
ISIC_3345386,clinical: close-up,600,450,21672,
ISIC_3346679,dermoscopic,600,450,29051,
ISIC_3347493,dermoscopic,600,450,28075,
ISIC_3349058,dermoscopic,600,450,34425,
ISIC_3349986,clinical: close-up,600,450,37837,
ISIC_3352589,dermoscopic,600,450,26134,
ISIC_3354653,dermoscopic,600,450,50784,
ISIC_3355310,clinical: close-up,600,450,40310,
ISIC_3356311,clinical: close-up,600,450,36826,
ISIC_3356573,dermoscopic,600,450,23634,
ISIC_3357525,dermoscopic,600,450,23101,
ISIC_3357576,dermoscopic,600,450,23280,
ISIC_3357733,clinical: close-up,600,450,41546,
ISIC_3359951,clinical: close-up,600,450,27857,
ISIC_3360186,dermoscopic,600,450,23600,
ISIC_3360235,dermoscopic,600,450,20694,
ISIC_3361208,dermoscopic,600,450,36957,
ISIC_3361791,clinical: close-up,600,450,51713,
ISIC_3362091,dermoscopic,600,450,28096,
ISIC_3362890,dermoscopic,600,450,21701,
ISIC_3364269,dermoscopic,600,450,24458,
ISIC_3365241,dermoscopic,600,450,22816,
ISIC_3365437,dermoscopic,600,450,19075,
ISIC_3366370,clinical: close-up,600,450,38977,
ISIC_3368184,clinical: close-up,600,450,48139,
ISIC_3368269,clinical: close-up,600,450,79553,
ISIC_3368991,dermoscopic,600,450,27199,
ISIC_3369429,clinical: close-up,600,450,61227,
ISIC_3369700,clinical: close-up,600,450,37235,
ISIC_3370385,clinical: close-up,600,450,42208,
ISIC_3371218,clinical: close-up,600,450,30263,
ISIC_3372353,dermoscopic,600,450,26013,
ISIC_3372650,dermoscopic,600,450,18404,
ISIC_3374597,dermoscopic,600,450,19185,
ISIC_3375059,clinical: close-up,600,450,39651,
ISIC_3379605,clinical: close-up,600,450,45197,
ISIC_3384621,dermoscopic,600,450,29287,
ISIC_3386852,clinical: close-up,600,450,31895,
ISIC_3388002,clinical: close-up,600,450,35591,
ISIC_3389727,dermoscopic,600,450,28145,
ISIC_3389976,clinical: close-up,600,450,34199,
ISIC_3392380,dermoscopic,600,450,40787,
ISIC_3392397,dermoscopic,600,450,36525,
ISIC_3394938,dermoscopic,600,450,23134,
ISIC_3395616,dermoscopic,600,450,22205,
ISIC_3395847,dermoscopic,600,450,31127,
ISIC_3396463,dermoscopic,600,450,30092,
ISIC_3396860,dermoscopic,600,450,52338,
ISIC_3397320,clinical: close-up,600,450,43453,
ISIC_3397720,dermoscopic,600,450,69004,
ISIC_3399647,dermoscopic,600,450,22823,
ISIC_3401124,dermoscopic,600,450,25163,
ISIC_3401455,clinical: close-up,600,450,45936,
ISIC_3405243,dermoscopic,600,450,25137,
ISIC_3408569,clinical: close-up,600,450,35374,
ISIC_3408726,clinical: close-up,600,450,20488,
ISIC_3408779,dermoscopic,600,450,17893,
ISIC_3410251,dermoscopic,600,450,25225,
ISIC_3411624,clinical: close-up,600,450,39868,
ISIC_3412303,dermoscopic,600,450,42632,
ISIC_3414486,dermoscopic,600,450,24196,
ISIC_3416227,clinical: close-up,600,450,30492,
ISIC_3418096,dermoscopic,600,450,23401,
ISIC_3418246,dermoscopic,600,450,27570,
ISIC_3418625,clinical: close-up,600,450,63728,
ISIC_3420179,dermoscopic,600,450,18911,
ISIC_3420236,dermoscopic,600,450,17870,
ISIC_3420711,dermoscopic,600,450,30667,
ISIC_3420842,clinical: close-up,600,450,19783,
ISIC_3422780,dermoscopic,600,450,37960,
ISIC_3425683,dermoscopic,600,450,22218,
ISIC_3427526,dermoscopic,600,450,21359,
ISIC_3427742,clinical: close-up,600,450,46076,
ISIC_3428379,clinical: close-up,600,450,29758,
ISIC_3428455,clinical: close-up,600,450,31764,
ISIC_3428486,dermoscopic,600,450,30807,
ISIC_3428806,clinical: close-up,600,450,35706,
ISIC_3429549,dermoscopic,600,450,29876,
ISIC_3430375,clinical: close-up,600,450,32099,
ISIC_3430609,dermoscopic,600,450,19429,
ISIC_3430932,dermoscopic,600,450,36643,
ISIC_3431348,dermoscopic,600,450,38398,
ISIC_3431588,clinical: close-up,600,450,35921,
ISIC_3431903,dermoscopic,600,450,25156,
ISIC_3431989,dermoscopic,600,450,26117,
ISIC_3432012,dermoscopic,600,450,28220,
ISIC_3432469,clinical: close-up,600,450,34462,
ISIC_3433968,clinical: close-up,600,450,30690,
ISIC_3434316,dermoscopic,600,450,34197,
ISIC_3436668,dermoscopic,600,450,28408,
ISIC_3436899,clinical: close-up,600,450,37135,
ISIC_3439130,clinical: close-up,600,450,46368,
ISIC_3439175,clinical: close-up,600,450,47059,
ISIC_3441354,clinical: close-up,600,450,44929,
ISIC_3442516,clinical: close-up,600,450,45991,
ISIC_3442836,dermoscopic,600,450,25527,
ISIC_3444223,clinical: close-up,600,450,35256,
ISIC_3445025,dermoscopic,600,450,27618,
ISIC_3445145,dermoscopic,600,450,25323,
ISIC_3445231,dermoscopic,600,450,23355,
ISIC_3446046,dermoscopic,600,450,31011,
ISIC_3446517,clinical: close-up,600,450,39979,
ISIC_3447417,dermoscopic,600,450,27692,
ISIC_3447732,clinical: close-up,600,450,32547,
ISIC_3451684,dermoscopic,600,450,31541,
ISIC_3454940,dermoscopic,600,450,27991,
ISIC_3455310,dermoscopic,600,450,35581,
ISIC_3456765,clinical: close-up,600,450,45176,
ISIC_3456998,dermoscopic,600,450,29287,
ISIC_3457455,dermoscopic,600,450,16540,
ISIC_3459198,clinical: close-up,600,450,52698,
ISIC_3460141,dermoscopic,600,450,21371,
ISIC_3460349,clinical: close-up,600,450,47762,
ISIC_3461504,clinical: close-up,600,450,35987,
ISIC_3462090,dermoscopic,600,450,32047,
ISIC_3462970,clinical: close-up,600,450,42030,
ISIC_3464724,dermoscopic,600,450,37215,
ISIC_3466390,clinical: close-up,600,450,45886,
ISIC_3466904,dermoscopic,600,450,31670,
ISIC_3467950,clinical: close-up,600,450,29434,
ISIC_3468250,dermoscopic,600,450,22006,
ISIC_3468757,dermoscopic,600,450,25717,
ISIC_3469093,clinical: close-up,600,450,33831,
ISIC_3469837,dermoscopic,600,450,24586,
ISIC_3472228,dermoscopic,600,450,22671,
ISIC_3472289,clinical: close-up,600,450,62759,
ISIC_3473807,dermoscopic,600,450,22776,
ISIC_3475592,clinical: close-up,600,450,45622,
ISIC_3475953,clinical: close-up,600,450,60524,
ISIC_3477325,dermoscopic,600,450,19981,
ISIC_3477335,dermoscopic,600,450,24993,
ISIC_3479083,dermoscopic,600,450,22613,
ISIC_3480084,dermoscopic,600,450,30256,
ISIC_3480499,dermoscopic,600,450,30150,
ISIC_3480611,dermoscopic,600,450,32380,
ISIC_3482213,clinical: close-up,600,450,42752,
ISIC_3482891,dermoscopic,600,450,30568,
ISIC_3483103,dermoscopic,600,450,19083,
ISIC_3483575,clinical: close-up,600,450,36082,
ISIC_3483843,clinical: close-up,600,450,48154,
ISIC_3485059,clinical: close-up,600,450,32576,
ISIC_3485522,clinical: close-up,600,450,33427,
ISIC_3486312,dermoscopic,600,450,31239,
ISIC_3487034,dermoscopic,600,450,23496,
ISIC_3488397,dermoscopic,600,450,14854,
ISIC_3489676,dermoscopic,600,450,32565,
ISIC_3489797,clinical: close-up,600,450,40208,
ISIC_3490874,clinical: close-up,600,450,27713,
ISIC_3491198,clinical: close-up,600,450,30642,
ISIC_3491804,clinical: close-up,600,450,44305,
ISIC_3494647,dermoscopic,600,450,26434,
ISIC_3494719,dermoscopic,600,450,23240,
ISIC_3496072,clinical: close-up,600,450,35577,
ISIC_3496143,clinical: close-up,600,450,36502,
ISIC_3497836,clinical: close-up,600,450,48627,
ISIC_3500227,dermoscopic,600,450,31796,
ISIC_3500691,dermoscopic,600,450,35218,
ISIC_3501503,dermoscopic,600,450,16518,
ISIC_3503700,clinical: close-up,600,450,48102,
ISIC_3503789,clinical: close-up,600,450,31788,
ISIC_3504270,dermoscopic,600,450,26581,
ISIC_3505887,clinical: close-up,600,450,39666,
ISIC_3507270,clinical: close-up,600,450,46852,
ISIC_3507614,dermoscopic,600,450,24932,
ISIC_3508395,clinical: close-up,600,450,18408,
ISIC_3508606,clinical: close-up,600,450,48172,
ISIC_3508744,clinical: close-up,600,450,40366,
ISIC_3510532,clinical: close-up,600,450,37132,
ISIC_3511086,dermoscopic,600,450,21673,
ISIC_3513521,dermoscopic,600,450,28338,
ISIC_3513821,dermoscopic,600,450,21150,
ISIC_3515169,clinical: close-up,600,450,31709,
ISIC_3515780,dermoscopic,600,450,29564,
ISIC_3515789,clinical: close-up,600,450,43989,
ISIC_3518193,dermoscopic,600,450,18085,
ISIC_3518720,dermoscopic,600,450,29329,
ISIC_3518967,dermoscopic,600,450,28029,
ISIC_3519677,clinical: close-up,600,450,42329,
ISIC_3520227,dermoscopic,600,450,33870,
ISIC_3521430,clinical: close-up,600,450,43297,
ISIC_3522468,clinical: close-up,600,450,36495,
ISIC_3524883,clinical: close-up,600,450,18349,
ISIC_3525463,clinical: close-up,600,450,34430,
ISIC_3526427,dermoscopic,600,450,17787,
ISIC_3526708,dermoscopic,600,450,20118,
ISIC_3527498,dermoscopic,600,450,22649,
ISIC_3528840,clinical: close-up,600,450,36526,
ISIC_3530269,clinical: close-up,600,450,41695,
ISIC_3531459,dermoscopic,600,450,30775,
ISIC_3532225,clinical: close-up,600,450,31591,
ISIC_3532575,clinical: close-up,600,450,27761,
ISIC_3535393,clinical: close-up,600,450,26921,
ISIC_3535882,dermoscopic,600,450,43447,
ISIC_3536529,clinical: close-up,600,450,27914,
ISIC_3537131,dermoscopic,600,450,16783,
ISIC_3538568,dermoscopic,600,450,23449,
ISIC_3539413,dermoscopic,600,450,25911,
ISIC_3539669,clinical: close-up,600,450,51299,
ISIC_3539795,dermoscopic,600,450,16860,
ISIC_3540017,dermoscopic,600,450,28258,
ISIC_3540431,dermoscopic,600,450,27711,
ISIC_3540482,dermoscopic,600,450,18671,
ISIC_3542359,clinical: close-up,600,450,35181,
ISIC_3543603,clinical: close-up,600,450,50564,
ISIC_3545489,clinical: close-up,600,450,43110,
ISIC_3545744,dermoscopic,600,450,23615,
ISIC_3547942,dermoscopic,600,450,25821,
ISIC_3548384,clinical: close-up,600,450,41220,
ISIC_3548770,dermoscopic,600,450,26945,
ISIC_3553184,clinical: close-up,600,450,35442,
ISIC_3553315,dermoscopic,600,450,26031,
ISIC_3553323,clinical: close-up,600,450,35451,
ISIC_3555396,dermoscopic,600,450,27389,
ISIC_3558339,dermoscopic,600,450,23242,
ISIC_3560001,clinical: close-up,600,450,12393,
ISIC_3560179,dermoscopic,600,450,36978,
ISIC_3562485,dermoscopic,600,450,31841,
ISIC_3563806,clinical: close-up,600,450,43785,
ISIC_3564212,clinical: close-up,600,450,40761,
ISIC_3564428,clinical: close-up,600,450,29300,
ISIC_3566394,clinical: close-up,600,450,42852,
ISIC_3567091,dermoscopic,600,450,34993,
ISIC_3567360,dermoscopic,600,450,31067,
ISIC_3567810,clinical: close-up,600,450,41571,
ISIC_3568310,dermoscopic,600,450,27701,
ISIC_3569610,clinical: close-up,600,450,38281,
ISIC_3570541,dermoscopic,600,450,23516,
ISIC_3573102,clinical: close-up,600,450,38061,
ISIC_3573447,clinical: close-up,600,450,34022,
ISIC_3573709,clinical: close-up,600,450,38766,
ISIC_3574989,clinical: close-up,600,450,36956,
ISIC_3577401,clinical: close-up,600,450,40337,
ISIC_3577478,dermoscopic,600,450,30571,
ISIC_3578286,dermoscopic,600,450,31577,
ISIC_3578842,dermoscopic,600,450,27543,
ISIC_3581058,clinical: close-up,600,450,26774,
ISIC_3581694,clinical: close-up,600,450,46118,
ISIC_3584546,clinical: close-up,600,450,36370,
ISIC_3584809,dermoscopic,600,450,23387,
ISIC_3585425,dermoscopic,600,450,21962,
ISIC_3585759,dermoscopic,600,450,22758,
ISIC_3587587,clinical: close-up,600,450,44638,
ISIC_3587674,dermoscopic,600,450,18458,
ISIC_3587898,dermoscopic,600,450,25695,
ISIC_3589220,dermoscopic,600,450,29979,
ISIC_3589795,clinical: close-up,600,450,32893,
ISIC_3590185,clinical: close-up,600,450,45421,
ISIC_3590619,clinical: close-up,600,450,36670,
ISIC_3591898,dermoscopic,600,450,25634,
ISIC_3593419,dermoscopic,600,450,21684,
ISIC_3594514,dermoscopic,600,450,32399,
ISIC_3594638,dermoscopic,600,450,26332,
ISIC_3595631,clinical: close-up,600,450,38493,
ISIC_3595673,clinical: close-up,600,450,47440,
ISIC_3596200,clinical: close-up,600,450,20482,
ISIC_3596524,dermoscopic,600,450,18544,
ISIC_3597945,dermoscopic,600,450,40253,
ISIC_3599295,dermoscopic,600,450,28205,
ISIC_3599799,dermoscopic,600,450,21132,
ISIC_3601357,clinical: close-up,600,450,42024,
ISIC_3601726,clinical: close-up,600,450,46984,
ISIC_3601752,clinical: close-up,600,450,25924,
ISIC_3602145,dermoscopic,600,450,46161,
ISIC_3603310,clinical: close-up,600,450,13336,
ISIC_3606192,dermoscopic,600,450,32601,
ISIC_3609001,dermoscopic,600,450,34992,
ISIC_3610123,clinical: close-up,600,450,43841,
ISIC_3610158,clinical: close-up,600,450,20148,
ISIC_3612044,dermoscopic,600,450,23253,
ISIC_3613098,clinical: close-up,600,450,31966,
ISIC_3613928,clinical: close-up,600,450,40997,
ISIC_3614265,clinical: close-up,600,450,30697,
ISIC_3614372,clinical: close-up,600,450,34320,
ISIC_3617005,clinical: close-up,600,450,67893,
ISIC_3619795,clinical: close-up,600,450,43354,
ISIC_3620839,dermoscopic,600,450,35184,
ISIC_3623141,dermoscopic,600,450,28869,
ISIC_3624913,dermoscopic,600,450,26778,
ISIC_3625335,dermoscopic,600,450,31655,
ISIC_3626191,dermoscopic,600,450,25272,
ISIC_3627147,dermoscopic,600,450,16737,
ISIC_3627294,dermoscopic,600,450,25783,
ISIC_3627368,clinical: close-up,600,450,43245,
ISIC_3627672,dermoscopic,600,450,37051,
ISIC_3628532,dermoscopic,600,450,24214,
ISIC_3628920,clinical: close-up,600,450,45858,
ISIC_3629047,clinical: close-up,600,450,38445,
ISIC_3631183,dermoscopic,600,450,26347,
ISIC_3631653,dermoscopic,600,450,30136,
ISIC_3632192,clinical: close-up,600,450,28075,
ISIC_3633147,dermoscopic,600,450,41991,
ISIC_3634737,clinical: close-up,600,450,56418,
ISIC_3636477,clinical: close-up,600,450,32012,
ISIC_3636953,dermoscopic,600,450,30007,
ISIC_3636991,dermoscopic,600,450,28726,
ISIC_3637593,dermoscopic,600,450,26601,
ISIC_3638194,clinical: close-up,600,450,54417,
ISIC_3639193,clinical: close-up,600,450,43569,
ISIC_3640695,clinical: close-up,600,450,53930,
ISIC_3642409,clinical: close-up,600,450,42297,
ISIC_3642584,dermoscopic,600,450,27121,
ISIC_3642704,dermoscopic,600,450,30434,
ISIC_3643046,clinical: close-up,600,450,47772,
ISIC_3644082,dermoscopic,600,450,21120,
ISIC_3644112,clinical: close-up,600,450,46694,
ISIC_3644578,clinical: close-up,600,450,38583,
ISIC_3645026,clinical: close-up,600,450,36317,
ISIC_3646755,clinical: close-up,600,450,30441,
ISIC_3651770,clinical: close-up,600,450,68568,
ISIC_3652498,clinical: close-up,600,450,30818,
ISIC_3653173,clinical: close-up,600,450,39841,
ISIC_3654837,dermoscopic,600,450,16432,
ISIC_3656292,clinical: close-up,600,450,40705,
ISIC_3657842,clinical: close-up,600,450,44142,
ISIC_3658597,dermoscopic,600,450,22595,
ISIC_3658823,dermoscopic,600,450,20035,
ISIC_3659324,dermoscopic,600,450,27532,
ISIC_3661021,clinical: close-up,600,450,43086,
ISIC_3661670,dermoscopic,600,450,30900,
ISIC_3663283,dermoscopic,600,450,28690,
ISIC_3665449,dermoscopic,600,450,24825,
ISIC_3666002,dermoscopic,600,450,23670,
ISIC_3666907,dermoscopic,600,450,50019,
ISIC_3667052,dermoscopic,600,450,24332,
ISIC_3668445,dermoscopic,600,450,25244,
ISIC_3668509,clinical: close-up,600,450,28659,
ISIC_3669176,dermoscopic,600,450,45467,
ISIC_3669322,clinical: close-up,600,450,49216,
ISIC_3670069,dermoscopic,600,450,27891,
ISIC_3672274,dermoscopic,600,450,28609,
ISIC_3672764,clinical: close-up,600,450,40190,
ISIC_3672834,clinical: close-up,600,450,42190,
ISIC_3672849,clinical: close-up,600,450,50255,
ISIC_3673744,dermoscopic,600,450,24164,
ISIC_3673916,dermoscopic,600,450,17176,
ISIC_3675396,dermoscopic,600,450,20649,
ISIC_3675883,dermoscopic,600,450,30621,
ISIC_3676018,dermoscopic,600,450,19491,
ISIC_3676848,clinical: close-up,600,450,51939,
ISIC_3678654,dermoscopic,600,450,22247,
ISIC_3679455,clinical: close-up,600,450,39894,
ISIC_3683640,clinical: close-up,600,450,29292,
ISIC_3685267,dermoscopic,600,450,25661,
ISIC_3685271,clinical: close-up,600,450,54744,
ISIC_3687721,dermoscopic,600,450,34491,
ISIC_3688627,clinical: close-up,600,450,45704,
ISIC_3688805,dermoscopic,600,450,37806,
ISIC_3689085,dermoscopic,600,450,28336,
ISIC_3689711,dermoscopic,600,450,27522,
ISIC_3690079,clinical: close-up,600,450,38238,
ISIC_3691801,dermoscopic,600,450,17780,
ISIC_3693749,clinical: close-up,600,450,46539,
ISIC_3694172,clinical: close-up,600,450,29499,
ISIC_3694700,clinical: close-up,600,450,37101,
ISIC_3696217,clinical: close-up,600,450,44009,
ISIC_3698441,dermoscopic,600,450,28318,
ISIC_3701587,clinical: close-up,600,450,47273,
ISIC_3703123,dermoscopic,600,450,27830,
ISIC_3704603,dermoscopic,600,450,24443,
ISIC_3705057,dermoscopic,600,450,34316,
ISIC_3705158,dermoscopic,600,450,31102,
ISIC_3706698,dermoscopic,600,450,34568,
ISIC_3707347,clinical: close-up,600,450,37603,
ISIC_3708140,clinical: close-up,600,450,48256,
ISIC_3708334,dermoscopic,600,450,24914,
ISIC_3709727,dermoscopic,600,450,35569,
ISIC_3712412,dermoscopic,600,450,59243,
ISIC_3713055,dermoscopic,600,450,43743,
ISIC_3715127,dermoscopic,600,450,21611,
ISIC_3715527,clinical: close-up,600,450,51924,
ISIC_3716241,clinical: close-up,600,450,50238,
ISIC_3716373,clinical: close-up,600,450,51251,
ISIC_3717176,dermoscopic,600,450,27141,
ISIC_3719395,clinical: close-up,600,450,34846,
ISIC_3719515,clinical: close-up,600,450,39840,
ISIC_3720143,dermoscopic,600,450,19858,
ISIC_3721391,dermoscopic,600,450,24809,
ISIC_3722054,dermoscopic,600,450,28152,
ISIC_3722799,dermoscopic,600,450,26564,
ISIC_3723692,clinical: close-up,600,450,44603,
ISIC_3724648,clinical: close-up,600,450,35486,
ISIC_3725108,clinical: close-up,600,450,41419,
ISIC_3727364,clinical: close-up,600,450,38508,
ISIC_3727371,dermoscopic,600,450,21420,
ISIC_3727735,dermoscopic,600,450,23602,
ISIC_3729094,clinical: close-up,600,450,49280,
ISIC_3729865,dermoscopic,600,450,29609,
ISIC_3730239,dermoscopic,600,450,24993,
ISIC_3730545,dermoscopic,600,450,17690,
ISIC_3733902,dermoscopic,600,450,31665,
ISIC_3734095,dermoscopic,600,450,29067,
ISIC_3734574,clinical: close-up,600,450,41693,
ISIC_3735182,dermoscopic,600,450,24081,
ISIC_3735481,dermoscopic,600,450,33728,
ISIC_3735485,clinical: close-up,600,450,40954,
ISIC_3736563,clinical: close-up,600,450,35042,
ISIC_3736605,clinical: close-up,600,450,26625,
ISIC_3737700,dermoscopic,600,450,20890,
ISIC_3739337,clinical: close-up,600,450,46524,
ISIC_3740583,clinical: close-up,600,450,34563,
ISIC_3740957,clinical: close-up,600,450,34083,
ISIC_3740979,clinical: close-up,600,450,35269,
ISIC_3741929,dermoscopic,600,450,28630,
ISIC_3743625,clinical: close-up,600,450,57647,
ISIC_3744785,clinical: close-up,600,450,29246,
ISIC_3744853,clinical: close-up,600,450,47787,
ISIC_3746960,clinical: close-up,600,450,30658,
ISIC_3748464,clinical: close-up,600,450,61988,
ISIC_3748838,clinical: close-up,600,450,44815,
ISIC_3750512,dermoscopic,600,450,28891,
ISIC_3750787,dermoscopic,600,450,33784,
ISIC_3751292,dermoscopic,600,450,23994,
ISIC_3751769,clinical: close-up,600,450,41907,
ISIC_3754933,dermoscopic,600,450,30403,
ISIC_3757262,clinical: close-up,600,450,37305,
ISIC_3759305,clinical: close-up,600,450,35675,
ISIC_3759344,clinical: close-up,600,450,51405,
ISIC_3760355,dermoscopic,600,450,20929,
ISIC_3761563,clinical: close-up,600,450,38871,
ISIC_3762115,dermoscopic,600,450,20024,
ISIC_3762126,dermoscopic,600,450,25159,
ISIC_3763694,clinical: close-up,600,450,52537,
ISIC_3763896,dermoscopic,600,450,32170,
ISIC_3765070,clinical: close-up,600,450,24696,
ISIC_3765481,dermoscopic,600,450,28082,
ISIC_3766990,dermoscopic,600,450,28111,
ISIC_3769180,dermoscopic,600,450,24974,
ISIC_3769575,clinical: close-up,600,450,30264,
ISIC_3769921,clinical: close-up,600,450,37011,
ISIC_3770337,dermoscopic,600,450,25891,
ISIC_3770484,clinical: close-up,600,450,35322,
ISIC_3772519,dermoscopic,600,450,23589,
ISIC_3773277,dermoscopic,600,450,27169,
ISIC_3774225,dermoscopic,600,450,21393,
ISIC_3774678,clinical: close-up,600,450,43667,
ISIC_3774739,clinical: close-up,600,450,48211,
ISIC_3776498,clinical: close-up,600,450,48293,
ISIC_3776721,clinical: close-up,600,450,47250,
ISIC_3778059,clinical: close-up,600,450,48657,
ISIC_3779625,dermoscopic,600,450,32514,
ISIC_3780652,dermoscopic,600,450,23139,
ISIC_3782736,dermoscopic,600,450,20771,
ISIC_3782737,clinical: close-up,600,450,36867,
ISIC_3782771,dermoscopic,600,450,35857,
ISIC_3783849,dermoscopic,600,450,24639,
ISIC_3783885,dermoscopic,600,450,26271,
ISIC_3784009,clinical: close-up,600,450,42444,
ISIC_3785074,clinical: close-up,600,450,53800,
ISIC_3785448,clinical: close-up,600,450,35547,
ISIC_3786263,clinical: close-up,600,450,18160,
ISIC_3788301,dermoscopic,600,450,30823,
ISIC_3788562,dermoscopic,600,450,30109,
ISIC_3788989,dermoscopic,600,450,25034,
ISIC_3789455,dermoscopic,600,450,40212,
ISIC_3789914,dermoscopic,600,450,26762,
ISIC_3790590,clinical: close-up,600,450,36533,
ISIC_3791100,clinical: close-up,600,450,48199,
ISIC_3791559,dermoscopic,600,450,23194,
ISIC_3792868,dermoscopic,600,450,27045,
ISIC_3793299,clinical: close-up,600,450,32086,
ISIC_3794267,dermoscopic,600,450,26849,
ISIC_3794620,dermoscopic,600,450,23730,
ISIC_3797221,clinical: close-up,600,450,25764,
ISIC_3797260,dermoscopic,600,450,23315,
ISIC_3799041,dermoscopic,600,450,39253,
ISIC_3799953,dermoscopic,600,450,18064,
ISIC_3807230,dermoscopic,600,450,28860,
ISIC_3807348,dermoscopic,600,450,26522,
ISIC_3810251,dermoscopic,600,450,34898,
ISIC_3813726,dermoscopic,600,450,27247,
ISIC_3814826,clinical: close-up,600,450,31834,
ISIC_3817961,clinical: close-up,600,450,40069,
ISIC_3818412,dermoscopic,600,450,28754,
ISIC_3818502,clinical: close-up,600,450,40303,
ISIC_3818927,dermoscopic,600,450,26184,
ISIC_3819646,clinical: close-up,600,450,21732,
ISIC_3819687,dermoscopic,600,450,23681,
ISIC_3820500,dermoscopic,600,450,33101,
ISIC_3822340,dermoscopic,600,450,25416,
ISIC_3822722,dermoscopic,600,450,24828,
ISIC_3824162,dermoscopic,600,450,24496,
ISIC_3824264,dermoscopic,600,450,24339,
ISIC_3824638,clinical: close-up,600,450,34795,
ISIC_3825515,dermoscopic,600,450,31883,
ISIC_3825679,dermoscopic,600,450,35917,
ISIC_3826101,dermoscopic,600,450,25167,
ISIC_3826563,dermoscopic,600,450,26515,
ISIC_3827392,clinical: close-up,600,450,28392,
ISIC_3830454,clinical: close-up,600,450,49800,
ISIC_3830802,clinical: close-up,600,450,54174,
ISIC_3831165,dermoscopic,600,450,23651,
ISIC_3831775,dermoscopic,600,450,28140,
ISIC_3831969,clinical: close-up,600,450,49787,
ISIC_3832062,dermoscopic,600,450,32822,
ISIC_3833952,clinical: close-up,600,450,20555,
ISIC_3835932,dermoscopic,600,450,39157,
ISIC_3836165,dermoscopic,600,450,20432,
ISIC_3836510,dermoscopic,600,450,25092,
ISIC_3836605,clinical: close-up,600,450,43364,
ISIC_3836648,dermoscopic,600,450,23855,
ISIC_3837734,dermoscopic,600,450,18180,
ISIC_3838800,clinical: close-up,600,450,51008,
ISIC_3838940,clinical: close-up,600,450,42447,
ISIC_3840818,clinical: close-up,600,450,73960,
ISIC_3841279,clinical: close-up,600,450,38640,
ISIC_3843458,clinical: close-up,600,450,23612,
ISIC_3844756,clinical: close-up,600,450,30450,
ISIC_3845463,clinical: close-up,600,450,36095,
ISIC_3845812,clinical: close-up,600,450,37611,
ISIC_3845941,clinical: close-up,600,450,45140,
ISIC_3846189,clinical: close-up,600,450,33349,
ISIC_3846256,dermoscopic,600,450,37090,
ISIC_3846262,dermoscopic,600,450,28038,
ISIC_3849096,dermoscopic,600,450,27027,
ISIC_3851477,dermoscopic,600,450,29444,
ISIC_3852303,clinical: close-up,600,450,32264,
ISIC_3852630,dermoscopic,600,450,23880,
ISIC_3853000,dermoscopic,600,450,24485,
ISIC_3853115,clinical: close-up,600,450,39775,
ISIC_3859478,dermoscopic,600,450,36430,
ISIC_3860071,dermoscopic,600,450,25183,
ISIC_3861067,clinical: close-up,600,450,48071,
ISIC_3861361,dermoscopic,600,450,26623,
ISIC_3861977,dermoscopic,600,450,19476,
ISIC_3862106,dermoscopic,600,450,29089,
ISIC_3862963,dermoscopic,600,450,21764,
ISIC_3865643,dermoscopic,600,450,38857,
ISIC_3865889,clinical: close-up,600,450,50818,
ISIC_3866655,dermoscopic,600,450,22782,
ISIC_3869104,dermoscopic,600,450,22055,
ISIC_3869200,dermoscopic,600,450,16192,
ISIC_3869672,dermoscopic,600,450,29291,
ISIC_3870717,clinical: close-up,600,450,44978,
ISIC_3871156,clinical: close-up,600,450,25418,
ISIC_3873129,clinical: close-up,600,450,24578,
ISIC_3873657,clinical: close-up,600,450,51202,
ISIC_3873824,dermoscopic,600,450,21910,
ISIC_3874242,dermoscopic,600,450,43522,
ISIC_3875460,clinical: close-up,600,450,31985,
ISIC_3877266,dermoscopic,600,450,28062,
ISIC_3877513,dermoscopic,600,450,37521,
ISIC_3877894,clinical: close-up,600,450,36489,
ISIC_3881302,clinical: close-up,600,450,42854,
ISIC_3881677,dermoscopic,600,450,28145,
ISIC_3881896,dermoscopic,600,450,29592,
ISIC_3884851,clinical: close-up,600,450,41534,
ISIC_3885747,dermoscopic,600,450,27195,
ISIC_3885798,clinical: close-up,600,450,32233,
ISIC_3885903,clinical: close-up,600,450,52323,
ISIC_3887050,dermoscopic,600,450,31716,
ISIC_3888868,dermoscopic,600,450,22344,
ISIC_3890513,clinical: close-up,600,450,42809,
ISIC_3892467,clinical: close-up,600,450,35477,
ISIC_3892538,dermoscopic,600,450,27562,
ISIC_3897449,clinical: close-up,600,450,30061,
ISIC_3897642,clinical: close-up,600,450,49593,
ISIC_3897686,dermoscopic,600,450,25234,
ISIC_3900958,clinical: close-up,600,450,54068,
ISIC_3902457,clinical: close-up,600,450,22165,
ISIC_3902522,dermoscopic,600,450,24584,
ISIC_3903505,clinical: close-up,600,450,40592,
ISIC_3904045,clinical: close-up,600,450,59167,
ISIC_3905088,dermoscopic,600,450,28233,
ISIC_3905157,dermoscopic,600,450,36354,
ISIC_3905379,clinical: close-up,600,450,39705,
ISIC_3905888,dermoscopic,600,450,24611,
ISIC_3906432,clinical: close-up,600,450,41889,
ISIC_3906498,clinical: close-up,600,450,44022,
ISIC_3906512,dermoscopic,600,450,35044,
ISIC_3908025,clinical: close-up,600,450,44987,
ISIC_3908138,clinical: close-up,600,450,37846,
ISIC_3909654,dermoscopic,600,450,24027,
ISIC_3910778,dermoscopic,600,450,27326,
ISIC_3911179,dermoscopic,600,450,43597,
ISIC_3913255,dermoscopic,600,450,25027,
ISIC_3914025,clinical: close-up,600,450,47824,
ISIC_3916461,clinical: close-up,600,450,41009,
ISIC_3917002,dermoscopic,600,450,22745,
ISIC_3917176,dermoscopic,600,450,22733,
ISIC_3917948,dermoscopic,600,450,27895,
ISIC_3918888,dermoscopic,600,450,25194,
ISIC_3921610,clinical: close-up,600,450,44112,
ISIC_3924227,clinical: close-up,600,450,45922,
ISIC_3925970,clinical: close-up,600,450,43554,
ISIC_3926968,dermoscopic,600,450,24878,
ISIC_3928700,clinical: close-up,600,450,32103,
ISIC_3931577,dermoscopic,600,450,35810,
ISIC_3931844,clinical: close-up,600,450,36389,
ISIC_3932303,clinical: close-up,600,450,35242,
ISIC_3933164,dermoscopic,600,450,28495,
ISIC_3933356,clinical: close-up,600,450,22785,
ISIC_3933736,dermoscopic,600,450,24722,
ISIC_3934861,dermoscopic,600,450,19806,
ISIC_3934885,dermoscopic,600,450,24964,
ISIC_3935025,dermoscopic,600,450,26774,
ISIC_3935952,clinical: close-up,600,450,37721,
ISIC_3937278,dermoscopic,600,450,23158,
ISIC_3938095,dermoscopic,600,450,23867,
ISIC_3939868,clinical: close-up,600,450,38285,
ISIC_3942613,dermoscopic,600,450,27152,
ISIC_3942749,clinical: close-up,600,450,36010,
ISIC_3943135,dermoscopic,600,450,20722,
ISIC_3943289,clinical: close-up,600,450,47016,
ISIC_3945160,dermoscopic,600,450,23849,
ISIC_3945933,dermoscopic,600,450,32749,
ISIC_3945964,clinical: close-up,600,450,47056,
ISIC_3946401,dermoscopic,600,450,44822,
ISIC_3946986,clinical: close-up,600,450,33911,
ISIC_3947520,clinical: close-up,600,450,37206,
ISIC_3950514,dermoscopic,600,450,35966,
ISIC_3952412,dermoscopic,600,450,26145,
ISIC_3952676,clinical: close-up,600,450,100117,
ISIC_3955799,clinical: close-up,600,450,81750,
ISIC_3957660,dermoscopic,600,450,20122,
ISIC_3959129,dermoscopic,600,450,36043,
ISIC_3959224,clinical: close-up,600,450,44575,
ISIC_3959713,dermoscopic,600,450,25434,
ISIC_3961718,dermoscopic,600,450,22604,
ISIC_3961758,clinical: close-up,600,450,38533,
ISIC_3962666,clinical: close-up,600,450,45298,
ISIC_3963646,clinical: close-up,600,450,41260,
ISIC_3965246,clinical: close-up,600,450,42606,
ISIC_3965502,dermoscopic,600,450,22424,
ISIC_3966507,clinical: close-up,600,450,31046,
ISIC_3967417,dermoscopic,600,450,21989,
ISIC_3967970,clinical: close-up,600,450,46586,
ISIC_3968898,dermoscopic,600,450,29172,
ISIC_3970730,clinical: close-up,600,450,45601,
ISIC_3973393,clinical: close-up,600,450,82615,
ISIC_3974488,dermoscopic,600,450,26941,
ISIC_3974637,clinical: close-up,600,450,32467,
ISIC_3974863,clinical: close-up,600,450,46575,
ISIC_3974904,dermoscopic,600,450,18663,
ISIC_3975783,dermoscopic,600,450,43868,
ISIC_3977951,clinical: close-up,600,450,26029,
ISIC_3979561,clinical: close-up,600,450,47652,
ISIC_3981334,clinical: close-up,600,450,37485,
ISIC_3981430,dermoscopic,600,450,25981,
ISIC_3981911,dermoscopic,600,450,35351,
ISIC_3982759,dermoscopic,600,450,28065,
ISIC_3983224,dermoscopic,600,450,22669,
ISIC_3984912,clinical: close-up,600,450,39340,
ISIC_3985588,clinical: close-up,600,450,29100,
ISIC_3986103,dermoscopic,600,450,24665,
ISIC_3986538,dermoscopic,600,450,37336,
ISIC_3991986,clinical: close-up,600,450,29346,
ISIC_3993701,dermoscopic,600,450,27295,
ISIC_3994760,clinical: close-up,600,450,45786,
ISIC_3995849,dermoscopic,600,450,22104,
ISIC_3995853,dermoscopic,600,450,32967,
ISIC_3997102,dermoscopic,600,450,24901,
ISIC_3999304,dermoscopic,600,450,28371,
ISIC_4004241,clinical: close-up,600,450,36329,
ISIC_4005803,clinical: close-up,600,450,38616,
ISIC_4007259,clinical: close-up,600,450,39077,
ISIC_4009830,clinical: close-up,600,450,32302,
ISIC_4011704,clinical: close-up,600,450,43107,
ISIC_4013061,clinical: close-up,600,450,37255,
ISIC_4013307,dermoscopic,600,450,18742,
ISIC_4013983,clinical: close-up,600,450,45970,
ISIC_4014870,clinical: close-up,600,450,41022,
ISIC_4017835,clinical: close-up,600,450,48405,
ISIC_4018932,clinical: close-up,600,450,48302,
ISIC_4018978,clinical: close-up,600,450,35975,
ISIC_4019827,dermoscopic,600,450,33690,
ISIC_4020367,dermoscopic,600,450,17768,
ISIC_4021072,clinical: close-up,600,450,54147,
ISIC_4022483,dermoscopic,600,450,19872,
ISIC_4022680,clinical: close-up,600,450,36394,
ISIC_4025658,dermoscopic,600,450,29513,
ISIC_4026621,clinical: close-up,600,450,43034,
ISIC_4026962,clinical: close-up,600,450,52155,
ISIC_4027141,dermoscopic,600,450,22051,
ISIC_4028106,clinical: close-up,600,450,44066,
ISIC_4028370,dermoscopic,600,450,27097,
ISIC_4030094,clinical: close-up,600,450,38488,
ISIC_4030354,dermoscopic,600,450,32166,
ISIC_4031105,clinical: close-up,600,450,42050,
ISIC_4031450,clinical: close-up,600,450,41288,
ISIC_4032370,dermoscopic,600,450,37308,
ISIC_4033538,clinical: close-up,600,450,49987,
ISIC_4034196,clinical: close-up,600,450,40092,
ISIC_4034626,dermoscopic,600,450,25426,
ISIC_4034716,clinical: close-up,600,450,37648,
ISIC_4037796,clinical: close-up,600,450,45058,
ISIC_4038238,dermoscopic,600,450,27343,
ISIC_4040199,clinical: close-up,600,450,31964,
ISIC_4040829,clinical: close-up,600,450,33671,
ISIC_4042084,clinical: close-up,600,450,37784,
ISIC_4042132,dermoscopic,600,450,28000,
ISIC_4043291,clinical: close-up,600,450,22378,
ISIC_4043337,clinical: close-up,600,450,41041,
ISIC_4043651,dermoscopic,600,450,21510,
ISIC_4045574,dermoscopic,600,450,27897,
ISIC_4045666,clinical: close-up,600,450,48601,
ISIC_4046643,clinical: close-up,600,450,31907,
ISIC_4048377,clinical: close-up,600,450,43971,
ISIC_4049057,dermoscopic,600,450,25468,
ISIC_4051459,clinical: close-up,600,450,48772,
ISIC_4051514,dermoscopic,600,450,18963,
ISIC_4051799,dermoscopic,600,450,30107,
ISIC_4056904,dermoscopic,600,450,23559,
ISIC_4057179,clinical: close-up,600,450,52728,
ISIC_4057182,clinical: close-up,600,450,35204,
ISIC_4058425,clinical: close-up,600,450,63865,
ISIC_4060384,dermoscopic,600,450,31718,
ISIC_4060718,clinical: close-up,600,450,42847,
ISIC_4061154,dermoscopic,600,450,26683,
ISIC_4061158,clinical: close-up,600,450,39285,
ISIC_4062304,dermoscopic,600,450,23783,
ISIC_4063953,dermoscopic,600,450,37130,
ISIC_4064312,clinical: close-up,600,450,23484,
ISIC_4065190,clinical: close-up,600,450,26581,
ISIC_4065256,clinical: close-up,600,450,36590,
ISIC_4065657,clinical: close-up,600,450,38837,
ISIC_4065991,clinical: close-up,600,450,42798,
ISIC_4066448,clinical: close-up,600,450,31650,
ISIC_4066771,dermoscopic,600,450,30403,
ISIC_4070008,clinical: close-up,600,450,45277,
ISIC_4071197,clinical: close-up,600,450,31603,
ISIC_4071486,clinical: close-up,600,450,60154,
ISIC_4071634,clinical: close-up,600,450,31110,
ISIC_4071700,clinical: close-up,600,450,67282,
ISIC_4071946,clinical: close-up,600,450,35429,
ISIC_4072524,dermoscopic,600,450,29664,
ISIC_4072785,clinical: close-up,600,450,36757,
ISIC_4075407,clinical: close-up,600,450,44707,
ISIC_4075850,dermoscopic,600,450,24553,
ISIC_4079070,clinical: close-up,600,450,20003,
ISIC_4080936,clinical: close-up,600,450,55566,
ISIC_4080973,dermoscopic,600,450,23192,
ISIC_4081526,clinical: close-up,600,450,40256,
ISIC_4082323,clinical: close-up,600,450,45050,
ISIC_4082328,dermoscopic,600,450,34920,
ISIC_4082454,dermoscopic,600,450,16550,
ISIC_4083123,clinical: close-up,600,450,53890,
ISIC_4083158,dermoscopic,600,450,25880,
ISIC_4090560,dermoscopic,600,450,17987,
ISIC_4091147,clinical: close-up,600,450,53616,
ISIC_4091460,dermoscopic,600,450,25174,
ISIC_4092604,dermoscopic,600,450,31651,
ISIC_4093313,dermoscopic,600,450,25585,
ISIC_4093535,clinical: close-up,600,450,45888,
ISIC_4093606,dermoscopic,600,450,24268,
ISIC_4094390,clinical: close-up,600,450,31372,
ISIC_4097142,clinical: close-up,600,450,37689,
ISIC_4098601,clinical: close-up,600,450,46883,
ISIC_4101918,dermoscopic,600,450,28311,
ISIC_4103277,clinical: close-up,600,450,39890,
ISIC_4103339,dermoscopic,600,450,26222,
ISIC_4104303,clinical: close-up,600,450,45851,
ISIC_4104512,clinical: close-up,600,450,31579,
ISIC_4106032,dermoscopic,600,450,29749,
ISIC_4109800,clinical: close-up,600,450,37340,
ISIC_4112456,dermoscopic,600,450,29551,
ISIC_4112547,clinical: close-up,600,450,38586,
ISIC_4113126,clinical: close-up,600,450,31102,
ISIC_4113429,dermoscopic,600,450,25399,
ISIC_4113553,dermoscopic,600,450,23462,
ISIC_4116005,dermoscopic,600,450,35059,
ISIC_4116218,dermoscopic,600,450,28397,
ISIC_4117748,dermoscopic,600,450,24456,
ISIC_4117941,clinical: close-up,600,450,27809,
ISIC_4119665,dermoscopic,600,450,48271,
ISIC_4119708,clinical: close-up,600,450,33304,
ISIC_4120065,clinical: close-up,600,450,25888,
ISIC_4120304,dermoscopic,600,450,30617,
ISIC_4122077,clinical: close-up,600,450,50398,
ISIC_4122632,clinical: close-up,600,450,34672,
ISIC_4122655,clinical: close-up,600,450,58080,
ISIC_4123254,clinical: close-up,600,450,18279,
ISIC_4123715,clinical: close-up,600,450,30568,
ISIC_4127514,clinical: close-up,600,450,60041,
ISIC_4128998,clinical: close-up,600,450,47037,
ISIC_4129053,clinical: close-up,600,450,38073,
ISIC_4129256,clinical: close-up,600,450,30855,
ISIC_4132905,dermoscopic,600,450,17277,
ISIC_4133448,dermoscopic,600,450,25109,
ISIC_4135378,clinical: close-up,600,450,39407,
ISIC_4135497,dermoscopic,600,450,33089,
ISIC_4136790,clinical: close-up,600,450,37821,
ISIC_4138482,clinical: close-up,600,450,46987,
ISIC_4138489,dermoscopic,600,450,24489,
ISIC_4138560,clinical: close-up,600,450,48689,
ISIC_4138716,clinical: close-up,600,450,29223,
ISIC_4139755,clinical: close-up,600,450,49839,
ISIC_4140673,clinical: close-up,600,450,26645,
ISIC_4140786,clinical: close-up,600,450,37888,
ISIC_4141251,dermoscopic,600,450,28326,
ISIC_4141321,dermoscopic,600,450,19503,
ISIC_4141354,clinical: close-up,600,450,31398,
ISIC_4141476,dermoscopic,600,450,21395,
ISIC_4145656,clinical: close-up,600,450,42036,
ISIC_4146139,dermoscopic,600,450,29730,
ISIC_4146599,clinical: close-up,600,450,36738,
ISIC_4146633,dermoscopic,600,450,26221,
ISIC_4146816,clinical: close-up,600,450,33059,
ISIC_4148797,dermoscopic,600,450,22752,
ISIC_4148971,dermoscopic,600,450,21253,
ISIC_4150948,clinical: close-up,600,450,28987,
ISIC_4152827,dermoscopic,600,450,32149,
ISIC_4154321,clinical: close-up,600,450,33588,
ISIC_4155558,dermoscopic,600,450,24264,
ISIC_4155762,clinical: close-up,600,450,37031,
ISIC_4156101,clinical: close-up,600,450,40016,
ISIC_4156387,clinical: close-up,600,450,45489,
ISIC_4156431,dermoscopic,600,450,28453,
ISIC_4156628,dermoscopic,600,450,23634,
ISIC_4156886,clinical: close-up,600,450,30768,
ISIC_4157522,dermoscopic,600,450,29369,
ISIC_4158219,dermoscopic,600,450,21135,
ISIC_4158420,clinical: close-up,600,450,41514,
ISIC_4161639,clinical: close-up,600,450,33698,
ISIC_4162103,clinical: close-up,600,450,34713,
ISIC_4162668,clinical: close-up,600,450,49174,
ISIC_4163384,dermoscopic,600,450,20719,
ISIC_4167447,dermoscopic,600,450,30003,
ISIC_4168419,dermoscopic,600,450,23411,
ISIC_4168673,dermoscopic,600,450,24116,
ISIC_4169509,dermoscopic,600,450,36747,
ISIC_4170754,clinical: close-up,600,450,46980,
ISIC_4171190,clinical: close-up,600,450,42269,
ISIC_4171479,clinical: close-up,600,450,35310,
ISIC_4171839,dermoscopic,600,450,25855,
ISIC_4174672,dermoscopic,600,450,24654,
ISIC_4175612,clinical: close-up,600,450,42661,
ISIC_4175828,clinical: close-up,600,450,47533,
ISIC_4176108,dermoscopic,600,450,34836,
ISIC_4176839,clinical: close-up,600,450,32420,
ISIC_4176987,clinical: close-up,600,450,36497,
ISIC_4177510,clinical: close-up,600,450,49970,
ISIC_4178605,clinical: close-up,600,450,30665,
ISIC_4178690,dermoscopic,600,450,25435,
ISIC_4179264,clinical: close-up,600,450,40446,
ISIC_4179757,clinical: close-up,600,450,36736,
ISIC_4180324,dermoscopic,600,450,30387,
ISIC_4180763,clinical: close-up,600,450,53755,
ISIC_4181074,clinical: close-up,600,450,31245,
ISIC_4181298,clinical: close-up,600,450,36526,
ISIC_4183641,dermoscopic,600,450,27630,
ISIC_4184819,dermoscopic,600,450,26598,
ISIC_4185473,dermoscopic,600,450,28331,
ISIC_4185934,dermoscopic,600,450,28604,
ISIC_4186049,clinical: close-up,600,450,28950,
ISIC_4186883,dermoscopic,600,450,29386,
ISIC_4187456,dermoscopic,600,450,31446,
ISIC_4189363,dermoscopic,600,450,24559,
ISIC_4191448,dermoscopic,600,450,28313,
ISIC_4191930,dermoscopic,600,450,23514,
ISIC_4192230,dermoscopic,600,450,26490,
ISIC_4194168,dermoscopic,600,450,40356,
ISIC_4194365,clinical: close-up,600,450,46784,
ISIC_4194491,clinical: close-up,600,450,50954,
ISIC_4194507,clinical: close-up,600,450,36019,
ISIC_4196278,dermoscopic,600,450,23462,
ISIC_4198312,dermoscopic,600,450,22305,
ISIC_4198936,clinical: close-up,600,450,26484,
ISIC_4200513,dermoscopic,600,450,23002,
ISIC_4203842,dermoscopic,600,450,30879,
ISIC_4204828,dermoscopic,600,450,19167,
ISIC_4204876,dermoscopic,600,450,24342,
ISIC_4205403,clinical: close-up,600,450,25552,
ISIC_4205802,clinical: close-up,600,450,51567,
ISIC_4206533,clinical: close-up,600,450,33889,
ISIC_4207196,clinical: close-up,600,450,39578,
ISIC_4208233,clinical: close-up,600,450,36251,
ISIC_4209803,dermoscopic,600,450,16761,
ISIC_4210097,dermoscopic,600,450,38431,
ISIC_4210592,clinical: close-up,600,450,33433,
ISIC_4213648,dermoscopic,600,450,27408,
ISIC_4213914,dermoscopic,600,450,16138,
ISIC_4214316,clinical: close-up,600,450,52244,
ISIC_4215075,dermoscopic,600,450,24290,
ISIC_4216061,dermoscopic,600,450,18747,
ISIC_4216162,dermoscopic,600,450,23492,
ISIC_4217947,clinical: close-up,600,450,48672,
ISIC_4218589,dermoscopic,600,450,22437,
ISIC_4218751,dermoscopic,600,450,35925,
ISIC_4222750,dermoscopic,600,450,33265,
ISIC_4222832,clinical: close-up,600,450,46642,
ISIC_4222996,clinical: close-up,600,450,27395,
ISIC_4224540,dermoscopic,600,450,22893,
ISIC_4224743,dermoscopic,600,450,26199,
ISIC_4225046,clinical: close-up,600,450,37187,
ISIC_4225100,clinical: close-up,600,450,41084,
ISIC_4225552,dermoscopic,600,450,21828,
ISIC_4225650,dermoscopic,600,450,35044,
ISIC_4226769,clinical: close-up,600,450,43083,
ISIC_4228893,dermoscopic,600,450,30960,
ISIC_4229124,clinical: close-up,600,450,41176,
ISIC_4229574,clinical: close-up,600,450,50151,
ISIC_4230181,dermoscopic,600,450,28654,
ISIC_4230532,clinical: close-up,600,450,34894,
ISIC_4231056,dermoscopic,600,450,31779,
ISIC_4231370,clinical: close-up,600,450,25282,
ISIC_4231378,dermoscopic,600,450,27240,
ISIC_4232474,dermoscopic,600,450,19880,
ISIC_4235290,dermoscopic,600,450,26667,
ISIC_4235575,dermoscopic,600,450,23046,
ISIC_4235697,dermoscopic,600,450,24065,
ISIC_4235972,dermoscopic,600,450,33781,
ISIC_4236187,dermoscopic,600,450,20351,
ISIC_4237744,dermoscopic,600,450,30706,
ISIC_4237789,clinical: close-up,600,450,20394,
ISIC_4239743,clinical: close-up,600,450,55639,
ISIC_4242454,clinical: close-up,600,450,54360,
ISIC_4243006,dermoscopic,600,450,38628,
ISIC_4243113,dermoscopic,600,450,28058,
ISIC_4245317,clinical: close-up,600,450,37146,
ISIC_4246217,clinical: close-up,600,450,37929,
ISIC_4246393,dermoscopic,600,450,28662,
ISIC_4246896,dermoscopic,600,450,31335,
ISIC_4247695,dermoscopic,600,450,30637,
ISIC_4249004,dermoscopic,600,450,27777,
ISIC_4252005,dermoscopic,600,450,18462,
ISIC_4252694,dermoscopic,600,450,25087,
ISIC_4253845,clinical: close-up,600,450,51423,
ISIC_4254313,clinical: close-up,600,450,41688,
ISIC_4254329,clinical: close-up,600,450,57569,
ISIC_4254662,clinical: close-up,600,450,56506,
ISIC_4254772,dermoscopic,600,450,28473,
ISIC_4256565,clinical: close-up,600,450,54634,
ISIC_4256719,dermoscopic,600,450,35456,
ISIC_4257125,clinical: close-up,600,450,50110,
ISIC_4257621,clinical: close-up,600,450,43501,
ISIC_4257866,dermoscopic,600,450,32995,
ISIC_4258900,clinical: close-up,600,450,47222,
ISIC_4260452,clinical: close-up,600,450,41782,
ISIC_4261803,clinical: close-up,600,450,44048,
ISIC_4262185,dermoscopic,600,450,28801,
ISIC_4263491,clinical: close-up,600,450,47371,
ISIC_4264456,clinical: close-up,600,450,50634,
ISIC_4265106,dermoscopic,600,450,23867,
ISIC_4265404,clinical: close-up,600,450,30225,
ISIC_4267031,clinical: close-up,600,450,42697,
ISIC_4267147,clinical: close-up,600,450,30168,
ISIC_4268667,clinical: close-up,600,450,42650,
ISIC_4268847,clinical: close-up,600,450,43408,
ISIC_4268989,clinical: close-up,600,450,45970,
ISIC_4270494,dermoscopic,600,450,32354,
ISIC_4271987,clinical: close-up,600,450,46985,
ISIC_4272095,dermoscopic,600,450,25772,
ISIC_4272600,dermoscopic,600,450,26395,
ISIC_4273109,clinical: close-up,600,450,52128,
ISIC_4273674,dermoscopic,600,450,24597,
ISIC_4275458,dermoscopic,600,450,25448,
ISIC_4275620,clinical: close-up,600,450,36080,
ISIC_4275923,dermoscopic,600,450,29255,
ISIC_4276424,clinical: close-up,600,450,36389,
ISIC_4277194,dermoscopic,600,450,26896,
ISIC_4277953,dermoscopic,600,450,25807,
ISIC_4277959,dermoscopic,600,450,32094,
ISIC_4278930,dermoscopic,600,450,28214,
ISIC_4279073,clinical: close-up,600,450,40911,
ISIC_4281031,dermoscopic,600,450,24269,
ISIC_4281048,dermoscopic,600,450,21271,
ISIC_4282374,clinical: close-up,600,450,42558,
ISIC_4282506,dermoscopic,600,450,26785,
ISIC_4282860,dermoscopic,600,450,39243,
ISIC_4283540,clinical: close-up,600,450,40017,
ISIC_4285661,clinical: close-up,600,450,18246,
ISIC_4288009,clinical: close-up,600,450,43546,
ISIC_4291049,dermoscopic,600,450,35775,
ISIC_4291408,clinical: close-up,600,450,40824,
ISIC_4292605,clinical: close-up,600,450,68161,
ISIC_4294236,clinical: close-up,600,450,47810,
ISIC_4296407,dermoscopic,600,450,34263,
ISIC_4297082,clinical: close-up,600,450,46689,
ISIC_4297088,clinical: close-up,600,450,67668,
ISIC_4297812,dermoscopic,600,450,29131,
ISIC_4299958,clinical: close-up,600,450,24424,
ISIC_4300672,dermoscopic,600,450,33594,
ISIC_4301316,clinical: close-up,600,450,28262,
ISIC_4301937,clinical: close-up,600,450,46026,
ISIC_4301953,dermoscopic,600,450,29390,
ISIC_4302597,dermoscopic,600,450,27659,
ISIC_4303207,clinical: close-up,600,450,48628,
ISIC_4303795,clinical: close-up,600,450,29972,
ISIC_4305600,clinical: close-up,600,450,28547,
ISIC_4306480,dermoscopic,600,450,29886,
ISIC_4307237,dermoscopic,600,450,23123,
ISIC_4307786,dermoscopic,600,450,26075,
ISIC_4307964,clinical: close-up,600,450,51971,
ISIC_4308394,clinical: close-up,600,450,37844,
ISIC_4308587,dermoscopic,600,450,25364,
ISIC_4310441,dermoscopic,600,450,23442,
ISIC_4310588,dermoscopic,600,450,23818,
ISIC_4310927,dermoscopic,600,450,23974,
ISIC_4311112,dermoscopic,600,450,33239,
ISIC_4311703,dermoscopic,600,450,24321,
ISIC_4312494,dermoscopic,600,450,29696,
ISIC_4313961,clinical: close-up,600,450,34497,
ISIC_4314742,dermoscopic,600,450,23944,
ISIC_4315074,dermoscopic,600,450,24146,
ISIC_4315238,clinical: close-up,600,450,37565,
ISIC_4315425,dermoscopic,600,450,20131,
ISIC_4315588,clinical: close-up,600,450,44543,
ISIC_4316216,clinical: close-up,600,450,50311,
ISIC_4316755,clinical: close-up,600,450,50470,
ISIC_4316947,dermoscopic,600,450,27842,
ISIC_4317864,clinical: close-up,600,450,27438,
ISIC_4318027,clinical: close-up,600,450,42875,
ISIC_4320592,clinical: close-up,600,450,44350,
ISIC_4322162,clinical: close-up,600,450,39895,
ISIC_4323016,dermoscopic,600,450,37320,
ISIC_4323711,clinical: close-up,600,450,32428,
ISIC_4324758,dermoscopic,600,450,30399,
ISIC_4325142,clinical: close-up,600,450,51012,
ISIC_4325233,dermoscopic,600,450,23692,
ISIC_4325605,dermoscopic,600,450,24426,
ISIC_4325688,dermoscopic,600,450,23167,
ISIC_4328393,dermoscopic,600,450,23281,
ISIC_4329526,dermoscopic,600,450,32304,
ISIC_4329801,dermoscopic,600,450,29108,
ISIC_4330244,clinical: close-up,600,450,19192,
ISIC_4330850,clinical: close-up,600,450,36666,
ISIC_4330964,dermoscopic,600,450,15580,
ISIC_4331231,clinical: close-up,600,450,30132,
ISIC_4336547,clinical: close-up,600,450,27010,
ISIC_4337041,clinical: close-up,600,450,37316,
ISIC_4337693,dermoscopic,600,450,25881,
ISIC_4338535,dermoscopic,600,450,22750,
ISIC_4341118,dermoscopic,600,450,32238,
ISIC_4342189,clinical: close-up,600,450,28254,
ISIC_4342648,clinical: close-up,600,450,25980,
ISIC_4343032,clinical: close-up,600,450,43997,
ISIC_4343132,clinical: close-up,600,450,44170,
ISIC_4343144,clinical: close-up,600,450,22491,
ISIC_4343848,dermoscopic,600,450,26621,
ISIC_4344365,clinical: close-up,600,450,29427,
ISIC_4345273,dermoscopic,600,450,26028,
ISIC_4345415,dermoscopic,600,450,28707,
ISIC_4345756,dermoscopic,600,450,24262,
ISIC_4345819,clinical: close-up,600,450,46680,
ISIC_4345873,clinical: close-up,600,450,42545,
ISIC_4346905,dermoscopic,600,450,33515,
ISIC_4347690,dermoscopic,600,450,35627,
ISIC_4347782,clinical: close-up,600,450,48206,
ISIC_4347789,dermoscopic,600,450,24670,
ISIC_4348115,dermoscopic,600,450,30324,
ISIC_4349004,dermoscopic,600,450,33496,
ISIC_4349051,clinical: close-up,600,450,46787,
ISIC_4349272,dermoscopic,600,450,24671,
ISIC_4350109,clinical: close-up,600,450,52634,
ISIC_4350222,dermoscopic,600,450,41649,
ISIC_4351882,dermoscopic,600,450,24363,
ISIC_4352140,dermoscopic,600,450,25803,
ISIC_4352572,clinical: close-up,600,450,52783,
ISIC_4352757,clinical: close-up,600,450,37056,
ISIC_4353551,dermoscopic,600,450,30067,
ISIC_4354115,dermoscopic,600,450,36030,
ISIC_4357109,clinical: close-up,600,450,41236,
ISIC_4357637,dermoscopic,600,450,30457,
ISIC_4357940,dermoscopic,600,450,32733,
ISIC_4358555,clinical: close-up,600,450,50345,
ISIC_4358907,dermoscopic,600,450,20714,
ISIC_4360620,dermoscopic,600,450,27514,
ISIC_4362069,clinical: close-up,600,450,52263,
ISIC_4362166,clinical: close-up,600,450,20253,
ISIC_4363100,dermoscopic,600,450,28295,
ISIC_4363333,dermoscopic,600,450,29399,
ISIC_4365319,clinical: close-up,600,450,28100,
ISIC_4368655,clinical: close-up,600,450,34578,
ISIC_4369433,dermoscopic,600,450,27174,
ISIC_4370328,dermoscopic,600,450,65032,
ISIC_4370676,dermoscopic,600,450,28714,
ISIC_4371078,clinical: close-up,600,450,56212,
ISIC_4371553,clinical: close-up,600,450,29838,
ISIC_4373192,clinical: close-up,600,450,40653,
ISIC_4375630,clinical: close-up,600,450,35766,
ISIC_4375866,dermoscopic,600,450,25668,
ISIC_4376280,dermoscopic,600,450,22839,
ISIC_4377239,dermoscopic,600,450,33457,
ISIC_4378281,clinical: close-up,600,450,42455,
ISIC_4378484,dermoscopic,600,450,26814,
ISIC_4378485,dermoscopic,600,450,19786,
ISIC_4379610,clinical: close-up,600,450,26947,
ISIC_4380028,dermoscopic,600,450,25910,
ISIC_4380499,dermoscopic,600,450,27058,
ISIC_4381433,dermoscopic,600,450,30727,
ISIC_4381662,dermoscopic,600,450,30817,
ISIC_4382908,clinical: close-up,600,450,36135,
ISIC_4384446,clinical: close-up,600,450,30858,
ISIC_4384547,dermoscopic,600,450,20590,
ISIC_4385584,dermoscopic,600,450,24845,
ISIC_4386149,dermoscopic,600,450,27642,
ISIC_4386519,dermoscopic,600,450,23399,
ISIC_4388573,dermoscopic,600,450,29649,
ISIC_4389317,clinical: close-up,600,450,21658,
ISIC_4389754,dermoscopic,600,450,21605,
ISIC_4391227,dermoscopic,600,450,18638,
ISIC_4391247,clinical: close-up,600,450,43418,
ISIC_4391320,clinical: close-up,600,450,42918,
ISIC_4391368,dermoscopic,600,450,33964,
ISIC_4393750,clinical: close-up,600,450,34884,
ISIC_4395957,clinical: close-up,600,450,39265,
ISIC_4396652,clinical: close-up,600,450,30371,
ISIC_4397628,clinical: close-up,600,450,41255,
ISIC_4399830,dermoscopic,600,450,30085,
ISIC_4400687,dermoscopic,600,450,27554,
ISIC_4401551,clinical: close-up,600,450,29570,
ISIC_4406265,clinical: close-up,600,450,38837,
ISIC_4406973,dermoscopic,600,450,24589,
ISIC_4407417,dermoscopic,600,450,29474,
ISIC_4407741,clinical: close-up,600,450,24100,
ISIC_4408708,clinical: close-up,600,450,15797,
ISIC_4409610,dermoscopic,600,450,17306,
ISIC_4410078,dermoscopic,600,450,17983,
ISIC_4411067,dermoscopic,600,450,24642,
ISIC_4412263,clinical: close-up,600,450,44232,
ISIC_4412646,dermoscopic,600,450,38972,
ISIC_4413011,dermoscopic,600,450,23471,
ISIC_4416373,dermoscopic,600,450,23297,
ISIC_4416938,dermoscopic,600,450,17690,
ISIC_4419306,dermoscopic,600,450,29427,
ISIC_4420449,clinical: close-up,600,450,19704,
ISIC_4420662,clinical: close-up,600,450,45146,
ISIC_4421204,clinical: close-up,600,450,36199,
ISIC_4421697,dermoscopic,600,450,33169,
ISIC_4423752,dermoscopic,600,450,25646,
ISIC_4424010,clinical: close-up,600,450,42001,
ISIC_4424871,clinical: close-up,600,450,43842,
ISIC_4425251,dermoscopic,600,450,25210,
ISIC_4425852,dermoscopic,600,450,23367,
ISIC_4426174,clinical: close-up,600,450,36965,
ISIC_4426257,dermoscopic,600,450,24709,
ISIC_4426808,dermoscopic,600,450,34770,
ISIC_4426986,clinical: close-up,600,450,49025,
ISIC_4427207,dermoscopic,600,450,25558,
ISIC_4427785,dermoscopic,600,450,33249,
ISIC_4428176,dermoscopic,600,450,28394,
ISIC_4428215,clinical: close-up,600,450,46249,
ISIC_4429484,clinical: close-up,600,450,65000,
ISIC_4429526,clinical: close-up,600,450,40525,
ISIC_4429544,dermoscopic,600,450,24253,
ISIC_4430642,clinical: close-up,600,450,49292,
ISIC_4431113,dermoscopic,600,450,26560,
ISIC_4431906,clinical: close-up,600,450,39473,
ISIC_4432152,dermoscopic,600,450,31734,
ISIC_4437851,clinical: close-up,600,450,32563,
ISIC_4438000,clinical: close-up,600,450,39357,
ISIC_4438089,clinical: close-up,600,450,43700,
ISIC_4438725,dermoscopic,600,450,63623,
ISIC_4439069,clinical: close-up,600,450,14592,
ISIC_4439657,clinical: close-up,600,450,38183,
ISIC_4440119,dermoscopic,600,450,23956,
ISIC_4441956,clinical: close-up,600,450,45012,
ISIC_4442146,dermoscopic,600,450,29730,
ISIC_4442378,dermoscopic,600,450,32237,
ISIC_4442537,clinical: close-up,600,450,49754,
ISIC_4443257,clinical: close-up,600,450,23493,
ISIC_4443638,dermoscopic,600,450,38356,
ISIC_4444763,dermoscopic,600,450,28878,
ISIC_4444955,dermoscopic,600,450,21839,
ISIC_4444976,dermoscopic,600,450,32772,
ISIC_4445549,dermoscopic,600,450,40134,
ISIC_4448691,clinical: close-up,600,450,37769,
ISIC_4449884,clinical: close-up,600,450,40365,
ISIC_4452365,clinical: close-up,600,450,34925,
ISIC_4452788,clinical: close-up,600,450,48811,
ISIC_4454419,dermoscopic,600,450,30765,
ISIC_4456941,clinical: close-up,600,450,51411,
ISIC_4458763,dermoscopic,600,450,34929,
ISIC_4460423,clinical: close-up,600,450,45464,
ISIC_4463160,dermoscopic,600,450,21852,
ISIC_4463461,clinical: close-up,600,450,57702,
ISIC_4464487,clinical: close-up,600,450,41492,
ISIC_4464668,clinical: close-up,600,450,26599,
ISIC_4465960,dermoscopic,600,450,22833,
ISIC_4466417,clinical: close-up,600,450,30542,
ISIC_4466925,clinical: close-up,600,450,33709,
ISIC_4467312,dermoscopic,600,450,29539,
ISIC_4467591,clinical: close-up,600,450,50554,
ISIC_4467920,clinical: close-up,600,450,37301,
ISIC_4468146,clinical: close-up,600,450,53154,
ISIC_4468660,clinical: close-up,600,450,30380,
ISIC_4469500,clinical: close-up,600,450,32053,
ISIC_4469657,dermoscopic,600,450,29132,
ISIC_4470087,clinical: close-up,600,450,50431,
ISIC_4470805,dermoscopic,600,450,23763,
ISIC_4471113,dermoscopic,600,450,23358,
ISIC_4471122,clinical: close-up,600,450,59711,
ISIC_4471156,clinical: close-up,600,450,49821,
ISIC_4471703,clinical: close-up,600,450,75704,
ISIC_4471978,clinical: close-up,600,450,34795,
ISIC_4472727,clinical: close-up,600,450,35033,
ISIC_4473773,dermoscopic,600,450,19658,
ISIC_4474327,clinical: close-up,600,450,39821,
ISIC_4474700,clinical: close-up,600,450,39232,
ISIC_4474831,clinical: close-up,600,450,42313,
ISIC_4475597,clinical: close-up,600,450,51466,
ISIC_4476901,clinical: close-up,600,450,41362,
ISIC_4478313,clinical: close-up,600,450,44214,
ISIC_4478363,dermoscopic,600,450,32700,
ISIC_4480326,dermoscopic,600,450,26661,
ISIC_4480429,clinical: close-up,600,450,36061,
ISIC_4481385,dermoscopic,600,450,31087,
ISIC_4482208,dermoscopic,600,450,28753,
ISIC_4482209,dermoscopic,600,450,19996,
ISIC_4482349,dermoscopic,600,450,19991,
ISIC_4483583,dermoscopic,600,450,17536,
ISIC_4484543,clinical: close-up,600,450,36604,
ISIC_4484804,clinical: close-up,600,450,37057,
ISIC_4485409,dermoscopic,600,450,15925,
ISIC_4485467,dermoscopic,600,450,25970,
ISIC_4485874,dermoscopic,600,450,28356,
ISIC_4486341,dermoscopic,600,450,23458,
ISIC_4486982,clinical: close-up,600,450,47082,
ISIC_4487781,clinical: close-up,600,450,41787,
ISIC_4488663,clinical: close-up,600,450,38608,
ISIC_4489369,dermoscopic,600,450,31334,
ISIC_4489370,clinical: close-up,600,450,28013,
ISIC_4489436,clinical: close-up,600,450,41848,
ISIC_4489686,dermoscopic,600,450,20153,
ISIC_4490295,dermoscopic,600,450,23058,
ISIC_4490552,dermoscopic,600,450,31454,
ISIC_4490935,dermoscopic,600,450,31946,
ISIC_4491028,dermoscopic,600,450,36045,
ISIC_4491147,clinical: close-up,600,450,27031,
ISIC_4492675,clinical: close-up,600,450,46111,
ISIC_4492759,dermoscopic,600,450,21527,
ISIC_4493203,clinical: close-up,600,450,33086,
ISIC_4494081,clinical: close-up,600,450,39018,
ISIC_4494886,dermoscopic,600,450,23654,
ISIC_4497112,dermoscopic,600,450,25571,
ISIC_4497730,dermoscopic,600,450,21802,
ISIC_4499437,clinical: close-up,600,450,28804,
ISIC_4499587,clinical: close-up,600,450,48708,
ISIC_4499650,dermoscopic,600,450,27475,
ISIC_4500149,clinical: close-up,600,450,71936,
ISIC_4502250,clinical: close-up,600,450,47960,
ISIC_4502259,clinical: close-up,600,450,75925,
ISIC_4503581,dermoscopic,600,450,26965,
ISIC_4504390,clinical: close-up,600,450,42254,
ISIC_4505155,dermoscopic,600,450,38241,
ISIC_4506914,dermoscopic,600,450,41792,
ISIC_4509108,dermoscopic,600,450,29383,
ISIC_4509507,clinical: close-up,600,450,45734,
ISIC_4509723,clinical: close-up,600,450,30309,
ISIC_4513123,clinical: close-up,600,450,55545,
ISIC_4514529,clinical: close-up,600,450,38489,
ISIC_4516611,clinical: close-up,600,450,28583,
ISIC_4516929,clinical: close-up,600,450,44010,
ISIC_4517185,dermoscopic,600,450,24459,
ISIC_4517401,dermoscopic,600,450,24844,
ISIC_4518133,dermoscopic,600,450,38138,
ISIC_4520270,clinical: close-up,600,450,22117,
ISIC_4520562,clinical: close-up,600,450,55653,
ISIC_4523106,dermoscopic,600,450,23304,
ISIC_4523157,clinical: close-up,600,450,37964,
ISIC_4523213,clinical: close-up,600,450,20020,
ISIC_4523525,dermoscopic,600,450,18545,
ISIC_4524898,clinical: close-up,600,450,25349,
ISIC_4526071,clinical: close-up,600,450,34338,
ISIC_4526175,clinical: close-up,600,450,45463,
ISIC_4526994,clinical: close-up,600,450,37313,
ISIC_4527478,dermoscopic,600,450,26828,
ISIC_4529113,clinical: close-up,600,450,33105,
ISIC_4529704,clinical: close-up,600,450,36499,
ISIC_4530809,clinical: close-up,600,450,48732,
ISIC_4531147,clinical: close-up,600,450,26245,
ISIC_4532622,clinical: close-up,600,450,44865,
ISIC_4533084,clinical: close-up,600,450,44720,
ISIC_4534460,dermoscopic,600,450,31061,
ISIC_4536103,dermoscopic,600,450,26426,
ISIC_4536273,clinical: close-up,600,450,35709,
ISIC_4538438,dermoscopic,600,450,23537,
ISIC_4540189,clinical: close-up,600,450,22161,
ISIC_4541978,clinical: close-up,600,450,53964,
ISIC_4542004,dermoscopic,600,450,24339,
ISIC_4542447,clinical: close-up,600,450,41187,
ISIC_4544829,clinical: close-up,600,450,32725,
ISIC_4546388,dermoscopic,600,450,23196,
ISIC_4546539,clinical: close-up,600,450,36139,
ISIC_4548708,dermoscopic,600,450,29166,
ISIC_4548759,dermoscopic,600,450,26526,
ISIC_4549707,clinical: close-up,600,450,36240,
ISIC_4552372,dermoscopic,600,450,24088,
ISIC_4552842,dermoscopic,600,450,24004,
ISIC_4553466,dermoscopic,600,450,27887,
ISIC_4553574,clinical: close-up,600,450,20698,
ISIC_4554471,dermoscopic,600,450,25355,
ISIC_4554893,dermoscopic,600,450,30679,
ISIC_4557242,clinical: close-up,600,450,32816,
ISIC_4557470,clinical: close-up,600,450,34689,
ISIC_4558719,clinical: close-up,600,450,29939,
ISIC_4560708,clinical: close-up,600,450,51335,
ISIC_4560761,clinical: close-up,600,450,46440,
ISIC_4561114,dermoscopic,600,450,33279,
ISIC_4562629,dermoscopic,600,450,27069,
ISIC_4563142,dermoscopic,600,450,27973,
ISIC_4564343,clinical: close-up,600,450,40795,
ISIC_4564652,clinical: close-up,600,450,46721,
ISIC_4564958,dermoscopic,600,450,23171,
ISIC_4565131,dermoscopic,600,450,30132,
ISIC_4565417,dermoscopic,600,450,28362,
ISIC_4566511,clinical: close-up,600,450,46270,
ISIC_4566874,dermoscopic,600,450,25550,
ISIC_4568904,clinical: close-up,600,450,24877,
ISIC_4571498,dermoscopic,600,450,22843,
ISIC_4572206,clinical: close-up,600,450,47795,
ISIC_4573337,dermoscopic,600,450,27606,
ISIC_4573444,dermoscopic,600,450,25343,
ISIC_4574340,clinical: close-up,600,450,52545,
ISIC_4574908,clinical: close-up,600,450,44008,
ISIC_4575840,clinical: close-up,600,450,44986,
ISIC_4576379,dermoscopic,600,450,28193,
ISIC_4577203,dermoscopic,600,450,26176,
ISIC_4578129,clinical: close-up,600,450,41251,
ISIC_4581129,dermoscopic,600,450,25642,
ISIC_4581953,dermoscopic,600,450,38702,
ISIC_4582043,dermoscopic,600,450,30889,
ISIC_4583576,clinical: close-up,600,450,55491,
ISIC_4583761,dermoscopic,600,450,25444,
ISIC_4584837,clinical: close-up,600,450,48524,
ISIC_4584930,clinical: close-up,600,450,38199,
ISIC_4584962,dermoscopic,600,450,24899,
ISIC_4585749,dermoscopic,600,450,25721,
ISIC_4586954,dermoscopic,600,450,29384,
ISIC_4587766,clinical: close-up,600,450,41851,
ISIC_4588258,dermoscopic,600,450,33942,
ISIC_4588701,dermoscopic,600,450,26665,
ISIC_4588970,dermoscopic,600,450,23825,
ISIC_4589630,dermoscopic,600,450,29995,
ISIC_4590231,clinical: close-up,600,450,44194,
ISIC_4590345,clinical: close-up,600,450,23317,
ISIC_4591575,dermoscopic,600,450,28932,
ISIC_4594517,clinical: close-up,600,450,19994,
ISIC_4594686,dermoscopic,600,450,27748,
ISIC_4596353,dermoscopic,600,450,24364,
ISIC_4597054,dermoscopic,600,450,38432,
ISIC_4597469,dermoscopic,600,450,22587,
ISIC_4597516,clinical: close-up,600,450,42806,
ISIC_4597536,clinical: close-up,600,450,36773,
ISIC_4597624,clinical: close-up,600,450,37198,
ISIC_4597915,clinical: close-up,600,450,16897,
ISIC_4598485,dermoscopic,600,450,20259,
ISIC_4598786,dermoscopic,600,450,29634,
ISIC_4599000,dermoscopic,600,450,24507,
ISIC_4599594,dermoscopic,600,450,20586,
ISIC_4601154,dermoscopic,600,450,31514,
ISIC_4602130,dermoscopic,600,450,37053,
ISIC_4602849,dermoscopic,600,450,24968,
ISIC_4602943,clinical: close-up,600,450,43919,
ISIC_4604175,clinical: close-up,600,450,38369,
ISIC_4604978,dermoscopic,600,450,36173,
ISIC_4605939,dermoscopic,600,450,18492,
ISIC_4606877,dermoscopic,600,450,37754,
ISIC_4607582,dermoscopic,600,450,18927,
ISIC_4607649,dermoscopic,600,450,19284,
ISIC_4608930,dermoscopic,600,450,19046,
ISIC_4609417,dermoscopic,600,450,19335,
ISIC_4612891,clinical: close-up,600,450,34422,
ISIC_4613132,clinical: close-up,600,450,59261,
ISIC_4613268,dermoscopic,600,450,25397,
ISIC_4613280,clinical: close-up,600,450,41719,
ISIC_4613878,clinical: close-up,600,450,36759,
ISIC_4613924,dermoscopic,600,450,23422,
ISIC_4616394,dermoscopic,600,450,32984,
ISIC_4617290,dermoscopic,600,450,19050,
ISIC_4618150,clinical: close-up,600,450,34348,
ISIC_4618811,clinical: close-up,600,450,21655,
ISIC_4620865,clinical: close-up,600,450,37121,
ISIC_4620895,clinical: close-up,600,450,37655,
ISIC_4621745,clinical: close-up,600,450,36707,
ISIC_4622192,dermoscopic,600,450,28164,
ISIC_4622676,dermoscopic,600,450,23229,
ISIC_4626097,dermoscopic,600,450,23976,
ISIC_4626190,dermoscopic,600,450,33518,
ISIC_4628391,clinical: close-up,600,450,49359,
ISIC_4629088,dermoscopic,600,450,22636,
ISIC_4630771,dermoscopic,600,450,26438,
ISIC_4631892,clinical: close-up,600,450,42641,
ISIC_4632123,dermoscopic,600,450,29076,
ISIC_4635975,clinical: close-up,600,450,35446,
ISIC_4637440,dermoscopic,600,450,20594,
ISIC_4637590,clinical: close-up,600,450,68640,
ISIC_4638443,clinical: close-up,600,450,24438,
ISIC_4639628,dermoscopic,600,450,27882,
ISIC_4639978,clinical: close-up,600,450,32620,
ISIC_4640009,dermoscopic,600,450,28201,
ISIC_4640643,clinical: close-up,600,450,25698,
ISIC_4640979,clinical: close-up,600,450,53422,
ISIC_4641356,dermoscopic,600,450,35848,
ISIC_4641479,clinical: close-up,600,450,46957,
ISIC_4642078,clinical: close-up,600,450,48360,
ISIC_4642906,dermoscopic,600,450,14732,
ISIC_4646662,dermoscopic,600,450,30764,
ISIC_4647126,dermoscopic,600,450,27472,
ISIC_4648640,dermoscopic,600,450,32732,
ISIC_4648933,dermoscopic,600,450,33237,
ISIC_4649816,dermoscopic,600,450,26560,
ISIC_4652327,clinical: close-up,600,450,72837,
ISIC_4653572,dermoscopic,600,450,37633,
ISIC_4653787,clinical: close-up,600,450,42838,
ISIC_4654586,dermoscopic,600,450,25765,
ISIC_4654961,clinical: close-up,600,450,62354,
ISIC_4655906,clinical: close-up,600,450,13226,
ISIC_4656199,dermoscopic,600,450,28028,
ISIC_4656723,clinical: close-up,600,450,31816,
ISIC_4659670,dermoscopic,600,450,16958,
ISIC_4660700,dermoscopic,600,450,24648,
ISIC_4661049,clinical: close-up,600,450,46070,
ISIC_4662348,dermoscopic,600,450,24126,
ISIC_4662941,clinical: close-up,600,450,38673,
ISIC_4665494,clinical: close-up,600,450,23030,
ISIC_4666384,clinical: close-up,600,450,43416,
ISIC_4668008,dermoscopic,600,450,25360,
ISIC_4668657,dermoscopic,600,450,29700,
ISIC_4668708,dermoscopic,600,450,30364,
ISIC_4668728,clinical: close-up,600,450,51255,
ISIC_4669543,clinical: close-up,600,450,43709,
ISIC_4671410,dermoscopic,600,450,32943,
ISIC_4671582,dermoscopic,600,450,26445,
ISIC_4672310,clinical: close-up,600,450,32193,
ISIC_4674125,dermoscopic,600,450,38552,
ISIC_4675163,clinical: close-up,600,450,39072,
ISIC_4678467,clinical: close-up,600,450,22909,
ISIC_4679707,dermoscopic,600,450,19672,
ISIC_4680472,clinical: close-up,600,450,44757,
ISIC_4680765,dermoscopic,600,450,20884,
ISIC_4681024,dermoscopic,600,450,33458,
ISIC_4682172,clinical: close-up,600,450,63196,
ISIC_4683265,dermoscopic,600,450,26796,
ISIC_4683384,clinical: close-up,600,450,42188,
ISIC_4683499,clinical: close-up,600,450,36615,
ISIC_4684596,dermoscopic,600,450,50325,
ISIC_4684676,dermoscopic,600,450,27831,
ISIC_4685235,clinical: close-up,600,450,56240,
ISIC_4685270,clinical: close-up,600,450,35922,
ISIC_4686711,dermoscopic,600,450,24175,
ISIC_4687962,dermoscopic,600,450,28450,
ISIC_4689083,clinical: close-up,600,450,37750,
ISIC_4689149,clinical: close-up,600,450,39456,
ISIC_4690427,dermoscopic,600,450,30342,
ISIC_4691032,clinical: close-up,600,450,47893,
ISIC_4691479,dermoscopic,600,450,30848,
ISIC_4692254,clinical: close-up,600,450,45055,
ISIC_4696657,clinical: close-up,600,450,48011,
ISIC_4700136,clinical: close-up,600,450,26596,
ISIC_4700918,dermoscopic,600,450,24491,
ISIC_4701849,clinical: close-up,600,450,32728,
ISIC_4703321,dermoscopic,600,450,28490,
ISIC_4703455,clinical: close-up,600,450,42026,
ISIC_4707994,clinical: close-up,600,450,39103,
ISIC_4708288,dermoscopic,600,450,28488,
ISIC_4710855,dermoscopic,600,450,23571,
ISIC_4712387,clinical: close-up,600,450,54426,
ISIC_4712987,dermoscopic,600,450,28340,
ISIC_4713403,dermoscopic,600,450,25488,
ISIC_4713478,clinical: close-up,600,450,50108,
ISIC_4714408,clinical: close-up,600,450,32952,
ISIC_4716627,dermoscopic,600,450,29792,
ISIC_4716765,clinical: close-up,600,450,39407,
ISIC_4718280,clinical: close-up,600,450,41074,
ISIC_4719265,clinical: close-up,600,450,33525,
ISIC_4720694,dermoscopic,600,450,29348,
ISIC_4720934,clinical: close-up,600,450,38376,
ISIC_4721060,dermoscopic,600,450,30166,
ISIC_4722161,clinical: close-up,600,450,60270,
ISIC_4722294,dermoscopic,600,450,24213,
ISIC_4726329,clinical: close-up,600,450,41141,
ISIC_4726470,dermoscopic,600,450,32105,
ISIC_4727154,clinical: close-up,600,450,45035,
ISIC_4728787,dermoscopic,600,450,20021,
ISIC_4729676,dermoscopic,600,450,29469,
ISIC_4730750,clinical: close-up,600,450,39069,
ISIC_4733269,dermoscopic,600,450,37171,
ISIC_4733429,dermoscopic,600,450,22960,
ISIC_4733745,clinical: close-up,600,450,39315,
ISIC_4735258,dermoscopic,600,450,28303,
ISIC_4735270,clinical: close-up,600,450,41602,
ISIC_4736865,dermoscopic,600,450,25371,
ISIC_4737695,dermoscopic,600,450,23316,
ISIC_4737794,clinical: close-up,600,450,26555,
ISIC_4738070,dermoscopic,600,450,33733,
ISIC_4738084,clinical: close-up,600,450,42262,
ISIC_4740515,dermoscopic,600,450,30200,
ISIC_4740743,clinical: close-up,600,450,35029,
ISIC_4741194,clinical: close-up,600,450,35326,
ISIC_4741777,clinical: close-up,600,450,51954,
ISIC_4742339,dermoscopic,600,450,29993,
ISIC_4742379,dermoscopic,600,450,30521,
ISIC_4743338,dermoscopic,600,450,35972,
ISIC_4743479,clinical: close-up,600,450,41396,
ISIC_4749092,dermoscopic,600,450,29371,
ISIC_4752546,clinical: close-up,600,450,50222,
ISIC_4753918,dermoscopic,600,450,21982,
ISIC_4756850,clinical: close-up,600,450,35794,
ISIC_4757362,dermoscopic,600,450,46363,
ISIC_4757447,dermoscopic,600,450,23572,
ISIC_4759066,clinical: close-up,600,450,31607,
ISIC_4759275,clinical: close-up,600,450,45632,
ISIC_4760114,dermoscopic,600,450,29359,
ISIC_4760443,dermoscopic,600,450,29313,
ISIC_4761686,dermoscopic,600,450,39291,
ISIC_4763505,dermoscopic,600,450,22530,
ISIC_4765663,dermoscopic,600,450,22156,
ISIC_4767902,clinical: close-up,600,450,49460,
ISIC_4768009,clinical: close-up,600,450,45243,
ISIC_4769059,clinical: close-up,600,450,37468,
ISIC_4770601,clinical: close-up,600,450,45135,
ISIC_4770621,dermoscopic,600,450,26351,
ISIC_4770739,clinical: close-up,600,450,28924,
ISIC_4771395,clinical: close-up,600,450,46086,
ISIC_4771678,dermoscopic,600,450,21899,
ISIC_4771926,clinical: close-up,600,450,34456,
ISIC_4773028,dermoscopic,600,450,24891,
ISIC_4775207,clinical: close-up,600,450,34464,
ISIC_4775625,clinical: close-up,600,450,44030,
ISIC_4780938,dermoscopic,600,450,22759,
ISIC_4783176,clinical: close-up,600,450,50703,
ISIC_4784047,clinical: close-up,600,450,36898,
ISIC_4785619,dermoscopic,600,450,22304,
ISIC_4787120,dermoscopic,600,450,29088,
ISIC_4788552,dermoscopic,600,450,29331,
ISIC_4791946,clinical: close-up,600,450,41274,
ISIC_4792565,dermoscopic,600,450,27851,
ISIC_4793381,clinical: close-up,600,450,27690,
ISIC_4793606,dermoscopic,600,450,38324,
ISIC_4794413,dermoscopic,600,450,28320,
ISIC_4794988,clinical: close-up,600,450,38087,
ISIC_4795806,dermoscopic,600,450,22741,
ISIC_4796147,dermoscopic,600,450,23590,
ISIC_4796243,clinical: close-up,600,450,44750,
ISIC_4797048,clinical: close-up,600,450,46451,
ISIC_4797688,clinical: close-up,600,450,50441,
ISIC_4799293,dermoscopic,600,450,25633,
ISIC_4799523,clinical: close-up,600,450,33859,
ISIC_4801832,dermoscopic,600,450,37748,
ISIC_4803004,dermoscopic,600,450,36108,
ISIC_4803473,clinical: close-up,600,450,32371,
ISIC_4806633,clinical: close-up,600,450,39682,
ISIC_4806887,clinical: close-up,600,450,42791,
ISIC_4807163,dermoscopic,600,450,19997,
ISIC_4807554,dermoscopic,600,450,22445,
ISIC_4810104,clinical: close-up,600,450,44329,
ISIC_4811323,clinical: close-up,600,450,38446,
ISIC_4815149,clinical: close-up,600,450,32609,
ISIC_4820255,dermoscopic,600,450,27988,
ISIC_4821214,dermoscopic,600,450,36556,
ISIC_4821829,clinical: close-up,600,450,36584,
ISIC_4822631,dermoscopic,600,450,34261,
ISIC_4823638,dermoscopic,600,450,24911,
ISIC_4823764,clinical: close-up,600,450,47177,
ISIC_4827917,dermoscopic,600,450,18976,
ISIC_4829038,dermoscopic,600,450,39774,
ISIC_4830413,clinical: close-up,600,450,49278,
ISIC_4833123,dermoscopic,600,450,27551,
ISIC_4834358,clinical: close-up,600,450,35672,
ISIC_4835287,clinical: close-up,600,450,46244,
ISIC_4836899,clinical: close-up,600,450,32717,
ISIC_4837156,clinical: close-up,600,450,35870,
ISIC_4838706,clinical: close-up,600,450,47190,
ISIC_4839895,clinical: close-up,600,450,41871,
ISIC_4840056,dermoscopic,600,450,22240,
ISIC_4840771,clinical: close-up,600,450,49006,
ISIC_4841357,clinical: close-up,600,450,40097,
ISIC_4842094,clinical: close-up,600,450,32184,
ISIC_4842466,dermoscopic,600,450,27258,
ISIC_4842886,dermoscopic,600,450,21843,
ISIC_4845560,dermoscopic,600,450,23789,
ISIC_4845673,clinical: close-up,600,450,32662,
ISIC_4845899,dermoscopic,600,450,38551,
ISIC_4847052,dermoscopic,600,450,23706,
ISIC_4848886,clinical: close-up,600,450,48647,
ISIC_4849294,clinical: close-up,600,450,39901,
ISIC_4849906,dermoscopic,600,450,25929,
ISIC_4850035,clinical: close-up,600,450,42044,
ISIC_4851185,dermoscopic,600,450,23897,
ISIC_4851411,dermoscopic,600,450,18783,
ISIC_4853537,dermoscopic,600,450,26179,
ISIC_4857268,dermoscopic,600,450,61563,
ISIC_4857675,clinical: close-up,600,450,14188,
ISIC_4859866,dermoscopic,600,450,24271,
ISIC_4859968,dermoscopic,600,450,29214,
ISIC_4860954,clinical: close-up,600,450,46159,
ISIC_4860957,clinical: close-up,600,450,43029,
ISIC_4862456,clinical: close-up,600,450,32557,
ISIC_4862589,clinical: close-up,600,450,35790,
ISIC_4865809,dermoscopic,600,450,37445,
ISIC_4868603,clinical: close-up,600,450,40406,
ISIC_4869343,dermoscopic,600,450,28029,
ISIC_4869964,dermoscopic,600,450,38153,
ISIC_4871000,clinical: close-up,600,450,36419,
ISIC_4871002,clinical: close-up,600,450,33445,
ISIC_4871864,clinical: close-up,600,450,41694,
ISIC_4872000,clinical: close-up,600,450,32922,
ISIC_4872496,dermoscopic,600,450,25638,
ISIC_4873477,clinical: close-up,600,450,29273,
ISIC_4873822,dermoscopic,600,450,26556,
ISIC_4875335,dermoscopic,600,450,22003,
ISIC_4875678,clinical: close-up,600,450,37210,
ISIC_4876540,dermoscopic,600,450,22747,
ISIC_4877646,dermoscopic,600,450,31928,
ISIC_4877797,dermoscopic,600,450,23112,
ISIC_4879615,clinical: close-up,600,450,35621,
ISIC_4879730,clinical: close-up,600,450,31040,
ISIC_4881815,dermoscopic,600,450,32666,
ISIC_4881986,clinical: close-up,600,450,29933,
ISIC_4885518,clinical: close-up,600,450,28505,
ISIC_4885574,dermoscopic,600,450,29787,
ISIC_4886295,dermoscopic,600,450,25736,
ISIC_4886441,dermoscopic,600,450,36502,
ISIC_4886585,clinical: close-up,600,450,52895,
ISIC_4887914,clinical: close-up,600,450,35556,
ISIC_4887943,dermoscopic,600,450,23108,
ISIC_4888153,clinical: close-up,600,450,30830,
ISIC_4888771,dermoscopic,600,450,33445,
ISIC_4889654,clinical: close-up,600,450,40510,
ISIC_4889821,dermoscopic,600,450,31810,
ISIC_4889822,dermoscopic,600,450,21169,
ISIC_4890139,dermoscopic,600,450,30460,
ISIC_4891216,dermoscopic,600,450,28542,
ISIC_4891974,dermoscopic,600,450,23485,
ISIC_4892815,clinical: close-up,600,450,44245,
ISIC_4893353,clinical: close-up,600,450,49527,
ISIC_4894144,clinical: close-up,600,450,32799,
ISIC_4895877,clinical: close-up,600,450,35924,
ISIC_4896772,clinical: close-up,600,450,47008,
ISIC_4896814,dermoscopic,600,450,20856,
ISIC_4896910,dermoscopic,600,450,32987,
ISIC_4897116,clinical: close-up,600,450,49477,
ISIC_4898312,clinical: close-up,600,450,50807,
ISIC_4898917,dermoscopic,600,450,37079,
ISIC_4900087,clinical: close-up,600,450,38819,
ISIC_4900201,clinical: close-up,600,450,38899,
ISIC_4900556,clinical: close-up,600,450,34958,
ISIC_4901003,clinical: close-up,600,450,58099,
ISIC_4901933,dermoscopic,600,450,20827,
ISIC_4902119,clinical: close-up,600,450,51181,
ISIC_4905525,dermoscopic,600,450,18373,
ISIC_4905823,dermoscopic,600,450,27073,
ISIC_4907310,clinical: close-up,600,450,48920,
ISIC_4908497,clinical: close-up,600,450,26305,
ISIC_4909505,dermoscopic,600,450,26068,
ISIC_4909590,clinical: close-up,600,450,47242,
ISIC_4909682,clinical: close-up,600,450,35000,
ISIC_4910424,dermoscopic,600,450,35555,
ISIC_4911521,dermoscopic,600,450,23530,
ISIC_4912510,dermoscopic,600,450,22664,
ISIC_4913073,clinical: close-up,600,450,34252,
ISIC_4913500,dermoscopic,600,450,23501,
ISIC_4914433,dermoscopic,600,450,21710,
ISIC_4914852,dermoscopic,600,450,37143,
ISIC_4915601,clinical: close-up,600,450,46027,
ISIC_4916643,dermoscopic,600,450,30722,
ISIC_4916835,clinical: close-up,600,450,19047,
ISIC_4919090,dermoscopic,600,450,40807,
ISIC_4919280,dermoscopic,600,450,32415,
ISIC_4919326,clinical: close-up,600,450,37308,
ISIC_4920461,dermoscopic,600,450,29412,
ISIC_4921441,clinical: close-up,600,450,33577,
ISIC_4923148,clinical: close-up,600,450,22661,
ISIC_4923499,clinical: close-up,600,450,41455,
ISIC_4923934,dermoscopic,600,450,27125,
ISIC_4924759,clinical: close-up,600,450,33593,
ISIC_4924775,dermoscopic,600,450,36273,
ISIC_4925038,clinical: close-up,600,450,41532,
ISIC_4925748,clinical: close-up,600,450,36758,
ISIC_4926295,clinical: close-up,600,450,36645,
ISIC_4927149,dermoscopic,600,450,23876,
ISIC_4929016,clinical: close-up,600,450,34633,
ISIC_4929247,dermoscopic,600,450,21320,
ISIC_4929586,dermoscopic,600,450,24077,
ISIC_4930751,clinical: close-up,600,450,29094,
ISIC_4932148,dermoscopic,600,450,15184,
ISIC_4932799,clinical: close-up,600,450,50613,
ISIC_4933345,dermoscopic,600,450,28671,
ISIC_4933905,dermoscopic,600,450,25051,
ISIC_4933959,clinical: close-up,600,450,34466,
ISIC_4934707,dermoscopic,600,450,21085,
ISIC_4935816,dermoscopic,600,450,24042,
ISIC_4936029,dermoscopic,600,450,27908,
ISIC_4937672,dermoscopic,600,450,32568,
ISIC_4938829,dermoscopic,600,450,16416,
ISIC_4939357,dermoscopic,600,450,20796,
ISIC_4940127,dermoscopic,600,450,28267,
ISIC_4940435,clinical: close-up,600,450,54532,
ISIC_4940514,clinical: close-up,600,450,42411,
ISIC_4941462,clinical: close-up,600,450,64379,
ISIC_4942291,clinical: close-up,600,450,15370,
ISIC_4943359,dermoscopic,600,450,27964,
ISIC_4943472,dermoscopic,600,450,20460,
ISIC_4943764,clinical: close-up,600,450,38662,
ISIC_4945500,clinical: close-up,600,450,32787,
ISIC_4946681,clinical: close-up,600,450,43933,
ISIC_4949237,dermoscopic,600,450,27392,
ISIC_4949753,clinical: close-up,600,450,16701,
ISIC_4950049,clinical: close-up,600,450,35134,
ISIC_4951263,clinical: close-up,600,450,39335,
ISIC_4951972,dermoscopic,600,450,24819,
ISIC_4952289,clinical: close-up,600,450,36275,
ISIC_4952639,clinical: close-up,600,450,45632,
ISIC_4953526,clinical: close-up,600,450,38465,
ISIC_4954192,dermoscopic,600,450,26396,
ISIC_4955572,dermoscopic,600,450,24021,
ISIC_4955834,clinical: close-up,600,450,42857,
ISIC_4955912,dermoscopic,600,450,25325,
ISIC_4956012,dermoscopic,600,450,23400,
ISIC_4957395,clinical: close-up,600,450,47217,
ISIC_4957526,dermoscopic,600,450,24753,
ISIC_4957929,dermoscopic,600,450,26940,
ISIC_4958487,clinical: close-up,600,450,29537,
ISIC_4958589,dermoscopic,600,450,24882,
ISIC_4959784,dermoscopic,600,450,18232,
ISIC_4960098,clinical: close-up,600,450,43227,
ISIC_4960789,clinical: close-up,600,450,41122,
ISIC_4961582,clinical: close-up,600,450,49545,
ISIC_4962195,clinical: close-up,600,450,44774,
ISIC_4963201,dermoscopic,600,450,19716,
ISIC_4964410,clinical: close-up,600,450,46436,
ISIC_4964428,dermoscopic,600,450,22305,
ISIC_4964694,dermoscopic,600,450,26729,
ISIC_4965110,dermoscopic,600,450,31023,
ISIC_4966803,dermoscopic,600,450,30640,
ISIC_4967282,clinical: close-up,600,450,36241,
ISIC_4968641,dermoscopic,600,450,39002,
ISIC_4969084,dermoscopic,600,450,21773,
ISIC_4969277,dermoscopic,600,450,20752,
ISIC_4970256,dermoscopic,600,450,28970,
ISIC_4970657,clinical: close-up,600,450,45185,
ISIC_4971008,dermoscopic,600,450,19710,
ISIC_4971911,clinical: close-up,600,450,44639,
ISIC_4973062,dermoscopic,600,450,19451,
ISIC_4973067,clinical: close-up,600,450,37161,
ISIC_4975719,clinical: close-up,600,450,45870,
ISIC_4976142,clinical: close-up,600,450,53375,
ISIC_4976629,dermoscopic,600,450,22661,
ISIC_4977351,dermoscopic,600,450,34560,
ISIC_4978173,clinical: close-up,600,450,53667,
ISIC_4979236,clinical: close-up,600,450,30324,
ISIC_4979533,dermoscopic,600,450,34553,
ISIC_4980158,dermoscopic,600,450,24557,
ISIC_4980196,dermoscopic,600,450,29450,
ISIC_4981008,dermoscopic,600,450,34154,
ISIC_4982700,dermoscopic,600,450,44777,
ISIC_4983165,dermoscopic,600,450,40302,
ISIC_4983893,dermoscopic,600,450,18952,
ISIC_4984469,dermoscopic,600,450,25797,
ISIC_4984580,clinical: close-up,600,450,37330,
ISIC_4984773,dermoscopic,600,450,26106,
ISIC_4985100,clinical: close-up,600,450,39099,
ISIC_4985739,dermoscopic,600,450,27352,
ISIC_4987638,clinical: close-up,600,450,28040,
ISIC_4987986,clinical: close-up,600,450,53107,
ISIC_4988567,dermoscopic,600,450,20097,
ISIC_4989932,clinical: close-up,600,450,23150,
ISIC_4990358,dermoscopic,600,450,27229,
ISIC_4991395,clinical: close-up,600,450,28486,
ISIC_4992936,clinical: close-up,600,450,74305,
ISIC_4993836,clinical: close-up,600,450,17771,
ISIC_4996777,dermoscopic,600,450,28505,
ISIC_5000414,dermoscopic,600,450,25021,
ISIC_5001424,dermoscopic,600,450,25807,
ISIC_5003991,dermoscopic,600,450,25141,
ISIC_5004150,clinical: close-up,600,450,34733,
ISIC_5006126,clinical: close-up,600,450,37438,
ISIC_5006235,dermoscopic,600,450,18525,
ISIC_5007628,clinical: close-up,600,450,29621,
ISIC_5007629,clinical: close-up,600,450,47277,
ISIC_5010015,clinical: close-up,600,450,47514,
ISIC_5010177,clinical: close-up,600,450,32324,
ISIC_5010590,dermoscopic,600,450,31772,
ISIC_5013715,clinical: close-up,600,450,37899,
ISIC_5013822,dermoscopic,600,450,25548,
ISIC_5015322,clinical: close-up,600,450,38736,
ISIC_5016123,clinical: close-up,600,450,29489,
ISIC_5017355,dermoscopic,600,450,27682,
ISIC_5018463,dermoscopic,600,450,17221,
ISIC_5018607,clinical: close-up,600,450,53095,
ISIC_5019119,dermoscopic,600,450,24372,
ISIC_5019273,clinical: close-up,600,450,45928,
ISIC_5020961,dermoscopic,600,450,32761,
ISIC_5021319,clinical: close-up,600,450,30671,
ISIC_5022439,dermoscopic,600,450,27489,
ISIC_5022731,dermoscopic,600,450,20400,
ISIC_5023550,dermoscopic,600,450,33302,
ISIC_5026774,dermoscopic,600,450,24791,
ISIC_5027597,dermoscopic,600,450,27416,
ISIC_5027796,dermoscopic,600,450,22702,
ISIC_5029533,clinical: close-up,600,450,43420,
ISIC_5030554,clinical: close-up,600,450,53424,
ISIC_5030934,dermoscopic,600,450,33187,
ISIC_5030992,clinical: close-up,600,450,48743,
ISIC_5031508,clinical: close-up,600,450,23660,
ISIC_5032675,dermoscopic,600,450,35718,
ISIC_5033470,dermoscopic,600,450,23523,
ISIC_5036259,dermoscopic,600,450,22294,
ISIC_5037023,clinical: close-up,600,450,38837,
ISIC_5037826,clinical: close-up,600,450,40549,
ISIC_5038305,clinical: close-up,600,450,67966,
ISIC_5042080,dermoscopic,600,450,35881,
ISIC_5042253,dermoscopic,600,450,18474,
ISIC_5042685,dermoscopic,600,450,28910,
ISIC_5043276,clinical: close-up,600,450,51306,
ISIC_5043555,clinical: close-up,600,450,20384,
ISIC_5043700,clinical: close-up,600,450,42747,
ISIC_5044856,dermoscopic,600,450,19004,
ISIC_5047126,clinical: close-up,600,450,37403,
ISIC_5047162,dermoscopic,600,450,17223,
ISIC_5047383,clinical: close-up,600,450,49392,
ISIC_5049585,dermoscopic,600,450,21161,
ISIC_5050587,dermoscopic,600,450,35262,
ISIC_5052804,dermoscopic,600,450,22672,
ISIC_5053442,dermoscopic,600,450,26578,
ISIC_5054723,clinical: close-up,600,450,36478,
ISIC_5054841,dermoscopic,600,450,24000,
ISIC_5054970,dermoscopic,600,450,28400,
ISIC_5055083,dermoscopic,600,450,29063,
ISIC_5056247,dermoscopic,600,450,25049,
ISIC_5056347,clinical: close-up,600,450,38932,
ISIC_5058087,clinical: close-up,600,450,32049,
ISIC_5058400,clinical: close-up,600,450,41042,
ISIC_5058408,dermoscopic,600,450,40979,
ISIC_5059174,clinical: close-up,600,450,41239,
ISIC_5060422,clinical: close-up,600,450,37084,
ISIC_5062257,clinical: close-up,600,450,32552,
ISIC_5062776,dermoscopic,600,450,24224,
ISIC_5063002,dermoscopic,600,450,28925,
ISIC_5063574,clinical: close-up,600,450,31703,
ISIC_5064090,dermoscopic,600,450,20608,
ISIC_5064865,dermoscopic,600,450,28243,
ISIC_5065727,clinical: close-up,600,450,39999,
ISIC_5067697,clinical: close-up,600,450,52839,
ISIC_5068413,dermoscopic,600,450,38879,
ISIC_5070126,dermoscopic,600,450,33674,
ISIC_5070221,dermoscopic,600,450,31511,
ISIC_5071145,clinical: close-up,600,450,58893,
ISIC_5072182,dermoscopic,600,450,36045,
ISIC_5074726,clinical: close-up,600,450,28146,
ISIC_5076582,clinical: close-up,600,450,43376,
ISIC_5076767,clinical: close-up,600,450,39811,
ISIC_5077872,dermoscopic,600,450,33193,
ISIC_5078639,dermoscopic,600,450,18621,
ISIC_5079694,dermoscopic,600,450,32380,
ISIC_5080331,dermoscopic,600,450,32020,
ISIC_5082399,clinical: close-up,600,450,42748,
ISIC_5083462,clinical: close-up,600,450,42915,
ISIC_5083538,clinical: close-up,600,450,34034,
ISIC_5083671,clinical: close-up,600,450,42330,
ISIC_5083751,clinical: close-up,600,450,40470,
ISIC_5084322,clinical: close-up,600,450,55153,
ISIC_5084418,clinical: close-up,600,450,45137,
ISIC_5084798,clinical: close-up,600,450,49035,
ISIC_5084963,dermoscopic,600,450,29092,
ISIC_5085980,dermoscopic,600,450,16017,
ISIC_5086729,clinical: close-up,600,450,47714,
ISIC_5087027,clinical: close-up,600,450,44841,
ISIC_5087561,clinical: close-up,600,450,35392,
ISIC_5089274,dermoscopic,600,450,24418,
ISIC_5089532,dermoscopic,600,450,27986,
ISIC_5090480,dermoscopic,600,450,23501,
ISIC_5091185,clinical: close-up,600,450,56168,
ISIC_5092515,dermoscopic,600,450,28647,
ISIC_5092532,dermoscopic,600,450,40022,
ISIC_5092781,clinical: close-up,600,450,50406,
ISIC_5093195,dermoscopic,600,450,23917,
ISIC_5093287,clinical: close-up,600,450,32929,
ISIC_5093839,dermoscopic,600,450,39064,
ISIC_5093862,dermoscopic,600,450,30775,
ISIC_5097119,clinical: close-up,600,450,36915,
ISIC_5097850,clinical: close-up,600,450,53438,
ISIC_5099169,dermoscopic,600,450,29145,
ISIC_5100065,clinical: close-up,600,450,55626,
ISIC_5101018,clinical: close-up,600,450,65647,
ISIC_5101364,clinical: close-up,600,450,42660,
ISIC_5101807,clinical: close-up,600,450,62874,
ISIC_5103206,dermoscopic,600,450,35720,
ISIC_5104415,dermoscopic,600,450,36668,
ISIC_5107821,dermoscopic,600,450,25797,
ISIC_5110123,clinical: close-up,600,450,44190,
ISIC_5110194,clinical: close-up,600,450,90049,
ISIC_5111361,clinical: close-up,600,450,39887,
ISIC_5115393,clinical: close-up,600,450,34727,
ISIC_5116256,dermoscopic,600,450,24876,
ISIC_5116537,clinical: close-up,600,450,47735,
ISIC_5116668,dermoscopic,600,450,21376,
ISIC_5120336,clinical: close-up,600,450,35833,
ISIC_5120362,dermoscopic,600,450,27731,
ISIC_5121043,clinical: close-up,600,450,43313,
ISIC_5121192,clinical: close-up,600,450,34618,
ISIC_5124607,dermoscopic,600,450,21225,
ISIC_5126567,dermoscopic,600,450,37732,
ISIC_5128007,clinical: close-up,600,450,40830,
ISIC_5128167,clinical: close-up,600,450,48551,
ISIC_5128796,dermoscopic,600,450,25872,
ISIC_5129541,dermoscopic,600,450,24104,
ISIC_5129863,dermoscopic,600,450,17715,
ISIC_5132321,dermoscopic,600,450,27511,
ISIC_5132630,dermoscopic,600,450,28842,
ISIC_5133092,dermoscopic,600,450,34102,
ISIC_5134271,clinical: close-up,600,450,39149,
ISIC_5135274,clinical: close-up,600,450,39095,
ISIC_5135443,dermoscopic,600,450,37777,
ISIC_5135848,clinical: close-up,600,450,47371,
ISIC_5136915,clinical: close-up,600,450,61780,
ISIC_5137393,clinical: close-up,600,450,47214,
ISIC_5137477,clinical: close-up,600,450,40128,
ISIC_5138441,dermoscopic,600,450,37866,
ISIC_5138739,clinical: close-up,600,450,25707,
ISIC_5139740,clinical: close-up,600,450,43741,
ISIC_5140960,clinical: close-up,600,450,33748,
ISIC_5142210,dermoscopic,600,450,25111,
ISIC_5144687,dermoscopic,600,450,26646,
ISIC_5145664,dermoscopic,600,450,25707,
ISIC_5148533,dermoscopic,600,450,50673,
ISIC_5149059,clinical: close-up,600,450,68970,
ISIC_5149156,clinical: close-up,600,450,59615,
ISIC_5149324,dermoscopic,600,450,29230,
ISIC_5149579,clinical: close-up,600,450,38187,
ISIC_5150525,clinical: close-up,600,450,40709,
ISIC_5150740,clinical: close-up,600,450,34156,
ISIC_5151650,dermoscopic,600,450,32924,
ISIC_5152130,clinical: close-up,600,450,31336,
ISIC_5152492,dermoscopic,600,450,65031,
ISIC_5156331,clinical: close-up,600,450,31158,
ISIC_5156395,dermoscopic,600,450,29698,
ISIC_5157183,dermoscopic,600,450,23583,
ISIC_5157495,dermoscopic,600,450,28512,
ISIC_5158158,dermoscopic,600,450,31741,
ISIC_5159139,dermoscopic,600,450,21501,
ISIC_5159606,clinical: close-up,600,450,34138,
ISIC_5163313,clinical: close-up,600,450,48521,
ISIC_5164012,dermoscopic,600,450,23172,
ISIC_5164646,dermoscopic,600,450,27448,
ISIC_5165824,dermoscopic,600,450,43486,
ISIC_5167204,clinical: close-up,600,450,43784,
ISIC_5168814,clinical: close-up,600,450,46836,
ISIC_5168853,clinical: close-up,600,450,29915,
ISIC_5169938,dermoscopic,600,450,29215,
ISIC_5171624,dermoscopic,600,450,28265,
ISIC_5171808,dermoscopic,600,450,29883,
ISIC_5173097,clinical: close-up,600,450,49455,
ISIC_5173419,clinical: close-up,600,450,42496,
ISIC_5173718,dermoscopic,600,450,32501,
ISIC_5174175,dermoscopic,600,450,34889,
ISIC_5174728,dermoscopic,600,450,21943,
ISIC_5175946,dermoscopic,600,450,28427,
ISIC_5176734,clinical: close-up,600,450,58929,
ISIC_5177404,clinical: close-up,600,450,49888,
ISIC_5178054,clinical: close-up,600,450,38687,
ISIC_5178949,dermoscopic,600,450,34555,
ISIC_5179024,dermoscopic,600,450,24584,
ISIC_5179141,clinical: close-up,600,450,50447,
ISIC_5180185,dermoscopic,600,450,19760,
ISIC_5180599,dermoscopic,600,450,32200,
ISIC_5182952,dermoscopic,600,450,29203,
ISIC_5184106,dermoscopic,600,450,30034,
ISIC_5185179,dermoscopic,600,450,19156,
ISIC_5185355,clinical: close-up,600,450,46406,
ISIC_5185588,dermoscopic,600,450,20798,
ISIC_5186161,clinical: close-up,600,450,50044,
ISIC_5186218,dermoscopic,600,450,42231,
ISIC_5186409,dermoscopic,600,450,29484,
ISIC_5187564,clinical: close-up,600,450,29127,
ISIC_5188025,dermoscopic,600,450,27971,
ISIC_5188621,dermoscopic,600,450,31523,
ISIC_5191763,dermoscopic,600,450,29795,
ISIC_5192756,clinical: close-up,600,450,29365,
ISIC_5192807,clinical: close-up,600,450,34041,
ISIC_5192894,clinical: close-up,600,450,39547,
ISIC_5194644,dermoscopic,600,450,15427,
ISIC_5195959,dermoscopic,600,450,29391,
ISIC_5197331,dermoscopic,600,450,24405,
ISIC_5197529,clinical: close-up,600,450,39168,
ISIC_5199166,clinical: close-up,600,450,68153,
ISIC_5200686,dermoscopic,600,450,23273,
ISIC_5201104,clinical: close-up,600,450,33085,
ISIC_5203019,clinical: close-up,600,450,14671,
ISIC_5203294,clinical: close-up,600,450,40078,
ISIC_5203599,dermoscopic,600,450,33397,
ISIC_5205572,clinical: close-up,600,450,36833,
ISIC_5205716,clinical: close-up,600,450,41648,
ISIC_5206219,clinical: close-up,600,450,30139,
ISIC_5207549,dermoscopic,600,450,27408,
ISIC_5208838,clinical: close-up,600,450,34743,
ISIC_5209351,dermoscopic,600,450,22781,
ISIC_5210175,clinical: close-up,600,450,35290,
ISIC_5212180,clinical: close-up,600,450,46945,
ISIC_5212488,clinical: close-up,600,450,46700,
ISIC_5213096,clinical: close-up,600,450,64803,
ISIC_5213643,dermoscopic,600,450,19533,
ISIC_5214169,clinical: close-up,600,450,36230,
ISIC_5214703,dermoscopic,600,450,18350,
ISIC_5216960,dermoscopic,600,450,26029,
ISIC_5217075,dermoscopic,600,450,16458,
ISIC_5217912,clinical: close-up,600,450,40618,
ISIC_5218005,dermoscopic,600,450,36132,
ISIC_5218432,clinical: close-up,600,450,32801,
ISIC_5221340,dermoscopic,600,450,41387,
ISIC_5223774,clinical: close-up,600,450,44704,
ISIC_5224246,dermoscopic,600,450,25056,
ISIC_5225765,dermoscopic,600,450,28343,
ISIC_5227758,clinical: close-up,600,450,32667,
ISIC_5228122,clinical: close-up,600,450,35508,
ISIC_5230169,clinical: close-up,600,450,39177,
ISIC_5230761,dermoscopic,600,450,42162,
ISIC_5232497,clinical: close-up,600,450,48781,
ISIC_5232516,dermoscopic,600,450,26892,
ISIC_5233296,dermoscopic,600,450,26559,
ISIC_5233519,dermoscopic,600,450,30371,
ISIC_5233869,clinical: close-up,600,450,44945,
ISIC_5235518,dermoscopic,600,450,23492,
ISIC_5238772,clinical: close-up,600,450,28623,
ISIC_5239106,dermoscopic,600,450,27438,
ISIC_5240279,dermoscopic,600,450,33842,
ISIC_5240908,clinical: close-up,600,450,52760,
ISIC_5242109,clinical: close-up,600,450,43581,
ISIC_5242235,dermoscopic,600,450,23840,
ISIC_5242239,dermoscopic,600,450,42155,
ISIC_5242567,clinical: close-up,600,450,42584,
ISIC_5243282,dermoscopic,600,450,34991,
ISIC_5246161,dermoscopic,600,450,22942,
ISIC_5246163,clinical: close-up,600,450,65339,
ISIC_5246923,dermoscopic,600,450,27578,
ISIC_5247248,clinical: close-up,600,450,45397,
ISIC_5248965,clinical: close-up,600,450,44132,
ISIC_5249128,clinical: close-up,600,450,41467,
ISIC_5249321,dermoscopic,600,450,26671,
ISIC_5253456,clinical: close-up,600,450,49100,
ISIC_5253746,dermoscopic,600,450,25106,
ISIC_5254610,clinical: close-up,600,450,41969,
ISIC_5255131,dermoscopic,600,450,21149,
ISIC_5258143,dermoscopic,600,450,25951,
ISIC_5259848,clinical: close-up,600,450,55792,
ISIC_5260184,clinical: close-up,600,450,36092,
ISIC_5261229,clinical: close-up,600,450,47197,
ISIC_5261867,clinical: close-up,600,450,23735,
ISIC_5264230,dermoscopic,600,450,38339,
ISIC_5266605,dermoscopic,600,450,27366,
ISIC_5268767,dermoscopic,600,450,12452,
ISIC_5270147,dermoscopic,600,450,25917,
ISIC_5271791,dermoscopic,600,450,24408,
ISIC_5272574,dermoscopic,600,450,14320,
ISIC_5273681,dermoscopic,600,450,31232,
ISIC_5274848,clinical: close-up,600,450,48864,
ISIC_5274972,dermoscopic,600,450,19229,
ISIC_5275192,dermoscopic,600,450,23089,
ISIC_5276989,dermoscopic,600,450,33918,
ISIC_5279946,dermoscopic,600,450,22057,
ISIC_5280186,clinical: close-up,600,450,36436,
ISIC_5280833,clinical: close-up,600,450,49082,
ISIC_5280874,dermoscopic,600,450,29804,
ISIC_5280916,clinical: close-up,600,450,39868,
ISIC_5281912,clinical: close-up,600,450,31026,
ISIC_5282437,clinical: close-up,600,450,42424,
ISIC_5283239,dermoscopic,600,450,34537,
ISIC_5284704,dermoscopic,600,450,32512,
ISIC_5286872,dermoscopic,600,450,32049,
ISIC_5287761,clinical: close-up,600,450,37403,
ISIC_5287888,clinical: close-up,600,450,44260,
ISIC_5289955,clinical: close-up,600,450,25237,
ISIC_5291074,clinical: close-up,600,450,42694,
ISIC_5291256,clinical: close-up,600,450,39996,
ISIC_5291973,clinical: close-up,600,450,27513,
ISIC_5293815,dermoscopic,600,450,17925,
ISIC_5294377,dermoscopic,600,450,26560,
ISIC_5294669,clinical: close-up,600,450,49469,
ISIC_5296244,dermoscopic,600,450,23169,
ISIC_5296837,clinical: close-up,600,450,19801,
ISIC_5297462,dermoscopic,600,450,18289,
ISIC_5298476,dermoscopic,600,450,21874,
ISIC_5298792,clinical: close-up,600,450,33070,
ISIC_5299228,clinical: close-up,600,450,44877,
ISIC_5299723,clinical: close-up,600,450,34892,
ISIC_5301048,clinical: close-up,600,450,44026,
ISIC_5301687,clinical: close-up,600,450,44731,
ISIC_5304804,dermoscopic,600,450,25260,
ISIC_5305490,clinical: close-up,600,450,36766,
ISIC_5305591,clinical: close-up,600,450,36582,
ISIC_5306039,clinical: close-up,600,450,40700,
ISIC_5306085,dermoscopic,600,450,22268,
ISIC_5306258,dermoscopic,600,450,66542,
ISIC_5308020,clinical: close-up,600,450,56773,
ISIC_5308373,clinical: close-up,600,450,41941,
ISIC_5308424,clinical: close-up,600,450,31785,
ISIC_5310379,dermoscopic,600,450,33850,
ISIC_5310585,dermoscopic,600,450,25372,
ISIC_5310763,dermoscopic,600,450,27771,
ISIC_5311382,dermoscopic,600,450,26710,
ISIC_5312126,dermoscopic,600,450,30413,
ISIC_5313254,dermoscopic,600,450,19792,
ISIC_5313507,clinical: close-up,600,450,30990,
ISIC_5314299,clinical: close-up,600,450,67853,
ISIC_5314319,clinical: close-up,600,450,39485,
ISIC_5315022,clinical: close-up,600,450,48037,
ISIC_5315549,clinical: close-up,600,450,14579,
ISIC_5315833,dermoscopic,600,450,20975,
ISIC_5317598,clinical: close-up,600,450,50733,
ISIC_5318049,clinical: close-up,600,450,40182,
ISIC_5318502,clinical: close-up,600,450,39506,
ISIC_5318655,clinical: close-up,600,450,49578,
ISIC_5319529,clinical: close-up,600,450,27423,
ISIC_5321479,dermoscopic,600,450,17819,
ISIC_5322852,dermoscopic,600,450,39041,
ISIC_5323349,clinical: close-up,600,450,45028,
ISIC_5324767,clinical: close-up,600,450,18849,
ISIC_5325202,clinical: close-up,600,450,40738,
ISIC_5325372,dermoscopic,600,450,26276,
ISIC_5328474,dermoscopic,600,450,27865,
ISIC_5328520,clinical: close-up,600,450,37308,
ISIC_5329894,clinical: close-up,600,450,14191,
ISIC_5330823,clinical: close-up,600,450,53861,
ISIC_5333979,clinical: close-up,600,450,51160,
ISIC_5334491,clinical: close-up,600,450,37746,
ISIC_5335240,dermoscopic,600,450,39232,
ISIC_5340961,clinical: close-up,600,450,43462,
ISIC_5341557,clinical: close-up,600,450,55154,
ISIC_5341584,clinical: close-up,600,450,43398,
ISIC_5342805,clinical: close-up,600,450,32378,
ISIC_5342950,dermoscopic,600,450,20017,
ISIC_5342997,clinical: close-up,600,450,36745,
ISIC_5343449,clinical: close-up,600,450,31689,
ISIC_5343551,dermoscopic,600,450,29237,
ISIC_5343716,clinical: close-up,600,450,40415,
ISIC_5344273,dermoscopic,600,450,20995,
ISIC_5345557,clinical: close-up,600,450,46238,
ISIC_5345684,clinical: close-up,600,450,49732,
ISIC_5348732,dermoscopic,600,450,26411,
ISIC_5349344,clinical: close-up,600,450,34377,
ISIC_5349431,clinical: close-up,600,450,53753,
ISIC_5349810,clinical: close-up,600,450,35553,
ISIC_5350161,dermoscopic,600,450,27768,
ISIC_5350286,dermoscopic,600,450,19725,
ISIC_5350988,dermoscopic,600,450,36824,
ISIC_5352383,dermoscopic,600,450,23478,
ISIC_5352485,clinical: close-up,600,450,42630,
ISIC_5352626,dermoscopic,600,450,24018,
ISIC_5353872,clinical: close-up,600,450,37436,
ISIC_5356282,dermoscopic,600,450,33970,
ISIC_5358212,dermoscopic,600,450,31493,
ISIC_5360213,dermoscopic,600,450,28286,
ISIC_5362779,dermoscopic,600,450,25449,
ISIC_5363218,dermoscopic,600,450,26033,
ISIC_5364113,clinical: close-up,600,450,47179,
ISIC_5364143,clinical: close-up,600,450,46730,
ISIC_5364900,dermoscopic,600,450,44539,
ISIC_5366005,clinical: close-up,600,450,45496,
ISIC_5367270,clinical: close-up,600,450,40101,
ISIC_5371928,dermoscopic,600,450,33985,
ISIC_5372698,clinical: close-up,600,450,31281,
ISIC_5372884,dermoscopic,600,450,19904,
ISIC_5372934,dermoscopic,600,450,26987,
ISIC_5373218,dermoscopic,600,450,36039,
ISIC_5373976,clinical: close-up,600,450,26775,
ISIC_5374944,clinical: close-up,600,450,52413,
ISIC_5376495,dermoscopic,600,450,43022,
ISIC_5378143,dermoscopic,600,450,24935,
ISIC_5378715,clinical: close-up,600,450,44976,
ISIC_5378716,dermoscopic,600,450,24455,
ISIC_5378878,clinical: close-up,600,450,43682,
ISIC_5379619,clinical: close-up,600,450,37308,
ISIC_5380414,dermoscopic,600,450,39057,
ISIC_5380664,dermoscopic,600,450,27589,
ISIC_5380715,dermoscopic,600,450,24763,
ISIC_5381632,dermoscopic,600,450,31218,
ISIC_5381727,dermoscopic,600,450,26818,
ISIC_5383160,dermoscopic,600,450,29184,
ISIC_5383487,clinical: close-up,600,450,46126,
ISIC_5385783,dermoscopic,600,450,24864,
ISIC_5386166,dermoscopic,600,450,22508,
ISIC_5386998,clinical: close-up,600,450,40551,
ISIC_5387219,dermoscopic,600,450,33392,
ISIC_5387790,clinical: close-up,600,450,44407,
ISIC_5390171,clinical: close-up,600,450,33318,
ISIC_5392764,clinical: close-up,600,450,35021,
ISIC_5395930,clinical: close-up,600,450,45232,
ISIC_5395949,clinical: close-up,600,450,43582,
ISIC_5398396,dermoscopic,600,450,26622,
ISIC_5398617,dermoscopic,600,450,21448,
ISIC_5398729,clinical: close-up,600,450,43638,
ISIC_5399025,dermoscopic,600,450,24842,
ISIC_5399116,clinical: close-up,600,450,38967,
ISIC_5399167,dermoscopic,600,450,35478,
ISIC_5399582,clinical: close-up,600,450,28581,
ISIC_5400013,clinical: close-up,600,450,41548,
ISIC_5402488,dermoscopic,600,450,22041,
ISIC_5402789,clinical: close-up,600,450,44190,
ISIC_5403535,clinical: close-up,600,450,42999,
ISIC_5403927,clinical: close-up,600,450,53698,
ISIC_5405039,dermoscopic,600,450,37649,
ISIC_5406249,clinical: close-up,600,450,70381,
ISIC_5406917,clinical: close-up,600,450,42432,
ISIC_5407200,clinical: close-up,600,450,19898,
ISIC_5408628,clinical: close-up,600,450,34855,
ISIC_5409072,dermoscopic,600,450,27097,
ISIC_5409281,clinical: close-up,600,450,44233,
ISIC_5409428,clinical: close-up,600,450,31946,
ISIC_5410210,clinical: close-up,600,450,40172,
ISIC_5412380,dermoscopic,600,450,36938,
ISIC_5412550,dermoscopic,600,450,32343,
ISIC_5413870,dermoscopic,600,450,31040,
ISIC_5415740,dermoscopic,600,450,19495,
ISIC_5416645,clinical: close-up,600,450,101478,
ISIC_5416823,clinical: close-up,600,450,36296,
ISIC_5418047,clinical: close-up,600,450,38935,
ISIC_5419605,dermoscopic,600,450,25045,
ISIC_5420310,clinical: close-up,600,450,34281,
ISIC_5420985,clinical: close-up,600,450,62673,
ISIC_5423101,clinical: close-up,600,450,87902,
ISIC_5424675,dermoscopic,600,450,23790,
ISIC_5425472,clinical: close-up,600,450,42910,
ISIC_5425962,dermoscopic,600,450,31786,
ISIC_5426572,dermoscopic,600,450,19001,
ISIC_5427398,dermoscopic,600,450,18032,
ISIC_5428941,dermoscopic,600,450,24347,
ISIC_5430362,dermoscopic,600,450,24496,
ISIC_5431278,dermoscopic,600,450,29728,
ISIC_5432141,clinical: close-up,600,450,44350,
ISIC_5433214,clinical: close-up,600,450,39467,
ISIC_5433476,clinical: close-up,600,450,35407,
ISIC_5433961,clinical: close-up,600,450,44778,
ISIC_5434141,dermoscopic,600,450,23600,
ISIC_5435068,clinical: close-up,600,450,55330,
ISIC_5435390,clinical: close-up,600,450,38535,
ISIC_5436116,dermoscopic,600,450,28934,
ISIC_5436595,dermoscopic,600,450,30105,
ISIC_5437238,clinical: close-up,600,450,30725,
ISIC_5438818,clinical: close-up,600,450,39067,
ISIC_5439956,dermoscopic,600,450,25928,
ISIC_5440216,clinical: close-up,600,450,17964,
ISIC_5440611,clinical: close-up,600,450,29749,
ISIC_5441520,dermoscopic,600,450,39059,
ISIC_5441652,clinical: close-up,600,450,39741,
ISIC_5442946,dermoscopic,600,450,30844,
ISIC_5442968,dermoscopic,600,450,24181,
ISIC_5443014,clinical: close-up,600,450,40008,
ISIC_5443280,clinical: close-up,600,450,44649,
ISIC_5444755,clinical: close-up,600,450,38664,
ISIC_5446350,dermoscopic,600,450,32893,
ISIC_5447057,dermoscopic,600,450,23454,
ISIC_5449503,clinical: close-up,600,450,83584,
ISIC_5449756,clinical: close-up,600,450,42049,
ISIC_5450702,clinical: close-up,600,450,49571,
ISIC_5451038,dermoscopic,600,450,20422,
ISIC_5452534,clinical: close-up,600,450,44388,
ISIC_5452980,dermoscopic,600,450,21966,
ISIC_5455211,clinical: close-up,600,450,50341,
ISIC_5456124,clinical: close-up,600,450,48643,
ISIC_5456265,clinical: close-up,600,450,29040,
ISIC_5457545,clinical: close-up,600,450,30000,
ISIC_5459597,clinical: close-up,600,450,34174,
ISIC_5460617,dermoscopic,600,450,28144,
ISIC_5461210,dermoscopic,600,450,23727,
ISIC_5462275,clinical: close-up,600,450,38739,
ISIC_5463407,dermoscopic,600,450,28369,
ISIC_5466262,clinical: close-up,600,450,38036,
ISIC_5466448,dermoscopic,600,450,33020,
ISIC_5466692,clinical: close-up,600,450,36531,
ISIC_5466838,clinical: close-up,600,450,29842,
ISIC_5467966,dermoscopic,600,450,30987,
ISIC_5469285,dermoscopic,600,450,18823,
ISIC_5469861,dermoscopic,600,450,29619,
ISIC_5471903,clinical: close-up,600,450,18203,
ISIC_5472264,dermoscopic,600,450,27279,
ISIC_5474962,clinical: close-up,600,450,48620,
ISIC_5475497,clinical: close-up,600,450,64765,
ISIC_5475721,dermoscopic,600,450,26521,
ISIC_5476166,clinical: close-up,600,450,47543,
ISIC_5478943,clinical: close-up,600,450,52269,
ISIC_5479076,clinical: close-up,600,450,60488,
ISIC_5480309,dermoscopic,600,450,22629,
ISIC_5481679,dermoscopic,600,450,39822,
ISIC_5483293,dermoscopic,600,450,34635,
ISIC_5483404,clinical: close-up,600,450,27394,
ISIC_5483548,clinical: close-up,600,450,24442,
ISIC_5483736,clinical: close-up,600,450,48970,
ISIC_5484742,dermoscopic,600,450,28111,
ISIC_5488940,dermoscopic,600,450,20331,
ISIC_5489979,clinical: close-up,600,450,21228,
ISIC_5491732,dermoscopic,600,450,29610,
ISIC_5492973,dermoscopic,600,450,30869,
ISIC_5493878,clinical: close-up,600,450,45800,
ISIC_5493908,dermoscopic,600,450,28806,
ISIC_5494355,clinical: close-up,600,450,24552,
ISIC_5494529,clinical: close-up,600,450,87922,
ISIC_5494556,clinical: close-up,600,450,20153,
ISIC_5494808,clinical: close-up,600,450,49559,
ISIC_5495313,clinical: close-up,600,450,32455,
ISIC_5498094,dermoscopic,600,450,24505,
ISIC_5498605,clinical: close-up,600,450,54857,
ISIC_5499900,dermoscopic,600,450,31061,
ISIC_5499953,clinical: close-up,600,450,48664,
ISIC_5501232,dermoscopic,600,450,26863,
ISIC_5501634,dermoscopic,600,450,33480,
ISIC_5503156,clinical: close-up,600,450,38657,
ISIC_5503515,dermoscopic,600,450,24046,
ISIC_5508754,clinical: close-up,600,450,12352,
ISIC_5509679,dermoscopic,600,450,27528,
ISIC_5509823,dermoscopic,600,450,27155,
ISIC_5510526,dermoscopic,600,450,26825,
ISIC_5511054,dermoscopic,600,450,19107,
ISIC_5511326,clinical: close-up,600,450,49344,
ISIC_5511950,dermoscopic,600,450,26568,
ISIC_5512440,dermoscopic,600,450,27717,
ISIC_5513367,dermoscopic,600,450,33869,
ISIC_5513734,clinical: close-up,600,450,39705,
ISIC_5514135,dermoscopic,600,450,36306,
ISIC_5517161,dermoscopic,600,450,26768,
ISIC_5517500,dermoscopic,600,450,23778,
ISIC_5517639,clinical: close-up,600,450,37583,
ISIC_5518035,clinical: close-up,600,450,38581,
ISIC_5518449,clinical: close-up,600,450,36252,
ISIC_5519093,clinical: close-up,600,450,38528,
ISIC_5520243,clinical: close-up,600,450,52560,
ISIC_5521398,clinical: close-up,600,450,39265,
ISIC_5521729,dermoscopic,600,450,41752,
ISIC_5527533,clinical: close-up,600,450,34600,
ISIC_5527895,clinical: close-up,600,450,30842,
ISIC_5528057,clinical: close-up,600,450,49736,
ISIC_5529151,clinical: close-up,600,450,49025,
ISIC_5529223,dermoscopic,600,450,21856,
ISIC_5531874,dermoscopic,600,450,22466,
ISIC_5533850,clinical: close-up,600,450,50219,
ISIC_5534471,dermoscopic,600,450,37019,
ISIC_5536536,clinical: close-up,600,450,49366,
ISIC_5539676,dermoscopic,600,450,24156,
ISIC_5539918,clinical: close-up,600,450,47627,
ISIC_5541499,dermoscopic,600,450,21824,
ISIC_5542359,clinical: close-up,600,450,28581,
ISIC_5542563,clinical: close-up,600,450,28273,
ISIC_5542664,clinical: close-up,600,450,53634,
ISIC_5543636,clinical: close-up,600,450,55388,
ISIC_5543919,dermoscopic,600,450,27149,
ISIC_5547547,clinical: close-up,600,450,45036,
ISIC_5548095,dermoscopic,600,450,22731,
ISIC_5550212,dermoscopic,600,450,23669,
ISIC_5552185,clinical: close-up,600,450,34169,
ISIC_5552359,clinical: close-up,600,450,37465,
ISIC_5552683,dermoscopic,600,450,23233,
ISIC_5553297,clinical: close-up,600,450,44573,
ISIC_5553426,clinical: close-up,600,450,25953,
ISIC_5553849,dermoscopic,600,450,22796,
ISIC_5554081,dermoscopic,600,450,41174,
ISIC_5554902,clinical: close-up,600,450,51719,
ISIC_5555712,dermoscopic,600,450,25902,
ISIC_5558301,clinical: close-up,600,450,27941,
ISIC_5558490,clinical: close-up,600,450,33462,
ISIC_5559099,clinical: close-up,600,450,44268,
ISIC_5559799,clinical: close-up,600,450,31354,
ISIC_5562336,dermoscopic,600,450,22231,
ISIC_5562574,clinical: close-up,600,450,55470,
ISIC_5564663,clinical: close-up,600,450,44799,
ISIC_5564889,dermoscopic,600,450,29281,
ISIC_5566200,dermoscopic,600,450,27712,
ISIC_5566320,dermoscopic,600,450,32807,
ISIC_5566852,dermoscopic,600,450,26159,
ISIC_5567558,dermoscopic,600,450,26228,
ISIC_5567599,dermoscopic,600,450,23772,
ISIC_5569473,dermoscopic,600,450,30290,
ISIC_5570317,dermoscopic,600,450,44305,
ISIC_5570534,clinical: close-up,600,450,26659,
ISIC_5574831,clinical: close-up,600,450,37995,
ISIC_5579782,clinical: close-up,600,450,46470,
ISIC_5580645,clinical: close-up,600,450,56398,
ISIC_5584851,dermoscopic,600,450,38432,
ISIC_5584967,dermoscopic,600,450,35525,
ISIC_5585397,clinical: close-up,600,450,47442,
ISIC_5587236,dermoscopic,600,450,27420,
ISIC_5588619,clinical: close-up,600,450,14672,
ISIC_5588711,clinical: close-up,600,450,50966,
ISIC_5592478,clinical: close-up,600,450,39576,
ISIC_5594942,clinical: close-up,600,450,52166,
ISIC_5595298,dermoscopic,600,450,25741,
ISIC_5596458,clinical: close-up,600,450,45514,
ISIC_5597278,dermoscopic,600,450,26036,
ISIC_5597408,dermoscopic,600,450,35984,
ISIC_5597650,dermoscopic,600,450,23881,
ISIC_5602394,dermoscopic,600,450,31922,
ISIC_5602590,clinical: close-up,600,450,31497,
ISIC_5602626,dermoscopic,600,450,33516,
ISIC_5602759,dermoscopic,600,450,27609,
ISIC_5604357,dermoscopic,600,450,24106,
ISIC_5605119,clinical: close-up,600,450,42240,
ISIC_5605406,clinical: close-up,600,450,42466,
ISIC_5605573,dermoscopic,600,450,26529,
ISIC_5607139,dermoscopic,600,450,24014,
ISIC_5607257,dermoscopic,600,450,32226,
ISIC_5607559,dermoscopic,600,450,27911,
ISIC_5607642,dermoscopic,600,450,27046,
ISIC_5607974,clinical: close-up,600,450,16769,
ISIC_5609956,clinical: close-up,600,450,48700,
ISIC_5610942,dermoscopic,600,450,32280,
ISIC_5612498,clinical: close-up,600,450,44076,
ISIC_5612751,clinical: close-up,600,450,39530,
ISIC_5614068,dermoscopic,600,450,27067,
ISIC_5614863,clinical: close-up,600,450,34383,
ISIC_5616230,dermoscopic,600,450,24871,
ISIC_5620414,clinical: close-up,600,450,36563,
ISIC_5620416,clinical: close-up,600,450,35360,
ISIC_5620717,clinical: close-up,600,450,39803,
ISIC_5622324,dermoscopic,600,450,31038,
ISIC_5622862,clinical: close-up,600,450,32246,
ISIC_5624559,dermoscopic,600,450,22324,
ISIC_5625173,clinical: close-up,600,450,17802,
ISIC_5626843,clinical: close-up,600,450,36059,
ISIC_5627117,dermoscopic,600,450,34935,
ISIC_5628874,dermoscopic,600,450,27536,
ISIC_5629148,dermoscopic,600,450,38417,
ISIC_5629312,dermoscopic,600,450,37093,
ISIC_5630379,dermoscopic,600,450,20564,
ISIC_5632058,clinical: close-up,600,450,46479,
ISIC_5632079,clinical: close-up,600,450,53682,
ISIC_5633193,clinical: close-up,600,450,48159,
ISIC_5634198,dermoscopic,600,450,25882,
ISIC_5634823,dermoscopic,600,450,17270,
ISIC_5636046,dermoscopic,600,450,50325,
ISIC_5638742,dermoscopic,600,450,20413,
ISIC_5638800,dermoscopic,600,450,27438,
ISIC_5640000,dermoscopic,600,450,29158,
ISIC_5641672,clinical: close-up,600,450,43616,
ISIC_5642029,clinical: close-up,600,450,40490,
ISIC_5642271,clinical: close-up,600,450,23746,
ISIC_5643199,clinical: close-up,600,450,24271,
ISIC_5643547,dermoscopic,600,450,22192,
ISIC_5644081,clinical: close-up,600,450,37420,
ISIC_5645178,clinical: close-up,600,450,55931,
ISIC_5645559,dermoscopic,600,450,20349,
ISIC_5647228,clinical: close-up,600,450,37928,
ISIC_5647684,clinical: close-up,600,450,28401,
ISIC_5648144,clinical: close-up,600,450,38298,
ISIC_5648712,clinical: close-up,600,450,31410,
ISIC_5649480,clinical: close-up,600,450,51430,
ISIC_5649736,clinical: close-up,600,450,49865,
ISIC_5651049,dermoscopic,600,450,33882,
ISIC_5653892,clinical: close-up,600,450,28236,
ISIC_5655170,clinical: close-up,600,450,42870,
ISIC_5655393,clinical: close-up,600,450,47823,
ISIC_5656373,clinical: close-up,600,450,36943,
ISIC_5657135,clinical: close-up,600,450,58127,
ISIC_5657346,dermoscopic,600,450,27493,
ISIC_5657666,clinical: close-up,600,450,37479,
ISIC_5659142,clinical: close-up,600,450,37482,
ISIC_5659521,dermoscopic,600,450,26507,
ISIC_5660553,dermoscopic,600,450,33388,
ISIC_5660758,clinical: close-up,600,450,46621,
ISIC_5661142,clinical: close-up,600,450,43109,
ISIC_5661673,clinical: close-up,600,450,29248,
ISIC_5662432,clinical: close-up,600,450,31637,
ISIC_5663141,clinical: close-up,600,450,32101,
ISIC_5664212,clinical: close-up,600,450,35953,
ISIC_5664395,clinical: close-up,600,450,43545,
ISIC_5665171,dermoscopic,600,450,27776,
ISIC_5665189,dermoscopic,600,450,28565,
ISIC_5666984,dermoscopic,600,450,31145,
ISIC_5667513,clinical: close-up,600,450,44340,
ISIC_5667703,clinical: close-up,600,450,46446,
ISIC_5667730,clinical: close-up,600,450,59965,
ISIC_5671011,clinical: close-up,600,450,33569,
ISIC_5671567,dermoscopic,600,450,29034,
ISIC_5674733,clinical: close-up,600,450,45793,
ISIC_5675115,clinical: close-up,600,450,15818,
ISIC_5675875,dermoscopic,600,450,27938,
ISIC_5676014,clinical: close-up,600,450,31275,
ISIC_5678147,dermoscopic,600,450,20936,
ISIC_5678929,clinical: close-up,600,450,45355,
ISIC_5679759,dermoscopic,600,450,26528,
ISIC_5680223,clinical: close-up,600,450,60417,
ISIC_5680960,clinical: close-up,600,450,42288,
ISIC_5681371,dermoscopic,600,450,37621,
ISIC_5681698,clinical: close-up,600,450,39165,
ISIC_5682266,clinical: close-up,600,450,37151,
ISIC_5683123,clinical: close-up,600,450,30087,
ISIC_5685120,dermoscopic,600,450,22748,
ISIC_5686620,clinical: close-up,600,450,17298,
ISIC_5686692,dermoscopic,600,450,28160,
ISIC_5686739,dermoscopic,600,450,25757,
ISIC_5688333,clinical: close-up,600,450,31174,
ISIC_5688654,clinical: close-up,600,450,28811,
ISIC_5689234,clinical: close-up,600,450,37063,
ISIC_5689912,clinical: close-up,600,450,47584,
ISIC_5691487,clinical: close-up,600,450,41761,
ISIC_5693691,dermoscopic,600,450,23312,
ISIC_5695123,clinical: close-up,600,450,16677,
ISIC_5696217,clinical: close-up,600,450,34459,
ISIC_5696393,clinical: close-up,600,450,20766,
ISIC_5696465,dermoscopic,600,450,23366,
ISIC_5698613,dermoscopic,600,450,21699,
ISIC_5699349,dermoscopic,600,450,42365,
ISIC_5701696,clinical: close-up,600,450,17927,
ISIC_5701708,clinical: close-up,600,450,30161,
ISIC_5702669,dermoscopic,600,450,25787,
ISIC_5703250,dermoscopic,600,450,33641,
ISIC_5703946,clinical: close-up,600,450,38520,
ISIC_5706380,dermoscopic,600,450,32629,
ISIC_5706764,clinical: close-up,600,450,32950,
ISIC_5706903,clinical: close-up,600,450,43462,
ISIC_5707338,dermoscopic,600,450,30648,
ISIC_5707695,dermoscopic,600,450,23729,
ISIC_5708137,clinical: close-up,600,450,27515,
ISIC_5709229,clinical: close-up,600,450,43570,
ISIC_5709448,dermoscopic,600,450,33974,
ISIC_5711226,dermoscopic,600,450,34596,
ISIC_5711940,dermoscopic,600,450,23758,
ISIC_5713218,dermoscopic,600,450,25283,
ISIC_5714213,clinical: close-up,600,450,55696,
ISIC_5714368,dermoscopic,600,450,18619,
ISIC_5714567,dermoscopic,600,450,27336,
ISIC_5714835,dermoscopic,600,450,28378,
ISIC_5715952,clinical: close-up,600,450,43080,
ISIC_5715959,dermoscopic,600,450,19557,
ISIC_5716450,clinical: close-up,600,450,41036,
ISIC_5719893,clinical: close-up,600,450,54698,
ISIC_5720812,clinical: close-up,600,450,48638,
ISIC_5721106,clinical: close-up,600,450,61992,
ISIC_5721122,clinical: close-up,600,450,43930,
ISIC_5721420,clinical: close-up,600,450,24372,
ISIC_5722425,clinical: close-up,600,450,50068,
ISIC_5722582,clinical: close-up,600,450,30009,
ISIC_5723091,dermoscopic,600,450,26929,
ISIC_5725725,clinical: close-up,600,450,47081,
ISIC_5728005,dermoscopic,600,450,24543,
ISIC_5728052,dermoscopic,600,450,28156,
ISIC_5728121,dermoscopic,600,450,26459,
ISIC_5728294,dermoscopic,600,450,22344,
ISIC_5728378,dermoscopic,600,450,40738,
ISIC_5729101,clinical: close-up,600,450,37470,
ISIC_5731785,clinical: close-up,600,450,35838,
ISIC_5736506,clinical: close-up,600,450,43467,
ISIC_5737122,clinical: close-up,600,450,25600,
ISIC_5739264,dermoscopic,600,450,27836,
ISIC_5739546,clinical: close-up,600,450,40752,
ISIC_5741122,clinical: close-up,600,450,36827,
ISIC_5743197,dermoscopic,600,450,28847,
ISIC_5744011,dermoscopic,600,450,29273,
ISIC_5744822,dermoscopic,600,450,26393,
ISIC_5744902,dermoscopic,600,450,31033,
ISIC_5745120,dermoscopic,600,450,34084,
ISIC_5745126,dermoscopic,600,450,28185,
ISIC_5745809,dermoscopic,600,450,23829,
ISIC_5745824,dermoscopic,600,450,36954,
ISIC_5746261,clinical: close-up,600,450,43068,
ISIC_5748062,dermoscopic,600,450,35271,
ISIC_5748990,clinical: close-up,600,450,37544,
ISIC_5753091,clinical: close-up,600,450,32378,
ISIC_5754710,dermoscopic,600,450,20275,
ISIC_5756614,clinical: close-up,600,450,22745,
ISIC_5756622,clinical: close-up,600,450,39407,
ISIC_5759990,clinical: close-up,600,450,34568,
ISIC_5760018,clinical: close-up,600,450,38891,
ISIC_5761443,dermoscopic,600,450,52633,
ISIC_5761656,clinical: close-up,600,450,41012,
ISIC_5761793,dermoscopic,600,450,30999,
ISIC_5761944,dermoscopic,600,450,24184,
ISIC_5763228,dermoscopic,600,450,20438,
ISIC_5763649,clinical: close-up,600,450,40972,
ISIC_5765413,dermoscopic,600,450,25896,
ISIC_5765489,clinical: close-up,600,450,36487,
ISIC_5766012,clinical: close-up,600,450,65683,
ISIC_5766792,dermoscopic,600,450,26142,
ISIC_5766997,dermoscopic,600,450,24991,
ISIC_5767646,dermoscopic,600,450,15623,
ISIC_5767870,dermoscopic,600,450,30083,
ISIC_5770369,clinical: close-up,600,450,46638,
ISIC_5772488,dermoscopic,600,450,18627,
ISIC_5773512,dermoscopic,600,450,25899,
ISIC_5775199,clinical: close-up,600,450,36368,
ISIC_5776632,clinical: close-up,600,450,54488,
ISIC_5777376,clinical: close-up,600,450,39461,
ISIC_5777416,dermoscopic,600,450,22509,
ISIC_5778156,clinical: close-up,600,450,44055,
ISIC_5778552,dermoscopic,600,450,46991,
ISIC_5780488,dermoscopic,600,450,23179,
ISIC_5780905,clinical: close-up,600,450,41212,
ISIC_5782959,clinical: close-up,600,450,32676,
ISIC_5783163,clinical: close-up,600,450,38682,
ISIC_5783892,dermoscopic,600,450,31311,
ISIC_5784227,clinical: close-up,600,450,40960,
ISIC_5785000,clinical: close-up,600,450,34933,
ISIC_5785135,dermoscopic,600,450,24951,
ISIC_5785962,clinical: close-up,600,450,36369,
ISIC_5787263,dermoscopic,600,450,25479,
ISIC_5787657,clinical: close-up,600,450,37503,
ISIC_5787999,dermoscopic,600,450,16849,
ISIC_5788717,dermoscopic,600,450,30458,
ISIC_5788932,clinical: close-up,600,450,24829,
ISIC_5790117,clinical: close-up,600,450,30339,
ISIC_5792555,dermoscopic,600,450,20954,
ISIC_5792872,dermoscopic,600,450,22279,
ISIC_5793548,dermoscopic,600,450,32642,
ISIC_5794441,clinical: close-up,600,450,42141,
ISIC_5795242,dermoscopic,600,450,19756,
ISIC_5795871,dermoscopic,600,450,29259,
ISIC_5796545,clinical: close-up,600,450,38211,
ISIC_5798282,clinical: close-up,600,450,26923,
ISIC_5798737,dermoscopic,600,450,36978,
ISIC_5800499,clinical: close-up,600,450,31615,
ISIC_5801703,dermoscopic,600,450,41540,
ISIC_5802479,clinical: close-up,600,450,34365,
ISIC_5803437,clinical: close-up,600,450,39793,
ISIC_5804154,clinical: close-up,600,450,26769,
ISIC_5804522,dermoscopic,600,450,25201,
ISIC_5804674,dermoscopic,600,450,24699,
ISIC_5806581,clinical: close-up,600,450,39572,
ISIC_5807024,dermoscopic,600,450,26617,
ISIC_5811144,dermoscopic,600,450,36290,
ISIC_5813817,dermoscopic,600,450,24921,
ISIC_5814193,dermoscopic,600,450,16405,
ISIC_5814633,clinical: close-up,600,450,43708,
ISIC_5817638,clinical: close-up,600,450,37056,
ISIC_5817907,dermoscopic,600,450,30654,
ISIC_5818083,dermoscopic,600,450,25067,
ISIC_5819591,dermoscopic,600,450,23672,
ISIC_5820253,dermoscopic,600,450,47720,
ISIC_5821583,clinical: close-up,600,450,31855,
ISIC_5822186,dermoscopic,600,450,28372,
ISIC_5823053,dermoscopic,600,450,37186,
ISIC_5824457,clinical: close-up,600,450,33320,
ISIC_5825703,dermoscopic,600,450,42241,
ISIC_5826859,clinical: close-up,600,450,31219,
ISIC_5826969,dermoscopic,600,450,23827,
ISIC_5828606,dermoscopic,600,450,19960,
ISIC_5829304,clinical: close-up,600,450,57572,
ISIC_5829840,dermoscopic,600,450,20758,
ISIC_5830124,dermoscopic,600,450,30217,
ISIC_5830376,dermoscopic,600,450,32187,
ISIC_5831158,dermoscopic,600,450,15540,
ISIC_5832081,dermoscopic,600,450,18742,
ISIC_5833236,dermoscopic,600,450,30681,
ISIC_5833579,dermoscopic,600,450,41056,
ISIC_5833727,clinical: close-up,600,450,38240,
ISIC_5834421,dermoscopic,600,450,25411,
ISIC_5835110,dermoscopic,600,450,24945,
ISIC_5835836,clinical: close-up,600,450,37947,
ISIC_5835958,dermoscopic,600,450,28580,
ISIC_5836006,clinical: close-up,600,450,43320,
ISIC_5836698,dermoscopic,600,450,28196,
ISIC_5836740,dermoscopic,600,450,18165,
ISIC_5836804,clinical: close-up,600,450,55352,
ISIC_5837451,dermoscopic,600,450,22109,
ISIC_5838920,clinical: close-up,600,450,43510,
ISIC_5838991,clinical: close-up,600,450,37058,
ISIC_5840837,clinical: close-up,600,450,60783,
ISIC_5841367,clinical: close-up,600,450,37656,
ISIC_5841767,dermoscopic,600,450,27006,
ISIC_5841896,dermoscopic,600,450,18573,
ISIC_5842417,clinical: close-up,600,450,46251,
ISIC_5842460,dermoscopic,600,450,17733,
ISIC_5844410,dermoscopic,600,450,34102,
ISIC_5845284,clinical: close-up,600,450,41351,
ISIC_5846378,clinical: close-up,600,450,34726,
ISIC_5846820,clinical: close-up,600,450,45784,
ISIC_5850185,dermoscopic,600,450,21037,
ISIC_5850719,dermoscopic,600,450,29571,
ISIC_5854998,dermoscopic,600,450,33820,
ISIC_5855684,clinical: close-up,600,450,38496,
ISIC_5856068,dermoscopic,600,450,44393,
ISIC_5856786,clinical: close-up,600,450,36579,
ISIC_5862938,clinical: close-up,600,450,31921,
ISIC_5863020,clinical: close-up,600,450,28139,
ISIC_5863516,dermoscopic,600,450,22606,
ISIC_5863762,dermoscopic,600,450,19664,
ISIC_5866382,clinical: close-up,600,450,52173,
ISIC_5866736,dermoscopic,600,450,24988,
ISIC_5866836,dermoscopic,600,450,31704,
ISIC_5867806,dermoscopic,600,450,23778,
ISIC_5868168,clinical: close-up,600,450,31283,
ISIC_5870525,dermoscopic,600,450,27192,
ISIC_5871089,clinical: close-up,600,450,50938,
ISIC_5872506,clinical: close-up,600,450,55009,
ISIC_5873094,dermoscopic,600,450,24556,
ISIC_5873586,dermoscopic,600,450,22151,
ISIC_5874846,dermoscopic,600,450,24305,
ISIC_5874977,clinical: close-up,600,450,48679,
ISIC_5876786,dermoscopic,600,450,23044,
ISIC_5879011,dermoscopic,600,450,39411,
ISIC_5879809,clinical: close-up,600,450,18791,
ISIC_5880013,dermoscopic,600,450,28257,
ISIC_5881121,clinical: close-up,600,450,57665,
ISIC_5881643,clinical: close-up,600,450,28297,
ISIC_5883189,dermoscopic,600,450,27107,
ISIC_5885112,clinical: close-up,600,450,33201,
ISIC_5888492,clinical: close-up,600,450,42352,
ISIC_5889637,clinical: close-up,600,450,33390,
ISIC_5889858,dermoscopic,600,450,21859,
ISIC_5891194,dermoscopic,600,450,18395,
ISIC_5891979,clinical: close-up,600,450,46567,
ISIC_5892185,clinical: close-up,600,450,38784,
ISIC_5892371,clinical: close-up,600,450,50707,
ISIC_5892391,clinical: close-up,600,450,55745,
ISIC_5892763,dermoscopic,600,450,28376,
ISIC_5893482,dermoscopic,600,450,25763,
ISIC_5893703,dermoscopic,600,450,29295,
ISIC_5894257,clinical: close-up,600,450,21671,
ISIC_5896495,clinical: close-up,600,450,34561,
ISIC_5896651,clinical: close-up,600,450,32722,
ISIC_5897869,dermoscopic,600,450,20869,
ISIC_5898651,clinical: close-up,600,450,46675,
ISIC_5899712,clinical: close-up,600,450,68692,
ISIC_5901264,dermoscopic,600,450,23720,
ISIC_5901436,dermoscopic,600,450,21134,
ISIC_5902397,clinical: close-up,600,450,38370,
ISIC_5902730,clinical: close-up,600,450,30426,
ISIC_5903044,dermoscopic,600,450,30463,
ISIC_5903611,dermoscopic,600,450,25901,
ISIC_5903776,clinical: close-up,600,450,39566,
ISIC_5904770,clinical: close-up,600,450,29273,
ISIC_5906534,clinical: close-up,600,450,34643,
ISIC_5908271,clinical: close-up,600,450,33630,
ISIC_5909840,dermoscopic,600,450,36418,
ISIC_5912360,dermoscopic,600,450,28535,
ISIC_5913482,dermoscopic,600,450,38879,
ISIC_5913999,clinical: close-up,600,450,51638,
ISIC_5916190,dermoscopic,600,450,42511,
ISIC_5918971,clinical: close-up,600,450,15773,
ISIC_5920610,dermoscopic,600,450,33888,
ISIC_5921357,clinical: close-up,600,450,36153,
ISIC_5922496,clinical: close-up,600,450,67169,
ISIC_5923153,dermoscopic,600,450,23750,
ISIC_5923228,dermoscopic,600,450,28018,
ISIC_5923764,clinical: close-up,600,450,33356,
ISIC_5923799,clinical: close-up,600,450,37199,
ISIC_5924611,clinical: close-up,600,450,60938,
ISIC_5925251,dermoscopic,600,450,29960,
ISIC_5925439,dermoscopic,600,450,33010,
ISIC_5925562,dermoscopic,600,450,22866,
ISIC_5927575,clinical: close-up,600,450,58987,
ISIC_5930151,clinical: close-up,600,450,50645,
ISIC_5930303,dermoscopic,600,450,28979,
ISIC_5930904,clinical: close-up,600,450,37634,
ISIC_5932619,clinical: close-up,600,450,30916,
ISIC_5932820,dermoscopic,600,450,52860,
ISIC_5933216,clinical: close-up,600,450,61303,
ISIC_5933489,dermoscopic,600,450,44075,
ISIC_5933605,clinical: close-up,600,450,41362,
ISIC_5933645,dermoscopic,600,450,30475,
ISIC_5934405,clinical: close-up,600,450,41705,
ISIC_5935086,dermoscopic,600,450,28399,
ISIC_5936023,clinical: close-up,600,450,41467,
ISIC_5936623,clinical: close-up,600,450,48905,
ISIC_5937588,dermoscopic,600,450,36326,
ISIC_5938313,dermoscopic,600,450,22263,
ISIC_5938890,dermoscopic,600,450,26215,
ISIC_5943320,dermoscopic,600,450,27407,
ISIC_5943733,clinical: close-up,600,450,43680,
ISIC_5944362,dermoscopic,600,450,21057,
ISIC_5944719,clinical: close-up,600,450,38126,
ISIC_5947061,dermoscopic,600,450,27434,
ISIC_5947091,clinical: close-up,600,450,29413,
ISIC_5947102,clinical: close-up,600,450,37083,
ISIC_5947248,dermoscopic,600,450,44687,
ISIC_5947742,clinical: close-up,600,450,34929,
ISIC_5949139,dermoscopic,600,450,25346,
ISIC_5950652,dermoscopic,600,450,57467,
ISIC_5951892,dermoscopic,600,450,34416,
ISIC_5953259,dermoscopic,600,450,23114,
ISIC_5953692,dermoscopic,600,450,27572,
ISIC_5953696,clinical: close-up,600,450,52257,
ISIC_5954681,clinical: close-up,600,450,36066,
ISIC_5957176,clinical: close-up,600,450,42780,
ISIC_5958284,dermoscopic,600,450,25963,
ISIC_5959720,clinical: close-up,600,450,23873,
ISIC_5959727,dermoscopic,600,450,43021,
ISIC_5960820,dermoscopic,600,450,16526,
ISIC_5962154,dermoscopic,600,450,23970,
ISIC_5962509,clinical: close-up,600,450,31911,
ISIC_5962854,dermoscopic,600,450,19833,
ISIC_5962932,dermoscopic,600,450,27265,
ISIC_5963071,dermoscopic,600,450,23058,
ISIC_5963269,clinical: close-up,600,450,45032,
ISIC_5965144,clinical: close-up,600,450,31779,
ISIC_5966582,clinical: close-up,600,450,76300,
ISIC_5966811,dermoscopic,600,450,22492,
ISIC_5967560,clinical: close-up,600,450,39129,
ISIC_5967889,dermoscopic,600,450,23314,
ISIC_5967951,clinical: close-up,600,450,37747,
ISIC_5968779,dermoscopic,600,450,30162,
ISIC_5972709,dermoscopic,600,450,16546,
ISIC_5973129,dermoscopic,600,450,23011,
ISIC_5975267,clinical: close-up,600,450,39309,
ISIC_5975949,clinical: close-up,600,450,34201,
ISIC_5977035,clinical: close-up,600,450,56184,
ISIC_5977103,dermoscopic,600,450,18053,
ISIC_5977837,clinical: close-up,600,450,28843,
ISIC_5978873,dermoscopic,600,450,33226,
ISIC_5979125,dermoscopic,600,450,24068,
ISIC_5979628,clinical: close-up,600,450,39894,
ISIC_5980977,dermoscopic,600,450,21844,
ISIC_5981777,dermoscopic,600,450,15365,
ISIC_5983030,dermoscopic,600,450,36679,
ISIC_5984406,clinical: close-up,600,450,37602,
ISIC_5984628,dermoscopic,600,450,31455,
ISIC_5984979,clinical: close-up,600,450,37443,
ISIC_5985397,clinical: close-up,600,450,41348,
ISIC_5985462,clinical: close-up,600,450,28137,
ISIC_5986238,dermoscopic,600,450,32028,
ISIC_5986993,clinical: close-up,600,450,33731,
ISIC_5987390,dermoscopic,600,450,25314,
ISIC_5989590,dermoscopic,600,450,21026,
ISIC_5990006,dermoscopic,600,450,18225,
ISIC_5991571,dermoscopic,600,450,32507,
ISIC_5992256,clinical: close-up,600,450,45115,
ISIC_5992562,dermoscopic,600,450,30699,
ISIC_5993206,dermoscopic,600,450,24081,
ISIC_5993711,clinical: close-up,600,450,31534,
ISIC_5993743,dermoscopic,600,450,31826,
ISIC_5994355,dermoscopic,600,450,30428,
ISIC_5995507,clinical: close-up,600,450,38892,
ISIC_5995935,dermoscopic,600,450,40651,
ISIC_5996604,dermoscopic,600,450,39782,
ISIC_5996846,dermoscopic,600,450,24691,
ISIC_5997052,dermoscopic,600,450,23840,
ISIC_5997076,dermoscopic,600,450,24911,
ISIC_5997631,clinical: close-up,600,450,35712,
ISIC_5997924,dermoscopic,600,450,22956,
ISIC_5998955,dermoscopic,600,450,17817,
ISIC_5999967,clinical: close-up,600,450,40390,
ISIC_6001166,clinical: close-up,600,450,27404,
ISIC_6002261,clinical: close-up,600,450,35650,
ISIC_6002458,clinical: close-up,600,450,23765,
ISIC_6003134,dermoscopic,600,450,25412,
ISIC_6005450,dermoscopic,600,450,24102,
ISIC_6005822,clinical: close-up,600,450,42465,
ISIC_6005871,dermoscopic,600,450,24699,
ISIC_6006215,clinical: close-up,600,450,49491,
ISIC_6007784,clinical: close-up,600,450,46773,
ISIC_6008036,clinical: close-up,600,450,38375,
ISIC_6013412,dermoscopic,600,450,24689,
ISIC_6013907,clinical: close-up,600,450,45719,
ISIC_6015386,clinical: close-up,600,450,55273,
ISIC_6016454,clinical: close-up,600,450,45298,
ISIC_6020001,dermoscopic,600,450,28190,
ISIC_6022197,dermoscopic,600,450,28538,
ISIC_6023245,dermoscopic,600,450,16576,
ISIC_6023488,clinical: close-up,600,450,35151,
ISIC_6023822,clinical: close-up,600,450,32054,
ISIC_6025998,dermoscopic,600,450,22530,
ISIC_6026183,dermoscopic,600,450,19542,
ISIC_6026220,clinical: close-up,600,450,42442,
ISIC_6026324,dermoscopic,600,450,29674,
ISIC_6027594,clinical: close-up,600,450,38627,
ISIC_6028688,dermoscopic,600,450,26748,
ISIC_6031825,clinical: close-up,600,450,16962,
ISIC_6033339,clinical: close-up,600,450,41571,
ISIC_6033345,clinical: close-up,600,450,44021,
ISIC_6033449,clinical: close-up,600,450,57776,
ISIC_6036586,dermoscopic,600,450,35895,
ISIC_6037847,clinical: close-up,600,450,35989,
ISIC_6038041,clinical: close-up,600,450,44936,
ISIC_6038047,clinical: close-up,600,450,40834,
ISIC_6038213,dermoscopic,600,450,25533,
ISIC_6038731,dermoscopic,600,450,35171,
ISIC_6039070,clinical: close-up,600,450,40952,
ISIC_6039074,dermoscopic,600,450,25788,
ISIC_6041310,clinical: close-up,600,450,36547,
ISIC_6042297,dermoscopic,600,450,31542,
ISIC_6043504,clinical: close-up,600,450,44941,
ISIC_6043617,dermoscopic,600,450,27547,
ISIC_6043649,dermoscopic,600,450,22300,
ISIC_6043805,clinical: close-up,600,450,41352,
ISIC_6044114,dermoscopic,600,450,24870,
ISIC_6044250,dermoscopic,600,450,33363,
ISIC_6044458,dermoscopic,600,450,24790,
ISIC_6044977,dermoscopic,600,450,41330,
ISIC_6044984,clinical: close-up,600,450,33117,
ISIC_6045266,dermoscopic,600,450,26875,
ISIC_6045854,dermoscopic,600,450,20059,
ISIC_6046943,dermoscopic,600,450,29311,
ISIC_6047038,clinical: close-up,600,450,30188,
ISIC_6047898,dermoscopic,600,450,29025,
ISIC_6048736,clinical: close-up,600,450,26627,
ISIC_6048752,dermoscopic,600,450,25780,
ISIC_6050192,clinical: close-up,600,450,44918,
ISIC_6053581,dermoscopic,600,450,26563,
ISIC_6055280,clinical: close-up,600,450,45017,
ISIC_6056059,clinical: close-up,600,450,40404,
ISIC_6058576,clinical: close-up,600,450,50748,
ISIC_6059802,clinical: close-up,600,450,37875,
ISIC_6061665,clinical: close-up,600,450,17250,
ISIC_6062128,dermoscopic,600,450,39253,
ISIC_6063074,dermoscopic,600,450,30394,
ISIC_6063897,dermoscopic,600,450,35374,
ISIC_6063928,clinical: close-up,600,450,26175,
ISIC_6065573,dermoscopic,600,450,33544,
ISIC_6069821,clinical: close-up,600,450,40047,
ISIC_6070426,dermoscopic,600,450,25549,
ISIC_6070480,clinical: close-up,600,450,41603,
ISIC_6070696,clinical: close-up,600,450,61298,
ISIC_6072439,clinical: close-up,600,450,54517,
ISIC_6072797,dermoscopic,600,450,23112,
ISIC_6074237,dermoscopic,600,450,23094,
ISIC_6074880,dermoscopic,600,450,31010,
ISIC_6076049,clinical: close-up,600,450,56442,
ISIC_6076241,clinical: close-up,600,450,41987,
ISIC_6076269,dermoscopic,600,450,26850,
ISIC_6077125,clinical: close-up,600,450,44237,
ISIC_6078508,dermoscopic,600,450,35114,
ISIC_6078907,dermoscopic,600,450,34733,
ISIC_6078911,clinical: close-up,600,450,21615,
ISIC_6078993,clinical: close-up,600,450,17803,
ISIC_6079632,dermoscopic,600,450,43783,
ISIC_6080382,clinical: close-up,600,450,46522,
ISIC_6082679,clinical: close-up,600,450,59570,
ISIC_6083072,clinical: close-up,600,450,39945,
ISIC_6085286,dermoscopic,600,450,31563,
ISIC_6087081,clinical: close-up,600,450,42089,
ISIC_6089148,dermoscopic,600,450,26790,
ISIC_6089668,clinical: close-up,600,450,27964,
ISIC_6092124,dermoscopic,600,450,25720,
ISIC_6093126,dermoscopic,600,450,24806,
ISIC_6097869,clinical: close-up,600,450,30572,
ISIC_6098668,dermoscopic,600,450,29272,
ISIC_6101727,dermoscopic,600,450,21938,
ISIC_6104937,dermoscopic,600,450,28030,
ISIC_6106457,clinical: close-up,600,450,54579,
ISIC_6110252,clinical: close-up,600,450,40988,
ISIC_6110952,clinical: close-up,600,450,50110,
ISIC_6111856,clinical: close-up,600,450,42871,
ISIC_6112801,clinical: close-up,600,450,41912,
ISIC_6112946,clinical: close-up,600,450,35728,
ISIC_6113465,clinical: close-up,600,450,38428,
ISIC_6114177,dermoscopic,600,450,27810,
ISIC_6114272,clinical: close-up,600,450,35417,
ISIC_6115342,dermoscopic,600,450,32298,
ISIC_6115571,clinical: close-up,600,450,53030,
ISIC_6115749,dermoscopic,600,450,24093,
ISIC_6116093,dermoscopic,600,450,27813,
ISIC_6119301,dermoscopic,600,450,30125,
ISIC_6119319,dermoscopic,600,450,25487,
ISIC_6119517,dermoscopic,600,450,28508,
ISIC_6119847,dermoscopic,600,450,62077,
ISIC_6120702,dermoscopic,600,450,45719,
ISIC_6121019,dermoscopic,600,450,16120,
ISIC_6121310,clinical: close-up,600,450,51767,
ISIC_6122024,clinical: close-up,600,450,27091,
ISIC_6123621,clinical: close-up,600,450,30900,
ISIC_6123844,clinical: close-up,600,450,25878,
ISIC_6124320,dermoscopic,600,450,26669,
ISIC_6125353,dermoscopic,600,450,53570,
ISIC_6125719,clinical: close-up,600,450,66260,
ISIC_6129735,dermoscopic,600,450,28303,
ISIC_6130175,clinical: close-up,600,450,43217,
ISIC_6131855,clinical: close-up,600,450,36563,
ISIC_6133264,dermoscopic,600,450,24933,
ISIC_6134081,dermoscopic,600,450,25400,
ISIC_6135860,clinical: close-up,600,450,37898,
ISIC_6136291,clinical: close-up,600,450,32836,
ISIC_6137075,dermoscopic,600,450,34053,
ISIC_6138103,dermoscopic,600,450,25546,
ISIC_6138256,clinical: close-up,600,450,38636,
ISIC_6138743,clinical: close-up,600,450,39050,
ISIC_6141128,dermoscopic,600,450,18719,
ISIC_6141356,dermoscopic,600,450,21003,
ISIC_6142601,clinical: close-up,600,450,51065,
ISIC_6142928,clinical: close-up,600,450,30224,
ISIC_6144096,dermoscopic,600,450,36669,
ISIC_6144246,clinical: close-up,600,450,46082,
ISIC_6145727,clinical: close-up,600,450,41764,
ISIC_6151299,clinical: close-up,600,450,25214,
ISIC_6155449,dermoscopic,600,450,31539,
ISIC_6158597,clinical: close-up,600,450,45084,
ISIC_6160419,dermoscopic,600,450,42296,
ISIC_6161217,dermoscopic,600,450,26766,
ISIC_6161362,dermoscopic,600,450,27844,
ISIC_6161975,dermoscopic,600,450,49544,
ISIC_6162564,dermoscopic,600,450,39130,
ISIC_6162714,dermoscopic,600,450,27279,
ISIC_6163759,clinical: close-up,600,450,43562,
ISIC_6164551,dermoscopic,600,450,31105,
ISIC_6166836,clinical: close-up,600,450,61533,
ISIC_6167082,clinical: close-up,600,450,38816,
ISIC_6167270,dermoscopic,600,450,25585,
ISIC_6167402,clinical: close-up,600,450,30719,
ISIC_6167789,dermoscopic,600,450,28424,
ISIC_6168154,clinical: close-up,600,450,41715,
ISIC_6168277,dermoscopic,600,450,16228,
ISIC_6168958,clinical: close-up,600,450,36217,
ISIC_6169732,clinical: close-up,600,450,38015,
ISIC_6170751,dermoscopic,600,450,29978,
ISIC_6170894,dermoscopic,600,450,38201,
ISIC_6171480,clinical: close-up,600,450,46311,
ISIC_6171588,dermoscopic,600,450,23876,
ISIC_6173661,dermoscopic,600,450,30142,
ISIC_6173678,clinical: close-up,600,450,52419,
ISIC_6174823,clinical: close-up,600,450,52163,
ISIC_6175134,clinical: close-up,600,450,30657,
ISIC_6175375,clinical: close-up,600,450,34895,
ISIC_6175607,clinical: close-up,600,450,39587,
ISIC_6175610,clinical: close-up,600,450,48432,
ISIC_6176256,dermoscopic,600,450,25677,
ISIC_6176939,dermoscopic,600,450,18887,
ISIC_6177577,dermoscopic,600,450,22024,
ISIC_6178342,clinical: close-up,600,450,33264,
ISIC_6181244,clinical: close-up,600,450,31751,
ISIC_6181707,clinical: close-up,600,450,42690,
ISIC_6182960,clinical: close-up,600,450,17436,
ISIC_6183115,clinical: close-up,600,450,38220,
ISIC_6183477,clinical: close-up,600,450,30531,
ISIC_6186797,dermoscopic,600,450,31524,
ISIC_6187812,clinical: close-up,600,450,28838,
ISIC_6190061,clinical: close-up,600,450,43328,
ISIC_6190757,dermoscopic,600,450,23223,
ISIC_6190923,clinical: close-up,600,450,35676,
ISIC_6191034,clinical: close-up,600,450,32868,
ISIC_6191797,clinical: close-up,600,450,32740,
ISIC_6192197,dermoscopic,600,450,21333,
ISIC_6193525,clinical: close-up,600,450,26801,
ISIC_6193755,clinical: close-up,600,450,41361,
ISIC_6193935,clinical: close-up,600,450,42277,
ISIC_6194754,clinical: close-up,600,450,50077,
ISIC_6195452,dermoscopic,600,450,35267,
ISIC_6195604,dermoscopic,600,450,26111,
ISIC_6196224,clinical: close-up,600,450,70748,
ISIC_6196546,dermoscopic,600,450,32608,
ISIC_6201208,dermoscopic,600,450,28716,
ISIC_6202224,dermoscopic,600,450,19413,
ISIC_6208118,clinical: close-up,600,450,44285,
ISIC_6210274,dermoscopic,600,450,24913,
ISIC_6212007,dermoscopic,600,450,45788,
ISIC_6212400,dermoscopic,600,450,39713,
ISIC_6212964,dermoscopic,600,450,24134,
ISIC_6213875,dermoscopic,600,450,21795,
ISIC_6214078,clinical: close-up,600,450,29305,
ISIC_6214871,clinical: close-up,600,450,32898,
ISIC_6216289,clinical: close-up,600,450,19314,
ISIC_6216368,clinical: close-up,600,450,29061,
ISIC_6217593,clinical: close-up,600,450,39826,
ISIC_6217625,clinical: close-up,600,450,48987,
ISIC_6218940,clinical: close-up,600,450,23880,
ISIC_6221334,dermoscopic,600,450,24176,
ISIC_6221556,dermoscopic,600,450,28691,
ISIC_6221926,clinical: close-up,600,450,41891,
ISIC_6222224,dermoscopic,600,450,27220,
ISIC_6222747,clinical: close-up,600,450,54639,
ISIC_6227786,dermoscopic,600,450,31677,
ISIC_6227794,clinical: close-up,600,450,38676,
ISIC_6228708,clinical: close-up,600,450,46882,
ISIC_6230570,clinical: close-up,600,450,46960,
ISIC_6234798,dermoscopic,600,450,38673,
ISIC_6235050,clinical: close-up,600,450,34720,
ISIC_6236484,dermoscopic,600,450,27666,
ISIC_6236784,clinical: close-up,600,450,29641,
ISIC_6239096,clinical: close-up,600,450,43863,
ISIC_6239365,dermoscopic,600,450,19632,
ISIC_6240958,clinical: close-up,600,450,46320,
ISIC_6241374,dermoscopic,600,450,32672,
ISIC_6241508,dermoscopic,600,450,22047,
ISIC_6241776,clinical: close-up,600,450,35260,
ISIC_6242060,clinical: close-up,600,450,29803,
ISIC_6242110,dermoscopic,600,450,31921,
ISIC_6245930,clinical: close-up,600,450,33940,
ISIC_6246107,dermoscopic,600,450,31609,
ISIC_6246297,clinical: close-up,600,450,43466,
ISIC_6248808,dermoscopic,600,450,21203,
ISIC_6250101,clinical: close-up,600,450,49841,
ISIC_6250232,dermoscopic,600,450,32145,
ISIC_6250586,dermoscopic,600,450,18838,
ISIC_6252155,clinical: close-up,600,450,40864,
ISIC_6252442,dermoscopic,600,450,19974,
ISIC_6252730,dermoscopic,600,450,38945,
ISIC_6254065,dermoscopic,600,450,32298,
ISIC_6254946,dermoscopic,600,450,19070,
ISIC_6256140,clinical: close-up,600,450,36027,
ISIC_6259246,dermoscopic,600,450,28970,
ISIC_6260438,clinical: close-up,600,450,49863,
ISIC_6261700,dermoscopic,600,450,31694,
ISIC_6262662,clinical: close-up,600,450,50531,
ISIC_6271290,dermoscopic,600,450,26798,
ISIC_6272354,dermoscopic,600,450,24279,
ISIC_6272878,dermoscopic,600,450,19318,
ISIC_6274759,clinical: close-up,600,450,48395,
ISIC_6276225,dermoscopic,600,450,28954,
ISIC_6277878,dermoscopic,600,450,23154,
ISIC_6277936,clinical: close-up,600,450,44338,
ISIC_6278796,clinical: close-up,600,450,45552,
ISIC_6278944,dermoscopic,600,450,28147,
ISIC_6279832,dermoscopic,600,450,26163,
ISIC_6280109,dermoscopic,600,450,25588,
ISIC_6285261,clinical: close-up,600,450,36590,
ISIC_6285557,clinical: close-up,600,450,45058,
ISIC_6287649,dermoscopic,600,450,38975,
ISIC_6287939,dermoscopic,600,450,26278,
ISIC_6288293,dermoscopic,600,450,24679,
ISIC_6289625,clinical: close-up,600,450,41462,
ISIC_6289650,dermoscopic,600,450,34098,
ISIC_6290373,clinical: close-up,600,450,40158,
ISIC_6290458,dermoscopic,600,450,34812,
ISIC_6291927,clinical: close-up,600,450,28891,
ISIC_6292733,clinical: close-up,600,450,45027,
ISIC_6293492,dermoscopic,600,450,31230,
ISIC_6294166,dermoscopic,600,450,25442,
ISIC_6294381,clinical: close-up,600,450,36465,
ISIC_6295397,dermoscopic,600,450,26731,
ISIC_6296087,dermoscopic,600,450,28791,
ISIC_6297552,dermoscopic,600,450,24192,
ISIC_6297733,dermoscopic,600,450,27099,
ISIC_6298290,clinical: close-up,600,450,56785,
ISIC_6300467,clinical: close-up,600,450,69070,
ISIC_6300729,clinical: close-up,600,450,50606,
ISIC_6303124,dermoscopic,600,450,26168,
ISIC_6303187,dermoscopic,600,450,35138,
ISIC_6303646,clinical: close-up,600,450,41725,
ISIC_6305309,dermoscopic,600,450,33843,
ISIC_6305500,dermoscopic,600,450,26803,
ISIC_6306620,dermoscopic,600,450,21909,
ISIC_6311996,clinical: close-up,600,450,30810,
ISIC_6312254,dermoscopic,600,450,20028,
ISIC_6312345,dermoscopic,600,450,28511,
ISIC_6313303,clinical: close-up,600,450,34275,
ISIC_6314287,dermoscopic,600,450,29572,
ISIC_6314890,dermoscopic,600,450,29952,
ISIC_6315101,clinical: close-up,600,450,54320,
ISIC_6315760,dermoscopic,600,450,17084,
ISIC_6317276,clinical: close-up,600,450,41646,
ISIC_6318069,clinical: close-up,600,450,39429,
ISIC_6318075,clinical: close-up,600,450,36451,
ISIC_6318524,dermoscopic,600,450,27205,
ISIC_6319452,clinical: close-up,600,450,49544,
ISIC_6320048,dermoscopic,600,450,25241,
ISIC_6321631,clinical: close-up,600,450,30595,
ISIC_6323263,dermoscopic,600,450,28483,
ISIC_6325623,dermoscopic,600,450,24928,
ISIC_6327414,dermoscopic,600,450,24815,
ISIC_6327728,dermoscopic,600,450,27437,
ISIC_6327820,clinical: close-up,600,450,37488,
ISIC_6328753,clinical: close-up,600,450,37429,
ISIC_6328900,clinical: close-up,600,450,35272,
ISIC_6330968,dermoscopic,600,450,25728,
ISIC_6332308,dermoscopic,600,450,25287,
ISIC_6333133,dermoscopic,600,450,43131,
ISIC_6333987,dermoscopic,600,450,15703,
ISIC_6334226,clinical: close-up,600,450,34933,
ISIC_6335160,clinical: close-up,600,450,37583,
ISIC_6335386,dermoscopic,600,450,30282,
ISIC_6336489,clinical: close-up,600,450,21821,
ISIC_6336649,clinical: close-up,600,450,37438,
ISIC_6337323,dermoscopic,600,450,13397,
ISIC_6338368,dermoscopic,600,450,30055,
ISIC_6339347,dermoscopic,600,450,27219,
ISIC_6340932,clinical: close-up,600,450,23117,
ISIC_6342177,dermoscopic,600,450,37332,
ISIC_6343807,clinical: close-up,600,450,30795,
ISIC_6344855,dermoscopic,600,450,20240,
ISIC_6345022,clinical: close-up,600,450,51667,
ISIC_6347418,dermoscopic,600,450,26057,
ISIC_6347449,clinical: close-up,600,450,23937,
ISIC_6347753,dermoscopic,600,450,17759,
ISIC_6348068,dermoscopic,600,450,19263,
ISIC_6349110,dermoscopic,600,450,21867,
ISIC_6349779,dermoscopic,600,450,54189,
ISIC_6350988,clinical: close-up,600,450,41657,
ISIC_6351671,dermoscopic,600,450,39955,
ISIC_6352343,dermoscopic,600,450,30660,
ISIC_6353654,dermoscopic,600,450,24618,
ISIC_6354001,dermoscopic,600,450,25399,
ISIC_6355154,dermoscopic,600,450,32951,
ISIC_6356372,dermoscopic,600,450,16597,
ISIC_6356942,dermoscopic,600,450,28456,
ISIC_6357740,dermoscopic,600,450,18917,
ISIC_6358122,clinical: close-up,600,450,27170,
ISIC_6358411,dermoscopic,600,450,23966,
ISIC_6358504,dermoscopic,600,450,43760,
ISIC_6359039,clinical: close-up,600,450,34091,
ISIC_6360071,dermoscopic,600,450,20046,
ISIC_6361233,clinical: close-up,600,450,25489,
ISIC_6361677,clinical: close-up,600,450,35443,
ISIC_6362082,dermoscopic,600,450,30891,
ISIC_6362619,clinical: close-up,600,450,26034,
ISIC_6363175,clinical: close-up,600,450,31910,
ISIC_6363473,clinical: close-up,600,450,37141,
ISIC_6364449,clinical: close-up,600,450,36599,
ISIC_6365045,clinical: close-up,600,450,38964,
ISIC_6365088,dermoscopic,600,450,51390,
ISIC_6365827,clinical: close-up,600,450,33630,
ISIC_6365981,dermoscopic,600,450,32311,
ISIC_6366299,clinical: close-up,600,450,52552,
ISIC_6366384,dermoscopic,600,450,29645,
ISIC_6366558,clinical: close-up,600,450,35652,
ISIC_6367091,dermoscopic,600,450,25633,
ISIC_6367931,dermoscopic,600,450,34251,
ISIC_6368553,clinical: close-up,600,450,31243,
ISIC_6368798,dermoscopic,600,450,21731,
ISIC_6369423,clinical: close-up,600,450,39621,
ISIC_6372109,clinical: close-up,600,450,53317,
ISIC_6372573,clinical: close-up,600,450,34540,
ISIC_6373409,dermoscopic,600,450,24819,
ISIC_6374674,dermoscopic,600,450,23840,
ISIC_6376058,clinical: close-up,600,450,39590,
ISIC_6376325,dermoscopic,600,450,30256,
ISIC_6376654,clinical: close-up,600,450,32428,
ISIC_6378396,dermoscopic,600,450,20268,
ISIC_6383214,dermoscopic,600,450,23497,
ISIC_6383216,dermoscopic,600,450,30193,
ISIC_6384870,dermoscopic,600,450,28059,
ISIC_6385276,clinical: close-up,600,450,50958,
ISIC_6385484,clinical: close-up,600,450,31214,
ISIC_6387236,clinical: close-up,600,450,62511,
ISIC_6389005,dermoscopic,600,450,19267,
ISIC_6389514,dermoscopic,600,450,31233,
ISIC_6391608,clinical: close-up,600,450,43899,
ISIC_6391693,dermoscopic,600,450,19581,
ISIC_6393409,clinical: close-up,600,450,44059,
ISIC_6394582,dermoscopic,600,450,21873,
ISIC_6396169,dermoscopic,600,450,26436,
ISIC_6400148,dermoscopic,600,450,31756,
ISIC_6401647,dermoscopic,600,450,19673,
ISIC_6402697,clinical: close-up,600,450,46796,
ISIC_6402943,dermoscopic,600,450,19566,
ISIC_6403341,dermoscopic,600,450,34348,
ISIC_6404972,clinical: close-up,600,450,53367,
ISIC_6405078,dermoscopic,600,450,27640,
ISIC_6405109,clinical: close-up,600,450,38352,
ISIC_6405124,clinical: close-up,600,450,40473,
ISIC_6408424,clinical: close-up,600,450,43115,
ISIC_6409368,dermoscopic,600,450,21436,
ISIC_6409954,dermoscopic,600,450,29202,
ISIC_6412771,clinical: close-up,600,450,45517,
ISIC_6415417,dermoscopic,600,450,23132,
ISIC_6416950,dermoscopic,600,450,20392,
ISIC_6417102,dermoscopic,600,450,22307,
ISIC_6417205,dermoscopic,600,450,25530,
ISIC_6418734,dermoscopic,600,450,21392,
ISIC_6419369,clinical: close-up,600,450,40853,
ISIC_6420151,dermoscopic,600,450,24206,
ISIC_6421085,dermoscopic,600,450,22420,
ISIC_6421198,clinical: close-up,600,450,52397,
ISIC_6422570,clinical: close-up,600,450,42529,
ISIC_6423450,dermoscopic,600,450,24986,
ISIC_6424694,clinical: close-up,600,450,42791,
ISIC_6425898,dermoscopic,600,450,29460,
ISIC_6428004,dermoscopic,600,450,29147,
ISIC_6428132,dermoscopic,600,450,30335,
ISIC_6428254,dermoscopic,600,450,19445,
ISIC_6428825,clinical: close-up,600,450,40610,
ISIC_6428982,clinical: close-up,600,450,36921,
ISIC_6429343,dermoscopic,600,450,28375,
ISIC_6433212,clinical: close-up,600,450,51039,
ISIC_6433757,clinical: close-up,600,450,48864,
ISIC_6434822,dermoscopic,600,450,35557,
ISIC_6435029,dermoscopic,600,450,23389,
ISIC_6435462,dermoscopic,600,450,30094,
ISIC_6437956,clinical: close-up,600,450,40039,
ISIC_6438673,clinical: close-up,600,450,33141,
ISIC_6440668,dermoscopic,600,450,31324,
ISIC_6442452,dermoscopic,600,450,37289,
ISIC_6444211,dermoscopic,600,450,43115,
ISIC_6444803,clinical: close-up,600,450,39806,
ISIC_6447813,dermoscopic,600,450,29987,
ISIC_6449173,clinical: close-up,600,450,43112,
ISIC_6450883,clinical: close-up,600,450,45887,
ISIC_6450911,clinical: close-up,600,450,46413,
ISIC_6451061,dermoscopic,600,450,33288,
ISIC_6451701,dermoscopic,600,450,20917,
ISIC_6453932,clinical: close-up,600,450,33114,
ISIC_6454913,dermoscopic,600,450,24005,
ISIC_6455103,clinical: close-up,600,450,32689,
ISIC_6455546,clinical: close-up,600,450,28218,
ISIC_6455558,dermoscopic,600,450,26046,
ISIC_6457111,dermoscopic,600,450,28367,
ISIC_6457249,dermoscopic,600,450,22298,
ISIC_6457838,clinical: close-up,600,450,33399,
ISIC_6458495,dermoscopic,600,450,35300,
ISIC_6458884,dermoscopic,600,450,29937,
ISIC_6460339,clinical: close-up,600,450,42325,
ISIC_6461356,dermoscopic,600,450,16857,
ISIC_6462791,dermoscopic,600,450,29587,
ISIC_6465036,clinical: close-up,600,450,43027,
ISIC_6465119,dermoscopic,600,450,48201,
ISIC_6465943,clinical: close-up,600,450,34310,
ISIC_6467453,dermoscopic,600,450,30178,
ISIC_6467881,dermoscopic,600,450,29417,
ISIC_6467926,clinical: close-up,600,450,55046,
ISIC_6469024,dermoscopic,600,450,26829,
ISIC_6469131,clinical: close-up,600,450,49391,
ISIC_6469847,dermoscopic,600,450,18452,
ISIC_6470630,dermoscopic,600,450,47811,
ISIC_6473978,clinical: close-up,600,450,36524,
ISIC_6475371,dermoscopic,600,450,36541,
ISIC_6475622,dermoscopic,600,450,24024,
ISIC_6476734,clinical: close-up,600,450,49072,
ISIC_6477645,clinical: close-up,600,450,38634,
ISIC_6479651,clinical: close-up,600,450,49035,
ISIC_6480143,dermoscopic,600,450,38520,
ISIC_6480550,clinical: close-up,600,450,54039,
ISIC_6481562,clinical: close-up,600,450,40432,
ISIC_6483899,clinical: close-up,600,450,36237,
ISIC_6484434,clinical: close-up,600,450,41407,
ISIC_6484641,dermoscopic,600,450,23830,
ISIC_6484898,clinical: close-up,600,450,58582,
ISIC_6484938,dermoscopic,600,450,22307,
ISIC_6485726,clinical: close-up,600,450,44899,
ISIC_6485921,clinical: close-up,600,450,44464,
ISIC_6486344,clinical: close-up,600,450,41795,
ISIC_6486784,dermoscopic,600,450,29664,
ISIC_6487282,clinical: close-up,600,450,48020,
ISIC_6488682,dermoscopic,600,450,21957,
ISIC_6491504,clinical: close-up,600,450,34885,
ISIC_6491752,clinical: close-up,600,450,28956,
ISIC_6492760,clinical: close-up,600,450,28576,
ISIC_6494733,dermoscopic,600,450,30992,
ISIC_6499536,clinical: close-up,600,450,35320,
ISIC_6500642,dermoscopic,600,450,27447,
ISIC_6503533,dermoscopic,600,450,18576,
ISIC_6503857,clinical: close-up,600,450,52242,
ISIC_6505724,clinical: close-up,600,450,44533,
ISIC_6506817,clinical: close-up,600,450,42387,
ISIC_6508139,dermoscopic,600,450,26739,
ISIC_6508531,dermoscopic,600,450,33760,
ISIC_6508737,dermoscopic,600,450,28788,
ISIC_6511262,clinical: close-up,600,450,46062,
ISIC_6511897,dermoscopic,600,450,30879,
ISIC_6513947,clinical: close-up,600,450,35330,
ISIC_6513986,clinical: close-up,600,450,56142,
ISIC_6517004,clinical: close-up,600,450,45357,
ISIC_6517752,clinical: close-up,600,450,24586,
ISIC_6517818,clinical: close-up,600,450,42058,
ISIC_6518344,clinical: close-up,600,450,21855,
ISIC_6519570,clinical: close-up,600,450,36605,
ISIC_6521283,clinical: close-up,600,450,56438,
ISIC_6522135,dermoscopic,600,450,20216,
ISIC_6523987,clinical: close-up,600,450,37084,
ISIC_6524360,dermoscopic,600,450,32529,
ISIC_6527571,dermoscopic,600,450,26093,
ISIC_6529382,clinical: close-up,600,450,38881,
ISIC_6529674,dermoscopic,600,450,37907,
ISIC_6532286,dermoscopic,600,450,23224,
ISIC_6533290,clinical: close-up,600,450,45573,
ISIC_6533664,clinical: close-up,600,450,42652,
ISIC_6534601,clinical: close-up,600,450,37084,
ISIC_6535679,clinical: close-up,600,450,53289,
ISIC_6537586,dermoscopic,600,450,44673,
ISIC_6537636,clinical: close-up,600,450,40103,
ISIC_6538108,dermoscopic,600,450,28838,
ISIC_6538197,clinical: close-up,600,450,46761,
ISIC_6538645,dermoscopic,600,450,18685,
ISIC_6539237,dermoscopic,600,450,31004,
ISIC_6539281,dermoscopic,600,450,35401,
ISIC_6543284,dermoscopic,600,450,26767,
ISIC_6544356,clinical: close-up,600,450,24134,
ISIC_6545015,dermoscopic,600,450,23386,
ISIC_6545294,dermoscopic,600,450,35900,
ISIC_6546601,clinical: close-up,600,450,38419,
ISIC_6548664,clinical: close-up,600,450,35269,
ISIC_6548919,dermoscopic,600,450,27112,
ISIC_6550385,clinical: close-up,600,450,37255,
ISIC_6550491,dermoscopic,600,450,31237,
ISIC_6550575,dermoscopic,600,450,26060,
ISIC_6550801,dermoscopic,600,450,25682,
ISIC_6551027,dermoscopic,600,450,40536,
ISIC_6551157,clinical: close-up,600,450,39455,
ISIC_6551749,dermoscopic,600,450,28756,
ISIC_6552603,clinical: close-up,600,450,24922,
ISIC_6553055,dermoscopic,600,450,28887,
ISIC_6555872,clinical: close-up,600,450,45597,
ISIC_6556418,clinical: close-up,600,450,34170,
ISIC_6558065,dermoscopic,600,450,22917,
ISIC_6558326,dermoscopic,600,450,25006,
ISIC_6559313,dermoscopic,600,450,41545,
ISIC_6560005,clinical: close-up,600,450,39694,
ISIC_6561654,dermoscopic,600,450,27084,
ISIC_6562442,dermoscopic,600,450,35740,
ISIC_6562880,dermoscopic,600,450,30830,
ISIC_6562927,clinical: close-up,600,450,50860,
ISIC_6563482,clinical: close-up,600,450,43193,
ISIC_6563965,dermoscopic,600,450,39707,
ISIC_6564259,clinical: close-up,600,450,51286,
ISIC_6565806,clinical: close-up,600,450,37062,
ISIC_6566236,clinical: close-up,600,450,47342,
ISIC_6566937,clinical: close-up,600,450,32496,
ISIC_6566959,clinical: close-up,600,450,33683,
ISIC_6567490,dermoscopic,600,450,38869,
ISIC_6568898,clinical: close-up,600,450,28330,
ISIC_6569850,dermoscopic,600,450,27364,
ISIC_6571694,clinical: close-up,600,450,41942,
ISIC_6573003,clinical: close-up,600,450,28082,
ISIC_6573433,clinical: close-up,600,450,42129,
ISIC_6573445,clinical: close-up,600,450,98168,
ISIC_6576436,dermoscopic,600,450,30860,
ISIC_6576845,clinical: close-up,600,450,30812,
ISIC_6576920,clinical: close-up,600,450,39392,
ISIC_6578156,clinical: close-up,600,450,39664,
ISIC_6579356,clinical: close-up,600,450,25887,
ISIC_6580142,clinical: close-up,600,450,45060,
ISIC_6580622,dermoscopic,600,450,24592,
ISIC_6580770,clinical: close-up,600,450,37162,
ISIC_6581346,clinical: close-up,600,450,34894,
ISIC_6581571,dermoscopic,600,450,31675,
ISIC_6581608,dermoscopic,600,450,23358,
ISIC_6582004,dermoscopic,600,450,23723,
ISIC_6583245,dermoscopic,600,450,23063,
ISIC_6583340,clinical: close-up,600,450,49673,
ISIC_6583732,clinical: close-up,600,450,42207,
ISIC_6584815,dermoscopic,600,450,44533,
ISIC_6587157,clinical: close-up,600,450,38626,
ISIC_6588275,dermoscopic,600,450,26129,
ISIC_6588395,dermoscopic,600,450,61585,
ISIC_6588483,clinical: close-up,600,450,64397,
ISIC_6589696,dermoscopic,600,450,30561,
ISIC_6590195,dermoscopic,600,450,25369,
ISIC_6590453,dermoscopic,600,450,35853,
ISIC_6590580,dermoscopic,600,450,21339,
ISIC_6591439,clinical: close-up,600,450,40022,
ISIC_6593095,clinical: close-up,600,450,37185,
ISIC_6593403,clinical: close-up,600,450,51765,
ISIC_6595206,clinical: close-up,600,450,34491,
ISIC_6595434,clinical: close-up,600,450,50249,
ISIC_6595713,dermoscopic,600,450,39919,
ISIC_6596926,dermoscopic,600,450,24224,
ISIC_6597463,clinical: close-up,600,450,38854,
ISIC_6597735,clinical: close-up,600,450,30315,
ISIC_6598411,clinical: close-up,600,450,48886,
ISIC_6598962,clinical: close-up,600,450,42135,
ISIC_6600474,clinical: close-up,600,450,38261,
ISIC_6600475,dermoscopic,600,450,22021,
ISIC_6601126,dermoscopic,600,450,40853,
ISIC_6601890,clinical: close-up,600,450,42935,
ISIC_6602302,dermoscopic,600,450,24230,
ISIC_6603218,clinical: close-up,600,450,48215,
ISIC_6603451,dermoscopic,600,450,24450,
ISIC_6603709,dermoscopic,600,450,41427,
ISIC_6605295,clinical: close-up,600,450,40529,
ISIC_6606816,clinical: close-up,600,450,22519,
ISIC_6608996,clinical: close-up,600,450,36154,
ISIC_6609894,clinical: close-up,600,450,47203,
ISIC_6610991,clinical: close-up,600,450,44123,
ISIC_6611061,dermoscopic,600,450,19498,
ISIC_6612352,clinical: close-up,600,450,38620,
ISIC_6612848,dermoscopic,600,450,20626,
ISIC_6613152,clinical: close-up,600,450,32175,
ISIC_6614371,dermoscopic,600,450,29143,
ISIC_6614498,dermoscopic,600,450,24542,
ISIC_6615782,dermoscopic,600,450,28830,
ISIC_6616937,dermoscopic,600,450,21154,
ISIC_6617227,clinical: close-up,600,450,39302,
ISIC_6618250,dermoscopic,600,450,30650,
ISIC_6620223,clinical: close-up,600,450,44388,
ISIC_6622403,dermoscopic,600,450,14668,
ISIC_6623298,dermoscopic,600,450,30584,
ISIC_6625178,clinical: close-up,600,450,46434,
ISIC_6625361,clinical: close-up,600,450,33450,
ISIC_6625754,clinical: close-up,600,450,52316,
ISIC_6626242,dermoscopic,600,450,20027,
ISIC_6629495,clinical: close-up,600,450,31441,
ISIC_6629742,clinical: close-up,600,450,25938,
ISIC_6630088,clinical: close-up,600,450,38811,
ISIC_6631462,dermoscopic,600,450,31960,
ISIC_6634268,clinical: close-up,600,450,42222,
ISIC_6634769,dermoscopic,600,450,29909,
ISIC_6635963,dermoscopic,600,450,29396,
ISIC_6636694,dermoscopic,600,450,33728,
ISIC_6638137,dermoscopic,600,450,36236,
ISIC_6638374,dermoscopic,600,450,28698,
ISIC_6638547,dermoscopic,600,450,19429,
ISIC_6639016,dermoscopic,600,450,29212,
ISIC_6639957,dermoscopic,600,450,26349,
ISIC_6640040,dermoscopic,600,450,21654,
ISIC_6640885,clinical: close-up,600,450,43653,
ISIC_6642031,dermoscopic,600,450,22982,
ISIC_6642568,clinical: close-up,600,450,40393,
ISIC_6642775,clinical: close-up,600,450,34197,
ISIC_6645684,dermoscopic,600,450,26893,
ISIC_6646415,clinical: close-up,600,450,40618,
ISIC_6648449,dermoscopic,600,450,29981,
ISIC_6648628,dermoscopic,600,450,28890,
ISIC_6650890,clinical: close-up,600,450,38899,
ISIC_6651888,dermoscopic,600,450,23949,
ISIC_6653326,dermoscopic,600,450,38609,
ISIC_6653595,dermoscopic,600,450,22720,
ISIC_6654586,dermoscopic,600,450,39491,
ISIC_6655070,dermoscopic,600,450,28782,
ISIC_6657446,dermoscopic,600,450,30101,
ISIC_6657890,dermoscopic,600,450,32425,
ISIC_6657999,clinical: close-up,600,450,65725,
ISIC_6660770,clinical: close-up,600,450,31617,
ISIC_6662978,dermoscopic,600,450,34362,
ISIC_6664237,dermoscopic,600,450,15178,
ISIC_6664385,dermoscopic,600,450,32704,
ISIC_6665062,clinical: close-up,600,450,51595,
ISIC_6667520,clinical: close-up,600,450,46655,
ISIC_6669060,clinical: close-up,600,450,41138,
ISIC_6670414,clinical: close-up,600,450,37890,
ISIC_6671359,clinical: close-up,600,450,44024,
ISIC_6672065,dermoscopic,600,450,21195,
ISIC_6674353,clinical: close-up,600,450,42894,
ISIC_6676782,clinical: close-up,600,450,42333,
ISIC_6677597,clinical: close-up,600,450,42697,
ISIC_6678187,dermoscopic,600,450,16263,
ISIC_6679416,clinical: close-up,600,450,36643,
ISIC_6679588,dermoscopic,600,450,18409,
ISIC_6681430,clinical: close-up,600,450,38210,
ISIC_6684563,clinical: close-up,600,450,42861,
ISIC_6685057,clinical: close-up,600,450,35836,
ISIC_6685424,dermoscopic,600,450,27767,
ISIC_6685680,dermoscopic,600,450,28522,
ISIC_6687699,clinical: close-up,600,450,44484,
ISIC_6688178,dermoscopic,600,450,27583,
ISIC_6689453,dermoscopic,600,450,20445,
ISIC_6690222,dermoscopic,600,450,27625,
ISIC_6691035,dermoscopic,600,450,29315,
ISIC_6691676,dermoscopic,600,450,70003,
ISIC_6693050,dermoscopic,600,450,20712,
ISIC_6693138,dermoscopic,600,450,23099,
ISIC_6694775,clinical: close-up,600,450,46788,
ISIC_6698584,clinical: close-up,600,450,37067,
ISIC_6698671,dermoscopic,600,450,32920,
ISIC_6698922,dermoscopic,600,450,21482,
ISIC_6699542,clinical: close-up,600,450,48914,
ISIC_6699904,clinical: close-up,600,450,36065,
ISIC_6700837,clinical: close-up,600,450,28788,
ISIC_6703068,clinical: close-up,600,450,40310,
ISIC_6703202,dermoscopic,600,450,29870,
ISIC_6704553,clinical: close-up,600,450,30158,
ISIC_6704813,dermoscopic,600,450,26261,
ISIC_6705014,clinical: close-up,600,450,36074,
ISIC_6705033,clinical: close-up,600,450,43047,
ISIC_6705073,dermoscopic,600,450,30545,
ISIC_6705181,clinical: close-up,600,450,39498,
ISIC_6705726,clinical: close-up,600,450,52968,
ISIC_6706263,clinical: close-up,600,450,47600,
ISIC_6707935,dermoscopic,600,450,21449,
ISIC_6708834,clinical: close-up,600,450,48522,
ISIC_6710161,dermoscopic,600,450,25029,
ISIC_6712731,dermoscopic,600,450,27471,
ISIC_6712916,dermoscopic,600,450,26790,
ISIC_6713718,clinical: close-up,600,450,39531,
ISIC_6713938,clinical: close-up,600,450,46171,
ISIC_6714325,dermoscopic,600,450,27760,
ISIC_6715416,dermoscopic,600,450,19300,
ISIC_6716486,clinical: close-up,600,450,34364,
ISIC_6717021,clinical: close-up,600,450,35247,
ISIC_6717455,dermoscopic,600,450,24569,
ISIC_6719081,dermoscopic,600,450,18017,
ISIC_6720006,dermoscopic,600,450,26122,
ISIC_6720121,clinical: close-up,600,450,32710,
ISIC_6724521,clinical: close-up,600,450,43405,
ISIC_6725643,clinical: close-up,600,450,33351,
ISIC_6725841,dermoscopic,600,450,30297,
ISIC_6728668,clinical: close-up,600,450,47461,
ISIC_6730312,dermoscopic,600,450,26710,
ISIC_6730946,dermoscopic,600,450,25374,
ISIC_6731532,clinical: close-up,600,450,35517,
ISIC_6731947,clinical: close-up,600,450,37196,
ISIC_6733219,clinical: close-up,600,450,52698,
ISIC_6735110,dermoscopic,600,450,29715,
ISIC_6736703,clinical: close-up,600,450,50371,
ISIC_6738813,dermoscopic,600,450,25730,
ISIC_6738908,dermoscopic,600,450,26534,
ISIC_6739483,dermoscopic,600,450,21235,
ISIC_6739511,clinical: close-up,600,450,41320,
ISIC_6744907,clinical: close-up,600,450,38432,
ISIC_6745607,dermoscopic,600,450,24701,
ISIC_6746042,clinical: close-up,600,450,41025,
ISIC_6746536,clinical: close-up,600,450,56918,
ISIC_6747251,dermoscopic,600,450,27503,
ISIC_6747832,dermoscopic,600,450,17077,
ISIC_6747902,dermoscopic,600,450,17991,
ISIC_6747915,dermoscopic,600,450,27374,
ISIC_6748152,dermoscopic,600,450,17668,
ISIC_6748737,clinical: close-up,600,450,44808,
ISIC_6748961,clinical: close-up,600,450,56098,
ISIC_6749742,dermoscopic,600,450,36971,
ISIC_6751355,dermoscopic,600,450,23619,
ISIC_6751695,clinical: close-up,600,450,33291,
ISIC_6752467,clinical: close-up,600,450,47257,
ISIC_6753928,clinical: close-up,600,450,29116,
ISIC_6754024,dermoscopic,600,450,35786,
ISIC_6754150,dermoscopic,600,450,29131,
ISIC_6755281,dermoscopic,600,450,25793,
ISIC_6756079,clinical: close-up,600,450,31622,
ISIC_6757914,dermoscopic,600,450,26535,
ISIC_6759359,dermoscopic,600,450,25571,
ISIC_6760472,clinical: close-up,600,450,46782,
ISIC_6760541,dermoscopic,600,450,29401,
ISIC_6761603,clinical: close-up,600,450,46307,
ISIC_6761948,clinical: close-up,600,450,40083,
ISIC_6765536,dermoscopic,600,450,18257,
ISIC_6765907,clinical: close-up,600,450,36837,
ISIC_6767738,clinical: close-up,600,450,40059,
ISIC_6769979,dermoscopic,600,450,34019,
ISIC_6770901,clinical: close-up,600,450,31874,
ISIC_6771167,clinical: close-up,600,450,21326,
ISIC_6771998,dermoscopic,600,450,21399,
ISIC_6773425,clinical: close-up,600,450,48295,
ISIC_6773668,dermoscopic,600,450,24827,
ISIC_6775433,dermoscopic,600,450,28805,
ISIC_6775663,dermoscopic,600,450,20484,
ISIC_6777374,clinical: close-up,600,450,31913,
ISIC_6780849,dermoscopic,600,450,37239,
ISIC_6780966,dermoscopic,600,450,23136,
ISIC_6781208,dermoscopic,600,450,18266,
ISIC_6782031,dermoscopic,600,450,26432,
ISIC_6782350,clinical: close-up,600,450,41015,
ISIC_6783253,dermoscopic,600,450,28310,
ISIC_6784471,dermoscopic,600,450,42192,
ISIC_6785657,dermoscopic,600,450,24806,
ISIC_6786577,clinical: close-up,600,450,36326,
ISIC_6787367,dermoscopic,600,450,31921,
ISIC_6788333,dermoscopic,600,450,18690,
ISIC_6788918,clinical: close-up,600,450,49951,
ISIC_6789387,clinical: close-up,600,450,30656,
ISIC_6790299,clinical: close-up,600,450,39068,
ISIC_6790517,dermoscopic,600,450,35283,
ISIC_6791466,dermoscopic,600,450,21855,
ISIC_6792624,clinical: close-up,600,450,47007,
ISIC_6795403,clinical: close-up,600,450,47683,
ISIC_6795963,dermoscopic,600,450,22626,
ISIC_6796955,dermoscopic,600,450,25088,
ISIC_6801081,dermoscopic,600,450,34051,
ISIC_6803790,clinical: close-up,600,450,33978,
ISIC_6806266,dermoscopic,600,450,30164,
ISIC_6806797,clinical: close-up,600,450,53853,
ISIC_6806931,clinical: close-up,600,450,37198,
ISIC_6810372,clinical: close-up,600,450,39457,
ISIC_6810466,clinical: close-up,600,450,40279,
ISIC_6814138,clinical: close-up,600,450,52270,
ISIC_6818303,dermoscopic,600,450,29950,
ISIC_6818815,clinical: close-up,600,450,41271,
ISIC_6819573,dermoscopic,600,450,29682,
ISIC_6819805,dermoscopic,600,450,22890,
ISIC_6820101,clinical: close-up,600,450,57802,
ISIC_6822533,dermoscopic,600,450,20061,
ISIC_6823624,clinical: close-up,600,450,41937,
ISIC_6823826,clinical: close-up,600,450,31484,
ISIC_6824445,clinical: close-up,600,450,35758,
ISIC_6825359,dermoscopic,600,450,14804,
ISIC_6827856,clinical: close-up,600,450,46763,
ISIC_6827974,dermoscopic,600,450,23010,
ISIC_6829175,clinical: close-up,600,450,36767,
ISIC_6831182,clinical: close-up,600,450,41432,
ISIC_6831651,dermoscopic,600,450,29105,
ISIC_6831946,clinical: close-up,600,450,35646,
ISIC_6833525,dermoscopic,600,450,22705,
ISIC_6834207,clinical: close-up,600,450,41975,
ISIC_6835241,dermoscopic,600,450,23364,
ISIC_6838452,clinical: close-up,600,450,53117,
ISIC_6838890,dermoscopic,600,450,17474,
ISIC_6841057,clinical: close-up,600,450,29436,
ISIC_6842250,dermoscopic,600,450,31941,
ISIC_6842565,dermoscopic,600,450,26169,
ISIC_6842700,clinical: close-up,600,450,36745,
ISIC_6843004,clinical: close-up,600,450,37426,
ISIC_6843700,dermoscopic,600,450,21774,
ISIC_6844081,clinical: close-up,600,450,30024,
ISIC_6845294,dermoscopic,600,450,24490,
ISIC_6846051,dermoscopic,600,450,24942,
ISIC_6846246,clinical: close-up,600,450,38946,
ISIC_6847081,clinical: close-up,600,450,43846,
ISIC_6847930,clinical: close-up,600,450,52378,
ISIC_6849103,clinical: close-up,600,450,17582,
ISIC_6851212,clinical: close-up,600,450,38828,
ISIC_6852771,dermoscopic,600,450,16020,
ISIC_6853529,dermoscopic,600,450,35703,
ISIC_6854604,dermoscopic,600,450,31163,
ISIC_6854833,clinical: close-up,600,450,41259,
ISIC_6855467,clinical: close-up,600,450,46565,
ISIC_6856028,dermoscopic,600,450,31139,
ISIC_6857013,clinical: close-up,600,450,35006,
ISIC_6857782,dermoscopic,600,450,25329,
ISIC_6860247,dermoscopic,600,450,40814,
ISIC_6860570,dermoscopic,600,450,32796,
ISIC_6860942,dermoscopic,600,450,41792,
ISIC_6861920,clinical: close-up,600,450,35899,
ISIC_6862130,clinical: close-up,600,450,71334,
ISIC_6862838,clinical: close-up,600,450,25334,
ISIC_6863789,dermoscopic,600,450,35115,
ISIC_6863904,dermoscopic,600,450,25163,
ISIC_6866299,dermoscopic,600,450,21377,
ISIC_6866490,clinical: close-up,600,450,42362,
ISIC_6869534,clinical: close-up,600,450,38922,
ISIC_6871088,clinical: close-up,600,450,45354,
ISIC_6872166,clinical: close-up,600,450,41380,
ISIC_6872189,clinical: close-up,600,450,39469,
ISIC_6873786,dermoscopic,600,450,18586,
ISIC_6874373,dermoscopic,600,450,27933,
ISIC_6874595,clinical: close-up,600,450,59421,
ISIC_6875256,dermoscopic,600,450,17285,
ISIC_6875407,dermoscopic,600,450,21522,
ISIC_6875484,clinical: close-up,600,450,41625,
ISIC_6877985,dermoscopic,600,450,27184,
ISIC_6881361,dermoscopic,600,450,22880,
ISIC_6881589,dermoscopic,600,450,25744,
ISIC_6881975,clinical: close-up,600,450,48855,
ISIC_6881977,dermoscopic,600,450,29444,
ISIC_6883494,clinical: close-up,600,450,48268,
ISIC_6884836,dermoscopic,600,450,16274,
ISIC_6886017,clinical: close-up,600,450,22633,
ISIC_6886169,dermoscopic,600,450,32994,
ISIC_6886883,dermoscopic,600,450,31550,
ISIC_6887594,dermoscopic,600,450,27575,
ISIC_6888436,clinical: close-up,600,450,35615,
ISIC_6890394,clinical: close-up,600,450,25613,
ISIC_6890536,dermoscopic,600,450,28481,
ISIC_6891841,clinical: close-up,600,450,17791,
ISIC_6892423,clinical: close-up,600,450,37274,
ISIC_6893384,clinical: close-up,600,450,42992,
ISIC_6895047,clinical: close-up,600,450,35529,
ISIC_6895079,dermoscopic,600,450,26670,
ISIC_6896664,dermoscopic,600,450,30641,
ISIC_6897010,dermoscopic,600,450,17576,
ISIC_6898183,dermoscopic,600,450,20933,
ISIC_6899811,dermoscopic,600,450,26833,
ISIC_6900216,clinical: close-up,600,450,49817,
ISIC_6900639,clinical: close-up,600,450,38912,
ISIC_6900958,dermoscopic,600,450,30107,
ISIC_6901509,clinical: close-up,600,450,38533,
ISIC_6901642,dermoscopic,600,450,23244,
ISIC_6904480,clinical: close-up,600,450,24351,
ISIC_6904950,dermoscopic,600,450,22921,
ISIC_6905596,clinical: close-up,600,450,26811,
ISIC_6906027,dermoscopic,600,450,41103,
ISIC_6906298,clinical: close-up,600,450,42043,
ISIC_6907436,dermoscopic,600,450,25554,
ISIC_6908533,dermoscopic,600,450,25961,
ISIC_6908565,clinical: close-up,600,450,50232,
ISIC_6909525,dermoscopic,600,450,27485,
ISIC_6910029,dermoscopic,600,450,20594,
ISIC_6910330,dermoscopic,600,450,37832,
ISIC_6914066,clinical: close-up,600,450,42724,
ISIC_6914336,clinical: close-up,600,450,38702,
ISIC_6914473,clinical: close-up,600,450,32467,
ISIC_6915298,dermoscopic,600,450,25078,
ISIC_6918071,clinical: close-up,600,450,43925,
ISIC_6919219,dermoscopic,600,450,30827,
ISIC_6919900,clinical: close-up,600,450,15672,
ISIC_6921970,clinical: close-up,600,450,42615,
ISIC_6924218,dermoscopic,600,450,20007,
ISIC_6925418,clinical: close-up,600,450,28208,
ISIC_6926304,clinical: close-up,600,450,37323,
ISIC_6927702,clinical: close-up,600,450,57931,
ISIC_6930203,dermoscopic,600,450,22895,
ISIC_6931788,clinical: close-up,600,450,35659,
ISIC_6932479,clinical: close-up,600,450,44226,
ISIC_6932845,dermoscopic,600,450,27105,
ISIC_6933070,dermoscopic,600,450,25014,
ISIC_6933511,clinical: close-up,600,450,34398,
ISIC_6933572,dermoscopic,600,450,30885,
ISIC_6933675,clinical: close-up,600,450,44159,
ISIC_6934066,clinical: close-up,600,450,47838,
ISIC_6934396,dermoscopic,600,450,23683,
ISIC_6934564,clinical: close-up,600,450,42330,
ISIC_6934851,clinical: close-up,600,450,42222,
ISIC_6935679,dermoscopic,600,450,22864,
ISIC_6935765,clinical: close-up,600,450,37155,
ISIC_6936062,clinical: close-up,600,450,40253,
ISIC_6936754,dermoscopic,600,450,19575,
ISIC_6936920,dermoscopic,600,450,17126,
ISIC_6938390,dermoscopic,600,450,28237,
ISIC_6938441,dermoscopic,600,450,24779,
ISIC_6938646,dermoscopic,600,450,24181,
ISIC_6938902,clinical: close-up,600,450,41482,
ISIC_6939444,clinical: close-up,600,450,35477,
ISIC_6940173,dermoscopic,600,450,17083,
ISIC_6940478,dermoscopic,600,450,22981,
ISIC_6941286,clinical: close-up,600,450,49309,
ISIC_6941420,dermoscopic,600,450,31693,
ISIC_6942468,clinical: close-up,600,450,38674,
ISIC_6943109,clinical: close-up,600,450,24577,
ISIC_6943209,dermoscopic,600,450,24895,
ISIC_6943256,dermoscopic,600,450,24437,
ISIC_6945898,dermoscopic,600,450,19560,
ISIC_6946162,clinical: close-up,600,450,41055,
ISIC_6946678,dermoscopic,600,450,27346,
ISIC_6949754,dermoscopic,600,450,24569,
ISIC_6950225,dermoscopic,600,450,34291,
ISIC_6952094,dermoscopic,600,450,27439,
ISIC_6952620,clinical: close-up,600,450,25961,
ISIC_6952812,dermoscopic,600,450,38383,
ISIC_6953221,dermoscopic,600,450,26815,
ISIC_6954063,dermoscopic,600,450,24001,
ISIC_6954599,clinical: close-up,600,450,42367,
ISIC_6955501,dermoscopic,600,450,29933,
ISIC_6956876,dermoscopic,600,450,29899,
ISIC_6957053,clinical: close-up,600,450,34493,
ISIC_6957886,clinical: close-up,600,450,52816,
ISIC_6958809,clinical: close-up,600,450,24738,
ISIC_6958882,dermoscopic,600,450,25446,
ISIC_6958939,clinical: close-up,600,450,32550,
ISIC_6959082,dermoscopic,600,450,25844,
ISIC_6960107,clinical: close-up,600,450,33892,
ISIC_6963673,dermoscopic,600,450,29243,
ISIC_6964854,clinical: close-up,600,450,42159,
ISIC_6965635,dermoscopic,600,450,23643,
ISIC_6966227,clinical: close-up,600,450,36608,
ISIC_6966608,clinical: close-up,600,450,48536,
ISIC_6967166,clinical: close-up,600,450,55942,
ISIC_6967255,clinical: close-up,600,450,45320,
ISIC_6968104,clinical: close-up,600,450,41180,
ISIC_6968526,clinical: close-up,600,450,70600,
ISIC_6969322,clinical: close-up,600,450,35989,
ISIC_6970817,clinical: close-up,600,450,22716,
ISIC_6970909,dermoscopic,600,450,37201,
ISIC_6971136,clinical: close-up,600,450,28329,
ISIC_6972742,dermoscopic,600,450,25751,
ISIC_6973783,dermoscopic,600,450,35795,
ISIC_6976701,dermoscopic,600,450,24720,
ISIC_6977117,clinical: close-up,600,450,31910,
ISIC_6977201,clinical: close-up,600,450,45753,
ISIC_6977564,clinical: close-up,600,450,46907,
ISIC_6981576,clinical: close-up,600,450,23295,
ISIC_6982597,dermoscopic,600,450,27857,
ISIC_6983648,clinical: close-up,600,450,35953,
ISIC_6984049,clinical: close-up,600,450,41508,
ISIC_6984699,clinical: close-up,600,450,20319,
ISIC_6987320,dermoscopic,600,450,32070,
ISIC_6989179,dermoscopic,600,450,15481,
ISIC_6989617,dermoscopic,600,450,22954,
ISIC_6990939,dermoscopic,600,450,22504,
ISIC_6990978,dermoscopic,600,450,21164,
ISIC_6991585,dermoscopic,600,450,35618,
ISIC_6992532,clinical: close-up,600,450,42627,
ISIC_6993040,dermoscopic,600,450,25634,
ISIC_6993481,dermoscopic,600,450,21578,
ISIC_6995667,clinical: close-up,600,450,42067,
ISIC_6995669,clinical: close-up,600,450,27644,
ISIC_6996440,clinical: close-up,600,450,58601,
ISIC_6997256,clinical: close-up,600,450,60658,
ISIC_6999728,dermoscopic,600,450,23658,
ISIC_6999928,dermoscopic,600,450,24432,
ISIC_7000928,dermoscopic,600,450,37332,
ISIC_7001987,clinical: close-up,600,450,38096,
ISIC_7002238,clinical: close-up,600,450,35277,
ISIC_7003219,dermoscopic,600,450,20593,
ISIC_7004185,clinical: close-up,600,450,43270,
ISIC_7005364,clinical: close-up,600,450,34565,
ISIC_7005663,clinical: close-up,600,450,47422,
ISIC_7005808,clinical: close-up,600,450,48789,
ISIC_7006091,dermoscopic,600,450,31892,
ISIC_7006889,dermoscopic,600,450,27631,
ISIC_7006971,clinical: close-up,600,450,42816,
ISIC_7008068,dermoscopic,600,450,25270,
ISIC_7009394,dermoscopic,600,450,25494,
ISIC_7009788,dermoscopic,600,450,20546,
ISIC_7015879,clinical: close-up,600,450,24047,
ISIC_7016834,dermoscopic,600,450,26208,
ISIC_7016980,clinical: close-up,600,450,45227,
ISIC_7017469,clinical: close-up,600,450,28959,
ISIC_7018101,dermoscopic,600,450,20913,
ISIC_7020196,dermoscopic,600,450,33011,
ISIC_7023633,dermoscopic,600,450,24920,
ISIC_7029533,dermoscopic,600,450,23897,
ISIC_7029585,clinical: close-up,600,450,45730,
ISIC_7030907,dermoscopic,600,450,17295,
ISIC_7030953,dermoscopic,600,450,25198,
ISIC_7031050,clinical: close-up,600,450,36540,
ISIC_7032433,clinical: close-up,600,450,30972,
ISIC_7033406,clinical: close-up,600,450,36570,
ISIC_7034446,clinical: close-up,600,450,50856,
ISIC_7034620,dermoscopic,600,450,24341,
ISIC_7035620,clinical: close-up,600,450,51450,
ISIC_7037056,dermoscopic,600,450,31576,
ISIC_7038723,dermoscopic,600,450,61257,
ISIC_7040859,dermoscopic,600,450,31425,
ISIC_7041996,clinical: close-up,600,450,20903,
ISIC_7042361,dermoscopic,600,450,30459,
ISIC_7042940,dermoscopic,600,450,27066,
ISIC_7043547,clinical: close-up,600,450,45072,
ISIC_7044118,dermoscopic,600,450,21169,
ISIC_7044269,clinical: close-up,600,450,66364,
ISIC_7045012,dermoscopic,600,450,28274,
ISIC_7046064,clinical: close-up,600,450,32806,
ISIC_7047367,clinical: close-up,600,450,51100,
ISIC_7047621,dermoscopic,600,450,25419,
ISIC_7050719,clinical: close-up,600,450,32525,
ISIC_7051147,clinical: close-up,600,450,28138,
ISIC_7051193,clinical: close-up,600,450,34685,
ISIC_7053064,dermoscopic,600,450,31209,
ISIC_7053200,dermoscopic,600,450,29521,
ISIC_7056997,clinical: close-up,600,450,36885,
ISIC_7057641,clinical: close-up,600,450,53850,
ISIC_7058677,clinical: close-up,600,450,41562,
ISIC_7059546,dermoscopic,600,450,29724,
ISIC_7061593,dermoscopic,600,450,28021,
ISIC_7063713,dermoscopic,600,450,27508,
ISIC_7065051,dermoscopic,600,450,46042,
ISIC_7067801,clinical: close-up,600,450,26062,
ISIC_7067948,dermoscopic,600,450,26331,
ISIC_7070121,clinical: close-up,600,450,38974,
ISIC_7070387,clinical: close-up,600,450,60233,
ISIC_7072308,dermoscopic,600,450,31305,
ISIC_7072857,dermoscopic,600,450,21298,
ISIC_7074302,dermoscopic,600,450,23972,
ISIC_7074658,dermoscopic,600,450,22095,
ISIC_7075127,clinical: close-up,600,450,30999,
ISIC_7076572,clinical: close-up,600,450,47596,
ISIC_7077229,dermoscopic,600,450,30672,
ISIC_7077927,clinical: close-up,600,450,31390,
ISIC_7078711,dermoscopic,600,450,28060,
ISIC_7079105,clinical: close-up,600,450,30132,
ISIC_7079437,clinical: close-up,600,450,42632,
ISIC_7080457,clinical: close-up,600,450,30014,
ISIC_7081739,dermoscopic,600,450,25756,
ISIC_7081965,clinical: close-up,600,450,40423,
ISIC_7082655,clinical: close-up,600,450,64841,
ISIC_7082726,dermoscopic,600,450,40709,
ISIC_7083773,dermoscopic,600,450,20901,
ISIC_7085591,dermoscopic,600,450,21620,
ISIC_7087826,dermoscopic,600,450,30392,
ISIC_7090643,clinical: close-up,600,450,33202,
ISIC_7090951,dermoscopic,600,450,26811,
ISIC_7094095,clinical: close-up,600,450,41170,
ISIC_7095135,clinical: close-up,600,450,38453,
ISIC_7096292,clinical: close-up,600,450,44124,
ISIC_7096753,clinical: close-up,600,450,43976,
ISIC_7097983,clinical: close-up,600,450,40645,
ISIC_7100195,clinical: close-up,600,450,16955,
ISIC_7100479,clinical: close-up,600,450,43506,
ISIC_7101608,dermoscopic,600,450,26985,
ISIC_7101909,dermoscopic,600,450,24335,
ISIC_7103694,dermoscopic,600,450,34032,
ISIC_7105831,dermoscopic,600,450,29491,
ISIC_7105876,dermoscopic,600,450,24681,
ISIC_7105949,dermoscopic,600,450,22643,
ISIC_7106496,clinical: close-up,600,450,48409,
ISIC_7108710,clinical: close-up,600,450,34750,
ISIC_7109494,dermoscopic,600,450,28426,
ISIC_7110025,dermoscopic,600,450,23086,
ISIC_7110078,clinical: close-up,600,450,46351,
ISIC_7110194,clinical: close-up,600,450,47567,
ISIC_7110687,dermoscopic,600,450,28946,
ISIC_7111015,clinical: close-up,600,450,37528,
ISIC_7112529,clinical: close-up,600,450,44122,
ISIC_7112600,dermoscopic,600,450,30004,
ISIC_7113721,clinical: close-up,600,450,46587,
ISIC_7114135,clinical: close-up,600,450,54185,
ISIC_7115215,clinical: close-up,600,450,47770,
ISIC_7115768,dermoscopic,600,450,32617,
ISIC_7115858,clinical: close-up,600,450,49802,
ISIC_7116014,dermoscopic,600,450,29466,
ISIC_7116414,dermoscopic,600,450,32082,
ISIC_7116804,dermoscopic,600,450,29190,
ISIC_7116818,dermoscopic,600,450,23051,
ISIC_7117439,clinical: close-up,600,450,46667,
ISIC_7117747,clinical: close-up,600,450,32034,
ISIC_7118545,dermoscopic,600,450,43905,
ISIC_7119069,clinical: close-up,600,450,33597,
ISIC_7119768,clinical: close-up,600,450,42962,
ISIC_7119882,dermoscopic,600,450,22103,
ISIC_7122420,clinical: close-up,600,450,48414,
ISIC_7124407,clinical: close-up,600,450,15260,
ISIC_7126369,dermoscopic,600,450,23448,
ISIC_7127801,clinical: close-up,600,450,36909,
ISIC_7128280,dermoscopic,600,450,38588,
ISIC_7132196,dermoscopic,600,450,19683,
ISIC_7133516,clinical: close-up,600,450,58232,
ISIC_7134919,dermoscopic,600,450,32279,
ISIC_7135182,clinical: close-up,600,450,40082,
ISIC_7136010,clinical: close-up,600,450,31681,
ISIC_7137132,clinical: close-up,600,450,48106,
ISIC_7137645,clinical: close-up,600,450,33627,
ISIC_7138482,clinical: close-up,600,450,30339,
ISIC_7138580,dermoscopic,600,450,34421,
ISIC_7138691,clinical: close-up,600,450,42895,
ISIC_7139452,dermoscopic,600,450,27159,
ISIC_7139592,dermoscopic,600,450,26853,
ISIC_7139633,clinical: close-up,600,450,31233,
ISIC_7140185,clinical: close-up,600,450,34807,
ISIC_7140233,clinical: close-up,600,450,41278,
ISIC_7142689,clinical: close-up,600,450,48337,
ISIC_7142949,clinical: close-up,600,450,32585,
ISIC_7143220,clinical: close-up,600,450,33665,
ISIC_7143311,clinical: close-up,600,450,44738,
ISIC_7143359,dermoscopic,600,450,32397,
ISIC_7144270,clinical: close-up,600,450,38020,
ISIC_7144571,dermoscopic,600,450,32683,
ISIC_7145117,clinical: close-up,600,450,50282,
ISIC_7146069,dermoscopic,600,450,31683,
ISIC_7147780,clinical: close-up,600,450,46288,
ISIC_7148211,clinical: close-up,600,450,41137,
ISIC_7148236,clinical: close-up,600,450,40229,
ISIC_7149626,dermoscopic,600,450,28707,
ISIC_7150018,clinical: close-up,600,450,34253,
ISIC_7150655,dermoscopic,600,450,35868,
ISIC_7151709,clinical: close-up,600,450,46616,
ISIC_7151845,clinical: close-up,600,450,36741,
ISIC_7152699,clinical: close-up,600,450,52998,
ISIC_7153501,dermoscopic,600,450,19048,
ISIC_7154038,dermoscopic,600,450,23276,
ISIC_7155383,clinical: close-up,600,450,30435,
ISIC_7155489,clinical: close-up,600,450,37603,
ISIC_7161171,clinical: close-up,600,450,49933,
ISIC_7162187,clinical: close-up,600,450,33144,
ISIC_7162704,clinical: close-up,600,450,15677,
ISIC_7168635,clinical: close-up,600,450,50849,
ISIC_7169372,dermoscopic,600,450,26317,
ISIC_7170025,dermoscopic,600,450,24659,
ISIC_7171875,dermoscopic,600,450,21290,
ISIC_7173478,clinical: close-up,600,450,44875,
ISIC_7174859,dermoscopic,600,450,24433,
ISIC_7174866,clinical: close-up,600,450,30999,
ISIC_7176018,clinical: close-up,600,450,38950,
ISIC_7176434,dermoscopic,600,450,28301,
ISIC_7176466,dermoscopic,600,450,17753,
ISIC_7177310,clinical: close-up,600,450,36226,
ISIC_7179951,clinical: close-up,600,450,34171,
ISIC_7179957,clinical: close-up,600,450,36297,
ISIC_7184100,clinical: close-up,600,450,42842,
ISIC_7184709,dermoscopic,600,450,26118,
ISIC_7185462,clinical: close-up,600,450,38096,
ISIC_7185513,clinical: close-up,600,450,42601,
ISIC_7188142,clinical: close-up,600,450,33497,
ISIC_7188705,dermoscopic,600,450,22965,
ISIC_7188767,dermoscopic,600,450,35027,
ISIC_7189150,clinical: close-up,600,450,37141,
ISIC_7189526,dermoscopic,600,450,20814,
ISIC_7190000,clinical: close-up,600,450,34048,
ISIC_7193606,dermoscopic,600,450,21465,
ISIC_7194453,dermoscopic,600,450,30503,
ISIC_7195517,clinical: close-up,600,450,42700,
ISIC_7196937,dermoscopic,600,450,25134,
ISIC_7196976,clinical: close-up,600,450,35464,
ISIC_7197136,clinical: close-up,600,450,41823,
ISIC_7197327,clinical: close-up,600,450,41965,
ISIC_7198657,dermoscopic,600,450,29741,
ISIC_7198900,dermoscopic,600,450,35165,
ISIC_7200132,dermoscopic,600,450,18561,
ISIC_7200189,clinical: close-up,600,450,35801,
ISIC_7200761,dermoscopic,600,450,33306,
ISIC_7201198,dermoscopic,600,450,21951,
ISIC_7201806,clinical: close-up,600,450,35723,
ISIC_7202617,clinical: close-up,600,450,27622,
ISIC_7204351,clinical: close-up,600,450,36890,
ISIC_7204645,dermoscopic,600,450,28829,
ISIC_7206020,dermoscopic,600,450,18944,
ISIC_7206161,clinical: close-up,600,450,28911,
ISIC_7206588,dermoscopic,600,450,24075,
ISIC_7206801,dermoscopic,600,450,20047,
ISIC_7207387,clinical: close-up,600,450,57854,
ISIC_7207962,clinical: close-up,600,450,16884,
ISIC_7208610,dermoscopic,600,450,44572,
ISIC_7208631,dermoscopic,600,450,22923,
ISIC_7209186,clinical: close-up,600,450,36325,
ISIC_7209964,dermoscopic,600,450,23929,
ISIC_7213515,dermoscopic,600,450,21271,
ISIC_7214986,dermoscopic,600,450,35985,
ISIC_7215858,dermoscopic,600,450,23777,
ISIC_7216047,clinical: close-up,600,450,46477,
ISIC_7216810,dermoscopic,600,450,20705,
ISIC_7217395,dermoscopic,600,450,30415,
ISIC_7218635,dermoscopic,600,450,35158,
ISIC_7221017,clinical: close-up,600,450,32312,
ISIC_7222742,dermoscopic,600,450,30829,
ISIC_7225132,clinical: close-up,600,450,41303,
ISIC_7226778,dermoscopic,600,450,39480,
ISIC_7227216,dermoscopic,600,450,17788,
ISIC_7227276,clinical: close-up,600,450,33220,
ISIC_7227677,dermoscopic,600,450,38725,
ISIC_7227895,clinical: close-up,600,450,39963,
ISIC_7230569,dermoscopic,600,450,21673,
ISIC_7231430,clinical: close-up,600,450,49189,
ISIC_7231732,dermoscopic,600,450,37395,
ISIC_7232942,clinical: close-up,600,450,30035,
ISIC_7234241,dermoscopic,600,450,24684,
ISIC_7235047,dermoscopic,600,450,32406,
ISIC_7235077,dermoscopic,600,450,27783,
ISIC_7235569,dermoscopic,600,450,30961,
ISIC_7235822,clinical: close-up,600,450,47124,
ISIC_7236730,dermoscopic,600,450,19880,
ISIC_7236747,clinical: close-up,600,450,40475,
ISIC_7237752,clinical: close-up,600,450,34164,
ISIC_7238849,dermoscopic,600,450,17191,
ISIC_7239055,clinical: close-up,600,450,36853,
ISIC_7241087,clinical: close-up,600,450,44291,
ISIC_7241253,dermoscopic,600,450,21869,
ISIC_7241294,dermoscopic,600,450,33454,
ISIC_7242126,clinical: close-up,600,450,36143,
ISIC_7242284,dermoscopic,600,450,30097,
ISIC_7242927,dermoscopic,600,450,21504,
ISIC_7243195,dermoscopic,600,450,23497,
ISIC_7243320,dermoscopic,600,450,27195,
ISIC_7243372,dermoscopic,600,450,23119,
ISIC_7243538,clinical: close-up,600,450,44221,
ISIC_7245189,dermoscopic,600,450,16459,
ISIC_7246920,clinical: close-up,600,450,39275,
ISIC_7247605,clinical: close-up,600,450,49536,
ISIC_7247659,clinical: close-up,600,450,38191,
ISIC_7248341,clinical: close-up,600,450,45482,
ISIC_7250021,clinical: close-up,600,450,44218,
ISIC_7251011,dermoscopic,600,450,21450,
ISIC_7251638,dermoscopic,600,450,23725,
ISIC_7253697,clinical: close-up,600,450,41945,
ISIC_7254042,clinical: close-up,600,450,31254,
ISIC_7256008,dermoscopic,600,450,23778,
ISIC_7256290,clinical: close-up,600,450,31694,
ISIC_7256474,clinical: close-up,600,450,50587,
ISIC_7257043,clinical: close-up,600,450,30743,
ISIC_7259000,dermoscopic,600,450,19998,
ISIC_7261168,dermoscopic,600,450,37361,
ISIC_7261525,dermoscopic,600,450,22381,
ISIC_7263241,clinical: close-up,600,450,27899,
ISIC_7264785,dermoscopic,600,450,21513,
ISIC_7265211,dermoscopic,600,450,26031,
ISIC_7266198,dermoscopic,600,450,30362,
ISIC_7267324,clinical: close-up,600,450,38486,
ISIC_7268085,clinical: close-up,600,450,36908,
ISIC_7271415,clinical: close-up,600,450,45965,
ISIC_7271787,dermoscopic,600,450,31728,
ISIC_7272469,dermoscopic,600,450,28003,
ISIC_7272721,dermoscopic,600,450,23520,
ISIC_7273308,clinical: close-up,600,450,38824,
ISIC_7273374,clinical: close-up,600,450,33744,
ISIC_7273851,clinical: close-up,600,450,49700,
ISIC_7273898,clinical: close-up,600,450,36601,
ISIC_7274523,dermoscopic,600,450,27735,
ISIC_7275427,clinical: close-up,600,450,33298,
ISIC_7276894,clinical: close-up,600,450,29114,
ISIC_7277605,clinical: close-up,600,450,46680,
ISIC_7278376,dermoscopic,600,450,39669,
ISIC_7278380,clinical: close-up,600,450,43746,
ISIC_7278433,dermoscopic,600,450,22460,
ISIC_7278817,dermoscopic,600,450,23077,
ISIC_7280473,dermoscopic,600,450,43260,
ISIC_7282695,dermoscopic,600,450,20499,
ISIC_7283446,clinical: close-up,600,450,38916,
ISIC_7283528,dermoscopic,600,450,51208,
ISIC_7284546,dermoscopic,600,450,22092,
ISIC_7285238,clinical: close-up,600,450,40205,
ISIC_7285901,dermoscopic,600,450,26744,
ISIC_7286255,clinical: close-up,600,450,41452,
ISIC_7287192,clinical: close-up,600,450,40342,
ISIC_7288734,dermoscopic,600,450,43212,
ISIC_7289001,dermoscopic,600,450,23087,
ISIC_7289828,dermoscopic,600,450,28305,
ISIC_7291783,clinical: close-up,600,450,26276,
ISIC_7292116,dermoscopic,600,450,27220,
ISIC_7294780,clinical: close-up,600,450,51404,
ISIC_7297776,dermoscopic,600,450,23657,
ISIC_7298204,dermoscopic,600,450,29984,
ISIC_7298601,dermoscopic,600,450,18175,
ISIC_7300115,clinical: close-up,600,450,59233,
ISIC_7302180,dermoscopic,600,450,24185,
ISIC_7302567,clinical: close-up,600,450,34471,
ISIC_7303630,dermoscopic,600,450,30306,
ISIC_7303727,dermoscopic,600,450,33942,
ISIC_7304468,clinical: close-up,600,450,45378,
ISIC_7304569,clinical: close-up,600,450,37940,
ISIC_7304977,dermoscopic,600,450,28699,
ISIC_7305201,dermoscopic,600,450,27378,
ISIC_7307945,dermoscopic,600,450,20189,
ISIC_7308323,dermoscopic,600,450,24514,
ISIC_7308563,dermoscopic,600,450,17944,
ISIC_7308766,clinical: close-up,600,450,62587,
ISIC_7308959,dermoscopic,600,450,25354,
ISIC_7311133,dermoscopic,600,450,28506,
ISIC_7311876,dermoscopic,600,450,27967,
ISIC_7312960,dermoscopic,600,450,27284,
ISIC_7313587,clinical: close-up,600,450,48862,
ISIC_7314033,dermoscopic,600,450,39559,
ISIC_7315517,dermoscopic,600,450,30472,
ISIC_7318590,dermoscopic,600,450,22863,
ISIC_7319186,dermoscopic,600,450,18918,
ISIC_7319315,clinical: close-up,600,450,40496,
ISIC_7319337,clinical: close-up,600,450,47960,
ISIC_7319361,dermoscopic,600,450,19405,
ISIC_7320276,dermoscopic,600,450,36896,
ISIC_7320560,dermoscopic,600,450,30274,
ISIC_7321789,clinical: close-up,600,450,64287,
ISIC_7322599,dermoscopic,600,450,40514,
ISIC_7323450,clinical: close-up,600,450,32909,
ISIC_7323687,clinical: close-up,600,450,55502,
ISIC_7324772,clinical: close-up,600,450,44472,
ISIC_7325617,dermoscopic,600,450,18163,
ISIC_7325787,clinical: close-up,600,450,33097,
ISIC_7325830,clinical: close-up,600,450,22784,
ISIC_7326413,clinical: close-up,600,450,56430,
ISIC_7326842,dermoscopic,600,450,32095,
ISIC_7328549,clinical: close-up,600,450,30759,
ISIC_7330557,dermoscopic,600,450,34305,
ISIC_7330767,clinical: close-up,600,450,48544,
ISIC_7330944,dermoscopic,600,450,23546,
ISIC_7331674,clinical: close-up,600,450,44414,
ISIC_7332242,dermoscopic,600,450,26957,
ISIC_7334834,clinical: close-up,600,450,29082,
ISIC_7334939,dermoscopic,600,450,27051,
ISIC_7335595,dermoscopic,600,450,16043,
ISIC_7335684,clinical: close-up,600,450,38818,
ISIC_7335701,clinical: close-up,600,450,32012,
ISIC_7336445,clinical: close-up,600,450,44290,
ISIC_7337805,clinical: close-up,600,450,28753,
ISIC_7339771,clinical: close-up,600,450,46301,
ISIC_7339834,clinical: close-up,600,450,44628,
ISIC_7340333,dermoscopic,600,450,24202,
ISIC_7342682,clinical: close-up,600,450,35853,
ISIC_7343168,dermoscopic,600,450,25947,
ISIC_7343249,clinical: close-up,600,450,51249,
ISIC_7343701,dermoscopic,600,450,33366,
ISIC_7344118,clinical: close-up,600,450,39126,
ISIC_7345682,dermoscopic,600,450,23998,
ISIC_7345955,clinical: close-up,600,450,44296,
ISIC_7347161,dermoscopic,600,450,28721,
ISIC_7347180,dermoscopic,600,450,39051,
ISIC_7351010,dermoscopic,600,450,26264,
ISIC_7352384,dermoscopic,600,450,33507,
ISIC_7354709,clinical: close-up,600,450,27143,
ISIC_7356122,dermoscopic,600,450,32842,
ISIC_7357556,clinical: close-up,600,450,31826,
ISIC_7358297,dermoscopic,600,450,35550,
ISIC_7358947,clinical: close-up,600,450,26571,
ISIC_7359025,dermoscopic,600,450,33410,
ISIC_7359902,clinical: close-up,600,450,44845,
ISIC_7362585,dermoscopic,600,450,29279,
ISIC_7363553,clinical: close-up,600,450,34554,
ISIC_7363608,dermoscopic,600,450,24103,
ISIC_7364338,clinical: close-up,600,450,46595,
ISIC_7364575,clinical: close-up,600,450,40954,
ISIC_7365593,dermoscopic,600,450,26635,
ISIC_7367155,dermoscopic,600,450,22693,
ISIC_7368145,clinical: close-up,600,450,34541,
ISIC_7368174,clinical: close-up,600,450,45608,
ISIC_7368423,clinical: close-up,600,450,37166,
ISIC_7370552,dermoscopic,600,450,31739,
ISIC_7370617,clinical: close-up,600,450,39448,
ISIC_7372306,dermoscopic,600,450,35139,
ISIC_7372500,dermoscopic,600,450,33979,
ISIC_7374190,dermoscopic,600,450,22865,
ISIC_7374556,dermoscopic,600,450,32178,
ISIC_7374719,dermoscopic,600,450,33558,
ISIC_7375111,clinical: close-up,600,450,52711,
ISIC_7375960,dermoscopic,600,450,32479,
ISIC_7376317,clinical: close-up,600,450,44719,
ISIC_7377119,dermoscopic,600,450,19528,
ISIC_7377763,dermoscopic,600,450,21660,
ISIC_7377969,clinical: close-up,600,450,35619,
ISIC_7379221,dermoscopic,600,450,43806,
ISIC_7379628,dermoscopic,600,450,23002,
ISIC_7381318,clinical: close-up,600,450,40427,
ISIC_7381334,clinical: close-up,600,450,39615,
ISIC_7381608,dermoscopic,600,450,25301,
ISIC_7382332,dermoscopic,600,450,44733,
ISIC_7382599,clinical: close-up,600,450,33265,
ISIC_7382876,clinical: close-up,600,450,42712,
ISIC_7382992,dermoscopic,600,450,32368,
ISIC_7383105,clinical: close-up,600,450,46423,
ISIC_7383339,dermoscopic,600,450,23185,
ISIC_7384185,clinical: close-up,600,450,36668,
ISIC_7384502,clinical: close-up,600,450,39842,
ISIC_7384530,dermoscopic,600,450,25356,
ISIC_7385775,clinical: close-up,600,450,30425,
ISIC_7386871,clinical: close-up,600,450,29145,
ISIC_7387118,clinical: close-up,600,450,47565,
ISIC_7387499,dermoscopic,600,450,29813,
ISIC_7388680,dermoscopic,600,450,39785,
ISIC_7390604,clinical: close-up,600,450,39049,
ISIC_7390977,dermoscopic,600,450,38567,
ISIC_7391014,dermoscopic,600,450,23150,
ISIC_7391184,clinical: close-up,600,450,43478,
ISIC_7391511,clinical: close-up,600,450,34841,
ISIC_7392473,clinical: close-up,600,450,43858,
ISIC_7393664,clinical: close-up,600,450,57621,
ISIC_7393792,dermoscopic,600,450,20289,
ISIC_7394783,dermoscopic,600,450,21032,
ISIC_7395485,dermoscopic,600,450,26261,
ISIC_7395651,clinical: close-up,600,450,24455,
ISIC_7396327,clinical: close-up,600,450,47807,
ISIC_7396751,dermoscopic,600,450,27912,
ISIC_7397137,dermoscopic,600,450,26613,
ISIC_7397866,clinical: close-up,600,450,23728,
ISIC_7398112,clinical: close-up,600,450,25858,
ISIC_7399251,clinical: close-up,600,450,26966,
ISIC_7401818,dermoscopic,600,450,16646,
ISIC_7402642,dermoscopic,600,450,39397,
ISIC_7403025,clinical: close-up,600,450,16462,
ISIC_7403204,clinical: close-up,600,450,35414,
ISIC_7405877,clinical: close-up,600,450,35003,
ISIC_7406916,clinical: close-up,600,450,52329,
ISIC_7408729,clinical: close-up,600,450,43096,
ISIC_7409855,dermoscopic,600,450,31291,
ISIC_7411878,clinical: close-up,600,450,43986,
ISIC_7413595,dermoscopic,600,450,27829,
ISIC_7414517,dermoscopic,600,450,35370,
ISIC_7415373,dermoscopic,600,450,25200,
ISIC_7415657,clinical: close-up,600,450,37510,
ISIC_7417921,clinical: close-up,600,450,55910,
ISIC_7420218,clinical: close-up,600,450,30577,
ISIC_7423057,clinical: close-up,600,450,48332,
ISIC_7424118,dermoscopic,600,450,20766,
ISIC_7424370,dermoscopic,600,450,27524,
ISIC_7425508,dermoscopic,600,450,42168,
ISIC_7425846,dermoscopic,600,450,22059,
ISIC_7426470,dermoscopic,600,450,34302,
ISIC_7430438,clinical: close-up,600,450,56335,
ISIC_7430526,clinical: close-up,600,450,27070,
ISIC_7431526,clinical: close-up,600,450,36881,
ISIC_7434007,clinical: close-up,600,450,42254,
ISIC_7434343,dermoscopic,600,450,32956,
ISIC_7434803,clinical: close-up,600,450,31768,
ISIC_7434991,clinical: close-up,600,450,41719,
ISIC_7435742,clinical: close-up,600,450,50089,
ISIC_7435897,clinical: close-up,600,450,33024,
ISIC_7436110,dermoscopic,600,450,21739,
ISIC_7436139,dermoscopic,600,450,18067,
ISIC_7436712,dermoscopic,600,450,27542,
ISIC_7441024,dermoscopic,600,450,25048,
ISIC_7442526,dermoscopic,600,450,35712,
ISIC_7445585,clinical: close-up,600,450,44436,
ISIC_7447177,clinical: close-up,600,450,40412,
ISIC_7447703,clinical: close-up,600,450,47643,
ISIC_7447961,dermoscopic,600,450,24163,
ISIC_7449425,clinical: close-up,600,450,37553,
ISIC_7450231,dermoscopic,600,450,31317,
ISIC_7450315,clinical: close-up,600,450,36832,
ISIC_7451740,dermoscopic,600,450,23224,
ISIC_7451958,dermoscopic,600,450,28232,
ISIC_7452036,clinical: close-up,600,450,28821,
ISIC_7452466,dermoscopic,600,450,20757,
ISIC_7453335,clinical: close-up,600,450,22666,
ISIC_7454308,dermoscopic,600,450,31136,
ISIC_7454892,dermoscopic,600,450,32648,
ISIC_7454975,dermoscopic,600,450,27077,
ISIC_7457072,clinical: close-up,600,450,44097,
ISIC_7457508,clinical: close-up,600,450,36794,
ISIC_7458610,dermoscopic,600,450,25134,
ISIC_7459629,clinical: close-up,600,450,37806,
ISIC_7460585,dermoscopic,600,450,21755,
ISIC_7461685,dermoscopic,600,450,28727,
ISIC_7461810,dermoscopic,600,450,17642,
ISIC_7464024,clinical: close-up,600,450,46316,
ISIC_7464071,dermoscopic,600,450,23260,
ISIC_7464537,dermoscopic,600,450,17372,
ISIC_7465284,clinical: close-up,600,450,38658,
ISIC_7466654,clinical: close-up,600,450,25985,
ISIC_7466902,clinical: close-up,600,450,45859,
ISIC_7467578,clinical: close-up,600,450,42243,
ISIC_7467595,dermoscopic,600,450,22324,
ISIC_7469260,clinical: close-up,600,450,37187,
ISIC_7469563,dermoscopic,600,450,30814,
ISIC_7472074,clinical: close-up,600,450,29520,
ISIC_7472087,dermoscopic,600,450,18584,
ISIC_7472301,dermoscopic,600,450,32348,
ISIC_7473131,dermoscopic,600,450,21123,
ISIC_7474570,dermoscopic,600,450,36988,
ISIC_7475014,clinical: close-up,600,450,45428,
ISIC_7475784,clinical: close-up,600,450,47827,
ISIC_7478833,dermoscopic,600,450,46855,
ISIC_7479360,clinical: close-up,600,450,36641,
ISIC_7480455,dermoscopic,600,450,19374,
ISIC_7481650,clinical: close-up,600,450,36909,
ISIC_7481885,dermoscopic,600,450,31577,
ISIC_7482467,dermoscopic,600,450,26697,
ISIC_7483655,dermoscopic,600,450,30598,
ISIC_7484441,clinical: close-up,600,450,37396,
ISIC_7484955,clinical: close-up,600,450,36410,
ISIC_7485100,clinical: close-up,600,450,37545,
ISIC_7485318,clinical: close-up,600,450,35699,
ISIC_7485509,clinical: close-up,600,450,41197,
ISIC_7486855,dermoscopic,600,450,24255,
ISIC_7490723,dermoscopic,600,450,19573,
ISIC_7493882,clinical: close-up,600,450,58438,
ISIC_7493930,clinical: close-up,600,450,39612,
ISIC_7495478,clinical: close-up,600,450,38092,
ISIC_7497017,clinical: close-up,600,450,42313,
ISIC_7497769,clinical: close-up,600,450,40364,
ISIC_7499602,clinical: close-up,600,450,49742,
ISIC_7500032,dermoscopic,600,450,29429,
ISIC_7500706,clinical: close-up,600,450,39513,
ISIC_7501563,dermoscopic,600,450,32288,
ISIC_7501779,dermoscopic,600,450,29085,
ISIC_7501825,dermoscopic,600,450,31202,
ISIC_7503610,clinical: close-up,600,450,37873,
ISIC_7504308,dermoscopic,600,450,27899,
ISIC_7504526,dermoscopic,600,450,25979,
ISIC_7504717,clinical: close-up,600,450,39300,
ISIC_7505541,clinical: close-up,600,450,39034,
ISIC_7505667,clinical: close-up,600,450,47865,
ISIC_7506601,clinical: close-up,600,450,43245,
ISIC_7506634,clinical: close-up,600,450,46714,
ISIC_7507040,dermoscopic,600,450,29217,
ISIC_7507238,dermoscopic,600,450,14099,
ISIC_7507320,clinical: close-up,600,450,52059,
ISIC_7507858,dermoscopic,600,450,26332,
ISIC_7508643,clinical: close-up,600,450,33639,
ISIC_7509328,dermoscopic,600,450,32961,
ISIC_7509818,clinical: close-up,600,450,48644,
ISIC_7510898,dermoscopic,600,450,20527,
ISIC_7512177,clinical: close-up,600,450,36480,
ISIC_7512401,clinical: close-up,600,450,33683,
ISIC_7512488,clinical: close-up,600,450,33014,
ISIC_7514787,dermoscopic,600,450,18110,
ISIC_7516346,dermoscopic,600,450,28812,
ISIC_7516657,dermoscopic,600,450,19615,
ISIC_7517022,dermoscopic,600,450,31743,
ISIC_7518317,clinical: close-up,600,450,37661,
ISIC_7520189,clinical: close-up,600,450,31658,
ISIC_7520217,dermoscopic,600,450,25413,
ISIC_7521530,dermoscopic,600,450,23260,
ISIC_7522059,clinical: close-up,600,450,46760,
ISIC_7522141,clinical: close-up,600,450,44794,
ISIC_7522903,clinical: close-up,600,450,36646,
ISIC_7523078,dermoscopic,600,450,17547,
ISIC_7523542,dermoscopic,600,450,36580,
ISIC_7526819,dermoscopic,600,450,30390,
ISIC_7527340,clinical: close-up,600,450,43272,
ISIC_7527742,dermoscopic,600,450,20620,
ISIC_7529554,dermoscopic,600,450,28670,
ISIC_7530101,clinical: close-up,600,450,31819,
ISIC_7531562,dermoscopic,600,450,22897,
ISIC_7531601,dermoscopic,600,450,26360,
ISIC_7533028,clinical: close-up,600,450,30091,
ISIC_7534938,clinical: close-up,600,450,24980,
ISIC_7535027,clinical: close-up,600,450,52784,
ISIC_7535768,dermoscopic,600,450,29248,
ISIC_7535873,clinical: close-up,600,450,23682,
ISIC_7535899,clinical: close-up,600,450,28534,
ISIC_7537434,dermoscopic,600,450,19439,
ISIC_7541009,clinical: close-up,600,450,40049,
ISIC_7541188,dermoscopic,600,450,25529,
ISIC_7541402,dermoscopic,600,450,28775,
ISIC_7541597,clinical: close-up,600,450,32175,
ISIC_7542892,clinical: close-up,600,450,40134,
ISIC_7544069,dermoscopic,600,450,24475,
ISIC_7546221,dermoscopic,600,450,21286,
ISIC_7546528,clinical: close-up,600,450,45218,
ISIC_7547412,clinical: close-up,600,450,41624,
ISIC_7547900,dermoscopic,600,450,25532,
ISIC_7548109,clinical: close-up,600,450,34387,
ISIC_7548342,dermoscopic,600,450,23158,
ISIC_7548850,dermoscopic,600,450,35297,
ISIC_7550834,clinical: close-up,600,450,37425,
ISIC_7550843,clinical: close-up,600,450,15988,
ISIC_7551222,clinical: close-up,600,450,48664,
ISIC_7553451,clinical: close-up,600,450,49675,
ISIC_7553601,dermoscopic,600,450,34068,
ISIC_7555202,clinical: close-up,600,450,47173,
ISIC_7555988,dermoscopic,600,450,20743,
ISIC_7557765,clinical: close-up,600,450,53105,
ISIC_7558897,dermoscopic,600,450,26739,
ISIC_7559808,clinical: close-up,600,450,22241,
ISIC_7559942,dermoscopic,600,450,26544,
ISIC_7560146,clinical: close-up,600,450,40839,
ISIC_7560911,clinical: close-up,600,450,42489,
ISIC_7560933,dermoscopic,600,450,25245,
ISIC_7562678,dermoscopic,600,450,26826,
ISIC_7563152,dermoscopic,600,450,36447,
ISIC_7563649,dermoscopic,600,450,32688,
ISIC_7563753,clinical: close-up,600,450,24317,
ISIC_7563945,clinical: close-up,600,450,39197,
ISIC_7566277,clinical: close-up,600,450,58868,
ISIC_7566402,clinical: close-up,600,450,40602,
ISIC_7567589,dermoscopic,600,450,24564,
ISIC_7567880,clinical: close-up,600,450,35294,
ISIC_7569602,clinical: close-up,600,450,41497,
ISIC_7571181,clinical: close-up,600,450,44653,
ISIC_7572651,clinical: close-up,600,450,54748,
ISIC_7575073,clinical: close-up,600,450,37664,
ISIC_7579556,clinical: close-up,600,450,31875,
ISIC_7580736,dermoscopic,600,450,34556,
ISIC_7581757,clinical: close-up,600,450,49156,
ISIC_7582667,dermoscopic,600,450,28466,
ISIC_7583370,dermoscopic,600,450,31336,
ISIC_7584393,dermoscopic,600,450,18770,
ISIC_7585813,dermoscopic,600,450,26443,
ISIC_7588660,dermoscopic,600,450,27566,
ISIC_7588773,clinical: close-up,600,450,25172,
ISIC_7588984,clinical: close-up,600,450,51387,
ISIC_7589454,dermoscopic,600,450,30716,
ISIC_7590490,clinical: close-up,600,450,41690,
ISIC_7592017,dermoscopic,600,450,26293,
ISIC_7595404,clinical: close-up,600,450,42940,
ISIC_7600337,dermoscopic,600,450,37897,
ISIC_7600832,clinical: close-up,600,450,19384,
ISIC_7602538,dermoscopic,600,450,29930,
ISIC_7603703,dermoscopic,600,450,25509,
ISIC_7604483,clinical: close-up,600,450,42139,
ISIC_7604705,dermoscopic,600,450,19940,
ISIC_7605162,clinical: close-up,600,450,18146,
ISIC_7605177,clinical: close-up,600,450,44188,
ISIC_7605546,clinical: close-up,600,450,53702,
ISIC_7606142,dermoscopic,600,450,25681,
ISIC_7607421,clinical: close-up,600,450,38372,
ISIC_7608693,clinical: close-up,600,450,44278,
ISIC_7610657,dermoscopic,600,450,25550,
ISIC_7613649,dermoscopic,600,450,28676,
ISIC_7614085,dermoscopic,600,450,20641,
ISIC_7614845,dermoscopic,600,450,27731,
ISIC_7615308,dermoscopic,600,450,18859,
ISIC_7615926,dermoscopic,600,450,41872,
ISIC_7616136,clinical: close-up,600,450,29946,
ISIC_7616494,clinical: close-up,600,450,44992,
ISIC_7618809,dermoscopic,600,450,29754,
ISIC_7619664,dermoscopic,600,450,22970,
ISIC_7619832,clinical: close-up,600,450,40259,
ISIC_7621482,dermoscopic,600,450,30292,
ISIC_7623387,dermoscopic,600,450,19441,
ISIC_7624779,dermoscopic,600,450,35918,
ISIC_7626679,clinical: close-up,600,450,51420,
ISIC_7627574,clinical: close-up,600,450,47966,
ISIC_7627853,clinical: close-up,600,450,55428,
ISIC_7629062,dermoscopic,600,450,17610,
ISIC_7629948,dermoscopic,600,450,39455,
ISIC_7630309,dermoscopic,600,450,24539,
ISIC_7631504,dermoscopic,600,450,30573,
ISIC_7631509,clinical: close-up,600,450,44782,
ISIC_7632213,clinical: close-up,600,450,29916,
ISIC_7632279,dermoscopic,600,450,23058,
ISIC_7632373,dermoscopic,600,450,27762,
ISIC_7635285,clinical: close-up,600,450,43098,
ISIC_7637914,clinical: close-up,600,450,44466,
ISIC_7638974,dermoscopic,600,450,28756,
ISIC_7640631,dermoscopic,600,450,26912,
ISIC_7641847,clinical: close-up,600,450,46882,
ISIC_7642963,clinical: close-up,600,450,38755,
ISIC_7643593,dermoscopic,600,450,24803,
ISIC_7644369,dermoscopic,600,450,27475,
ISIC_7645103,dermoscopic,600,450,20261,
ISIC_7645646,clinical: close-up,600,450,62057,
ISIC_7645695,clinical: close-up,600,450,44802,
ISIC_7645755,dermoscopic,600,450,22991,
ISIC_7646698,dermoscopic,600,450,22022,
ISIC_7646924,dermoscopic,600,450,24267,
ISIC_7647531,clinical: close-up,600,450,50622,
ISIC_7647712,dermoscopic,600,450,26980,
ISIC_7648987,clinical: close-up,600,450,29349,
ISIC_7650091,clinical: close-up,600,450,36401,
ISIC_7652679,clinical: close-up,600,450,35627,
ISIC_7652703,clinical: close-up,600,450,33655,
ISIC_7653495,clinical: close-up,600,450,40042,
ISIC_7655648,clinical: close-up,600,450,24336,
ISIC_7656588,dermoscopic,600,450,29181,
ISIC_7656591,dermoscopic,600,450,29489,
ISIC_7657322,dermoscopic,600,450,28568,
ISIC_7661066,clinical: close-up,600,450,39956,
ISIC_7662628,clinical: close-up,600,450,36668,
ISIC_7662916,clinical: close-up,600,450,46333,
ISIC_7665103,dermoscopic,600,450,22636,
ISIC_7665860,clinical: close-up,600,450,36661,
ISIC_7668131,dermoscopic,600,450,28657,
ISIC_7668414,dermoscopic,600,450,27346,
ISIC_7669551,clinical: close-up,600,450,15530,
ISIC_7670015,clinical: close-up,600,450,38821,
ISIC_7670059,clinical: close-up,600,450,23562,
ISIC_7670245,clinical: close-up,600,450,47473,
ISIC_7671344,clinical: close-up,600,450,45210,
ISIC_7671720,dermoscopic,600,450,29049,
ISIC_7672873,clinical: close-up,600,450,45947,
ISIC_7675736,dermoscopic,600,450,30078,
ISIC_7676731,clinical: close-up,600,450,46648,
ISIC_7677176,dermoscopic,600,450,21502,
ISIC_7677568,dermoscopic,600,450,18908,
ISIC_7680182,clinical: close-up,600,450,34599,
ISIC_7681010,dermoscopic,600,450,31599,
ISIC_7682533,dermoscopic,600,450,24965,
ISIC_7687096,clinical: close-up,600,450,44058,
ISIC_7687674,dermoscopic,600,450,25575,
ISIC_7692464,dermoscopic,600,450,23129,
ISIC_7692882,dermoscopic,600,450,35445,
ISIC_7693768,dermoscopic,600,450,27710,
ISIC_7695263,dermoscopic,600,450,28300,
ISIC_7695480,clinical: close-up,600,450,51251,
ISIC_7695782,clinical: close-up,600,450,48058,
ISIC_7697023,clinical: close-up,600,450,47069,
ISIC_7700739,clinical: close-up,600,450,41178,
ISIC_7701592,dermoscopic,600,450,25878,
ISIC_7701636,clinical: close-up,600,450,37749,
ISIC_7702191,dermoscopic,600,450,22749,
ISIC_7702697,dermoscopic,600,450,32330,
ISIC_7704554,dermoscopic,600,450,34903,
ISIC_7705117,dermoscopic,600,450,34277,
ISIC_7705901,dermoscopic,600,450,33515,
ISIC_7706527,dermoscopic,600,450,27411,
ISIC_7706534,clinical: close-up,600,450,20455,
ISIC_7708206,clinical: close-up,600,450,34859,
ISIC_7709002,dermoscopic,600,450,34049,
ISIC_7710765,dermoscopic,600,450,25823,
ISIC_7711097,clinical: close-up,600,450,39254,
ISIC_7711626,dermoscopic,600,450,21960,
ISIC_7713646,dermoscopic,600,450,24884,
ISIC_7713794,clinical: close-up,600,450,23515,
ISIC_7716315,dermoscopic,600,450,22220,
ISIC_7717586,clinical: close-up,600,450,46867,
ISIC_7717657,clinical: close-up,600,450,31286,
ISIC_7718206,dermoscopic,600,450,28650,
ISIC_7718433,clinical: close-up,600,450,34757,
ISIC_7719129,dermoscopic,600,450,33905,
ISIC_7722970,dermoscopic,600,450,30096,
ISIC_7725065,dermoscopic,600,450,42069,
ISIC_7725581,clinical: close-up,600,450,33368,
ISIC_7726794,dermoscopic,600,450,31450,
ISIC_7727693,clinical: close-up,600,450,37436,
ISIC_7727795,dermoscopic,600,450,25475,
ISIC_7728329,clinical: close-up,600,450,49448,
ISIC_7729052,dermoscopic,600,450,25575,
ISIC_7729398,clinical: close-up,600,450,33113,
ISIC_7730161,clinical: close-up,600,450,44438,
ISIC_7731011,clinical: close-up,600,450,28657,
ISIC_7731176,clinical: close-up,600,450,43476,
ISIC_7733305,dermoscopic,600,450,17459,
ISIC_7733749,clinical: close-up,600,450,40601,
ISIC_7733845,clinical: close-up,600,450,38720,
ISIC_7733999,dermoscopic,600,450,35158,
ISIC_7734472,dermoscopic,600,450,28636,
ISIC_7735107,dermoscopic,600,450,31477,
ISIC_7735271,clinical: close-up,600,450,33439,
ISIC_7737513,dermoscopic,600,450,36532,
ISIC_7739032,clinical: close-up,600,450,49150,
ISIC_7739313,clinical: close-up,600,450,46447,
ISIC_7742510,clinical: close-up,600,450,45743,
ISIC_7742545,dermoscopic,600,450,26977,
ISIC_7744368,clinical: close-up,600,450,44707,
ISIC_7744790,dermoscopic,600,450,24763,
ISIC_7745161,clinical: close-up,600,450,29737,
ISIC_7745898,clinical: close-up,600,450,38930,
ISIC_7746558,clinical: close-up,600,450,50942,
ISIC_7747685,clinical: close-up,600,450,38417,
ISIC_7748940,clinical: close-up,600,450,40868,
ISIC_7748946,clinical: close-up,600,450,35507,
ISIC_7749511,dermoscopic,600,450,40262,
ISIC_7749901,dermoscopic,600,450,34409,
ISIC_7752452,dermoscopic,600,450,42178,
ISIC_7752807,dermoscopic,600,450,32667,
ISIC_7753585,dermoscopic,600,450,29404,
ISIC_7754022,dermoscopic,600,450,27898,
ISIC_7755525,clinical: close-up,600,450,32248,
ISIC_7756269,clinical: close-up,600,450,44793,
ISIC_7757000,clinical: close-up,600,450,53340,
ISIC_7758887,clinical: close-up,600,450,35854,
ISIC_7759828,clinical: close-up,600,450,38748,
ISIC_7760822,dermoscopic,600,450,25898,
ISIC_7761513,clinical: close-up,600,450,33291,
ISIC_7762277,clinical: close-up,600,450,56142,
ISIC_7763661,dermoscopic,600,450,53004,
ISIC_7764869,clinical: close-up,600,450,36045,
ISIC_7765407,clinical: close-up,600,450,40537,
ISIC_7765747,dermoscopic,600,450,44329,
ISIC_7767475,clinical: close-up,600,450,34550,
ISIC_7767729,clinical: close-up,600,450,44862,
ISIC_7771236,dermoscopic,600,450,21006,
ISIC_7774559,dermoscopic,600,450,28133,
ISIC_7774908,dermoscopic,600,450,23398,
ISIC_7775074,dermoscopic,600,450,21655,
ISIC_7775105,clinical: close-up,600,450,36717,
ISIC_7775899,clinical: close-up,600,450,26675,
ISIC_7776586,dermoscopic,600,450,28935,
ISIC_7777861,dermoscopic,600,450,27656,
ISIC_7778161,dermoscopic,600,450,20127,
ISIC_7778485,clinical: close-up,600,450,43862,
ISIC_7778901,dermoscopic,600,450,27047,
ISIC_7779579,dermoscopic,600,450,30814,
ISIC_7780391,clinical: close-up,600,450,26995,
ISIC_7780780,clinical: close-up,600,450,43810,
ISIC_7782700,dermoscopic,600,450,19672,
ISIC_7782780,clinical: close-up,600,450,35744,
ISIC_7783388,clinical: close-up,600,450,29175,
ISIC_7784358,clinical: close-up,600,450,24602,
ISIC_7784876,dermoscopic,600,450,20997,
ISIC_7785676,dermoscopic,600,450,30170,
ISIC_7788766,dermoscopic,600,450,28349,
ISIC_7789126,clinical: close-up,600,450,37718,
ISIC_7789436,clinical: close-up,600,450,44910,
ISIC_7789714,clinical: close-up,600,450,21515,
ISIC_7789919,clinical: close-up,600,450,20092,
ISIC_7790823,clinical: close-up,600,450,62997,
ISIC_7793370,clinical: close-up,600,450,29882,
ISIC_7793572,dermoscopic,600,450,25974,
ISIC_7794974,dermoscopic,600,450,30441,
ISIC_7797463,clinical: close-up,600,450,40546,
ISIC_7798660,dermoscopic,600,450,40740,
ISIC_7799008,dermoscopic,600,450,31454,
ISIC_7799334,dermoscopic,600,450,40535,
ISIC_7799504,dermoscopic,600,450,18123,
ISIC_7801225,clinical: close-up,600,450,33241,
ISIC_7801345,dermoscopic,600,450,75876,
ISIC_7801659,clinical: close-up,600,450,55527,
ISIC_7803268,dermoscopic,600,450,39332,
ISIC_7803811,clinical: close-up,600,450,30573,
ISIC_7803895,clinical: close-up,600,450,26826,
ISIC_7804815,dermoscopic,600,450,27751,
ISIC_7805529,clinical: close-up,600,450,45848,
ISIC_7805543,clinical: close-up,600,450,46089,
ISIC_7805699,dermoscopic,600,450,24422,
ISIC_7805735,dermoscopic,600,450,25775,
ISIC_7806262,dermoscopic,600,450,26684,
ISIC_7806816,dermoscopic,600,450,20483,
ISIC_7806895,dermoscopic,600,450,25044,
ISIC_7808009,clinical: close-up,600,450,44007,
ISIC_7808642,dermoscopic,600,450,22872,
ISIC_7808755,dermoscopic,600,450,23850,
ISIC_7808824,clinical: close-up,600,450,47391,
ISIC_7809981,clinical: close-up,600,450,31530,
ISIC_7811672,dermoscopic,600,450,29503,
ISIC_7812213,clinical: close-up,600,450,40238,
ISIC_7812484,dermoscopic,600,450,21235,
ISIC_7812529,dermoscopic,600,450,36716,
ISIC_7813552,clinical: close-up,600,450,19641,
ISIC_7813760,dermoscopic,600,450,18431,
ISIC_7816290,clinical: close-up,600,450,38791,
ISIC_7817656,clinical: close-up,600,450,48080,
ISIC_7817884,dermoscopic,600,450,33039,
ISIC_7818562,dermoscopic,600,450,26358,
ISIC_7819126,dermoscopic,600,450,14839,
ISIC_7819570,clinical: close-up,600,450,21033,
ISIC_7820228,clinical: close-up,600,450,27296,
ISIC_7821150,dermoscopic,600,450,16715,
ISIC_7821426,clinical: close-up,600,450,60421,
ISIC_7822239,clinical: close-up,600,450,38607,
ISIC_7822262,clinical: close-up,600,450,28767,
ISIC_7826908,dermoscopic,600,450,21101,
ISIC_7827261,clinical: close-up,600,450,51187,
ISIC_7827973,dermoscopic,600,450,21547,
ISIC_7827983,clinical: close-up,600,450,43071,
ISIC_7828218,dermoscopic,600,450,31168,
ISIC_7828331,dermoscopic,600,450,19315,
ISIC_7828899,clinical: close-up,600,450,41907,
ISIC_7830070,clinical: close-up,600,450,50993,
ISIC_7832392,dermoscopic,600,450,37860,
ISIC_7834236,clinical: close-up,600,450,20526,
ISIC_7835311,clinical: close-up,600,450,47065,
ISIC_7835980,clinical: close-up,600,450,39401,
ISIC_7836446,clinical: close-up,600,450,39529,
ISIC_7836451,dermoscopic,600,450,33372,
ISIC_7836855,dermoscopic,600,450,31372,
ISIC_7837278,dermoscopic,600,450,62069,
ISIC_7838099,clinical: close-up,600,450,49065,
ISIC_7838537,dermoscopic,600,450,27525,
ISIC_7839162,dermoscopic,600,450,34719,
ISIC_7841088,dermoscopic,600,450,18775,
ISIC_7841785,clinical: close-up,600,450,39615,
ISIC_7843146,dermoscopic,600,450,19710,
ISIC_7843276,clinical: close-up,600,450,17511,
ISIC_7844119,clinical: close-up,600,450,43855,
ISIC_7844519,clinical: close-up,600,450,31008,
ISIC_7846682,clinical: close-up,600,450,37712,
ISIC_7849398,clinical: close-up,600,450,48228,
ISIC_7849821,clinical: close-up,600,450,30804,
ISIC_7851081,dermoscopic,600,450,20351,
ISIC_7852805,clinical: close-up,600,450,41209,
ISIC_7853005,clinical: close-up,600,450,28916,
ISIC_7853714,clinical: close-up,600,450,21804,
ISIC_7854881,dermoscopic,600,450,23150,
ISIC_7855982,dermoscopic,600,450,21893,
ISIC_7857854,clinical: close-up,600,450,39482,
ISIC_7858765,dermoscopic,600,450,23983,
ISIC_7859130,dermoscopic,600,450,31690,
ISIC_7860232,dermoscopic,600,450,27355,
ISIC_7865678,clinical: close-up,600,450,56042,
ISIC_7868177,dermoscopic,600,450,22030,
ISIC_7868229,clinical: close-up,600,450,29032,
ISIC_7869069,dermoscopic,600,450,31591,
ISIC_7869346,dermoscopic,600,450,29061,
ISIC_7870559,dermoscopic,600,450,43057,
ISIC_7871224,dermoscopic,600,450,35889,
ISIC_7872235,clinical: close-up,600,450,27021,
ISIC_7872925,clinical: close-up,600,450,49574,
ISIC_7872929,clinical: close-up,600,450,35296,
ISIC_7875352,clinical: close-up,600,450,39261,
ISIC_7876083,dermoscopic,600,450,25727,
ISIC_7876146,clinical: close-up,600,450,58633,
ISIC_7876616,dermoscopic,600,450,26488,
ISIC_7878572,clinical: close-up,600,450,46238,
ISIC_7878714,dermoscopic,600,450,20504,
ISIC_7880723,dermoscopic,600,450,29476,
ISIC_7882033,dermoscopic,600,450,36232,
ISIC_7882124,clinical: close-up,600,450,38588,
ISIC_7882189,clinical: close-up,600,450,44850,
ISIC_7882504,dermoscopic,600,450,22404,
ISIC_7883260,dermoscopic,600,450,21182,
ISIC_7885691,dermoscopic,600,450,39039,
ISIC_7885893,clinical: close-up,600,450,26101,
ISIC_7886084,dermoscopic,600,450,34956,
ISIC_7886221,dermoscopic,600,450,28490,
ISIC_7888447,dermoscopic,600,450,16780,
ISIC_7888608,clinical: close-up,600,450,45186,
ISIC_7889192,clinical: close-up,600,450,22394,
ISIC_7889425,dermoscopic,600,450,24511,
ISIC_7890093,dermoscopic,600,450,15306,
ISIC_7890222,dermoscopic,600,450,26315,
ISIC_7891302,clinical: close-up,600,450,48687,
ISIC_7892545,dermoscopic,600,450,37108,
ISIC_7893518,dermoscopic,600,450,25613,
ISIC_7894539,clinical: close-up,600,450,38868,
ISIC_7896796,dermoscopic,600,450,25821,
ISIC_7896976,dermoscopic,600,450,28728,
ISIC_7898573,clinical: close-up,600,450,40052,
ISIC_7898975,clinical: close-up,600,450,53082,
ISIC_7900173,clinical: close-up,600,450,26468,
ISIC_7901262,clinical: close-up,600,450,43830,
ISIC_7901805,dermoscopic,600,450,28972,
ISIC_7902320,dermoscopic,600,450,25154,
ISIC_7902497,dermoscopic,600,450,32521,
ISIC_7902533,clinical: close-up,600,450,59904,
ISIC_7902747,dermoscopic,600,450,26401,
ISIC_7903287,dermoscopic,600,450,43950,
ISIC_7903629,clinical: close-up,600,450,45279,
ISIC_7904190,clinical: close-up,600,450,38196,
ISIC_7904505,dermoscopic,600,450,18332,
ISIC_7904583,clinical: close-up,600,450,24575,
ISIC_7905907,clinical: close-up,600,450,36698,
ISIC_7905939,clinical: close-up,600,450,39151,
ISIC_7907324,dermoscopic,600,450,25637,
ISIC_7910863,dermoscopic,600,450,26665,
ISIC_7911067,clinical: close-up,600,450,21555,
ISIC_7911836,clinical: close-up,600,450,37344,
ISIC_7912691,dermoscopic,600,450,31287,
ISIC_7913133,clinical: close-up,600,450,31307,
ISIC_7913268,dermoscopic,600,450,38527,
ISIC_7913691,clinical: close-up,600,450,33152,
ISIC_7914809,clinical: close-up,600,450,32279,
ISIC_7915016,dermoscopic,600,450,15963,
ISIC_7916204,clinical: close-up,600,450,30545,
ISIC_7916653,dermoscopic,600,450,28411,
ISIC_7916990,clinical: close-up,600,450,32252,
ISIC_7917060,dermoscopic,600,450,25511,
ISIC_7917913,dermoscopic,600,450,32802,
ISIC_7918518,dermoscopic,600,450,33440,
ISIC_7919661,clinical: close-up,600,450,20200,
ISIC_7919849,clinical: close-up,600,450,41596,
ISIC_7920017,clinical: close-up,600,450,30260,
ISIC_7921865,dermoscopic,600,450,31637,
ISIC_7922830,dermoscopic,600,450,30929,
ISIC_7925027,clinical: close-up,600,450,34729,
ISIC_7925520,dermoscopic,600,450,19253,
ISIC_7926021,clinical: close-up,600,450,47676,
ISIC_7928247,clinical: close-up,600,450,37134,
ISIC_7929517,dermoscopic,600,450,31729,
ISIC_7929528,dermoscopic,600,450,24374,
ISIC_7931618,dermoscopic,600,450,32057,
ISIC_7931784,clinical: close-up,600,450,21145,
ISIC_7931991,clinical: close-up,600,450,34634,
ISIC_7932712,clinical: close-up,600,450,41933,
ISIC_7933087,clinical: close-up,600,450,47907,
ISIC_7936557,dermoscopic,600,450,24205,
ISIC_7936930,clinical: close-up,600,450,30258,
ISIC_7938895,clinical: close-up,600,450,34016,
ISIC_7938939,dermoscopic,600,450,17779,
ISIC_7939416,dermoscopic,600,450,23652,
ISIC_7939427,dermoscopic,600,450,26084,
ISIC_7939458,clinical: close-up,600,450,43824,
ISIC_7939848,dermoscopic,600,450,24977,
ISIC_7941055,dermoscopic,600,450,31809,
ISIC_7943464,clinical: close-up,600,450,53914,
ISIC_7943627,dermoscopic,600,450,30651,
ISIC_7943939,dermoscopic,600,450,26552,
ISIC_7945457,dermoscopic,600,450,19154,
ISIC_7946501,dermoscopic,600,450,30735,
ISIC_7947601,clinical: close-up,600,450,42916,
ISIC_7949818,dermoscopic,600,450,25204,
ISIC_7951600,dermoscopic,600,450,29427,
ISIC_7952911,clinical: close-up,600,450,33985,
ISIC_7953190,dermoscopic,600,450,23688,
ISIC_7954970,dermoscopic,600,450,21621,
ISIC_7956828,clinical: close-up,600,450,40959,
ISIC_7957331,clinical: close-up,600,450,62146,
ISIC_7957957,dermoscopic,600,450,28356,
ISIC_7958109,clinical: close-up,600,450,37557,
ISIC_7960659,clinical: close-up,600,450,26226,
ISIC_7960741,clinical: close-up,600,450,27472,
ISIC_7961515,clinical: close-up,600,450,43260,
ISIC_7961554,clinical: close-up,600,450,46075,
ISIC_7962171,dermoscopic,600,450,17522,
ISIC_7964186,clinical: close-up,600,450,36814,
ISIC_7965278,clinical: close-up,600,450,36069,
ISIC_7965372,dermoscopic,600,450,21976,
ISIC_7969817,dermoscopic,600,450,30392,
ISIC_7970664,clinical: close-up,600,450,46024,
ISIC_7971759,clinical: close-up,600,450,42393,
ISIC_7971818,clinical: close-up,600,450,41278,
ISIC_7973098,dermoscopic,600,450,23864,
ISIC_7974196,dermoscopic,600,450,22662,
ISIC_7974235,dermoscopic,600,450,26639,
ISIC_7974271,dermoscopic,600,450,30034,
ISIC_7974788,clinical: close-up,600,450,36006,
ISIC_7974869,dermoscopic,600,450,19280,
ISIC_7977103,dermoscopic,600,450,22206,
ISIC_7977369,clinical: close-up,600,450,19830,
ISIC_7978498,dermoscopic,600,450,22087,
ISIC_7979271,dermoscopic,600,450,23834,
ISIC_7980095,clinical: close-up,600,450,36299,
ISIC_7981568,clinical: close-up,600,450,43522,
ISIC_7981707,dermoscopic,600,450,30681,
ISIC_7982443,dermoscopic,600,450,26591,
ISIC_7982662,clinical: close-up,600,450,20542,
ISIC_7983538,dermoscopic,600,450,22979,
ISIC_7984223,dermoscopic,600,450,32145,
ISIC_7985297,clinical: close-up,600,450,41325,
ISIC_7986295,dermoscopic,600,450,56989,
ISIC_7987042,dermoscopic,600,450,19393,
ISIC_7987908,dermoscopic,600,450,23602,
ISIC_7989237,clinical: close-up,600,450,36973,
ISIC_7989369,dermoscopic,600,450,28057,
ISIC_7989453,dermoscopic,600,450,23724,
ISIC_7989475,clinical: close-up,600,450,45581,
ISIC_7991063,clinical: close-up,600,450,41588,
ISIC_7991319,dermoscopic,600,450,28564,
ISIC_7991773,dermoscopic,600,450,19187,
ISIC_7992008,clinical: close-up,600,450,22229,
ISIC_7992749,clinical: close-up,600,450,36115,
ISIC_7993187,clinical: close-up,600,450,43614,
ISIC_7993222,dermoscopic,600,450,22854,
ISIC_7994643,dermoscopic,600,450,37643,
ISIC_7996471,clinical: close-up,600,450,49175,
ISIC_7997862,dermoscopic,600,450,23038,
ISIC_8000351,clinical: close-up,600,450,34309,
ISIC_8000477,clinical: close-up,600,450,31699,
ISIC_8000982,dermoscopic,600,450,16766,
ISIC_8001737,dermoscopic,600,450,36434,
ISIC_8002362,dermoscopic,600,450,24652,
ISIC_8005759,dermoscopic,600,450,34694,
ISIC_8006314,dermoscopic,600,450,20234,
ISIC_8008482,dermoscopic,600,450,30273,
ISIC_8010616,clinical: close-up,600,450,26986,
ISIC_8011910,dermoscopic,600,450,42423,
ISIC_8012183,clinical: close-up,600,450,32709,
ISIC_8012264,dermoscopic,600,450,33322,
ISIC_8015399,dermoscopic,600,450,28985,
ISIC_8015470,clinical: close-up,600,450,57478,
ISIC_8016561,clinical: close-up,600,450,47926,
ISIC_8019366,dermoscopic,600,450,18970,
ISIC_8019995,clinical: close-up,600,450,34479,
ISIC_8020470,dermoscopic,600,450,19441,
ISIC_8020571,dermoscopic,600,450,25545,
ISIC_8021491,dermoscopic,600,450,28467,
ISIC_8021500,dermoscopic,600,450,22675,
ISIC_8022914,clinical: close-up,600,450,45060,
ISIC_8023105,dermoscopic,600,450,23901,
ISIC_8024416,clinical: close-up,600,450,23885,
ISIC_8024502,clinical: close-up,600,450,46283,
ISIC_8025365,clinical: close-up,600,450,43458,
ISIC_8025582,dermoscopic,600,450,25710,
ISIC_8026822,dermoscopic,600,450,22641,
ISIC_8027200,dermoscopic,600,450,24962,
ISIC_8028890,dermoscopic,600,450,34506,
ISIC_8031107,dermoscopic,600,450,24150,
ISIC_8032040,dermoscopic,600,450,32243,
ISIC_8032507,dermoscopic,600,450,25442,
ISIC_8032730,clinical: close-up,600,450,40530,
ISIC_8033561,clinical: close-up,600,450,48542,
ISIC_8035327,dermoscopic,600,450,22594,
ISIC_8037974,clinical: close-up,600,450,38943,
ISIC_8038275,clinical: close-up,600,450,43369,
ISIC_8038352,dermoscopic,600,450,28934,
ISIC_8038497,dermoscopic,600,450,26589,
ISIC_8039873,clinical: close-up,600,450,21080,
ISIC_8040056,dermoscopic,600,450,24024,
ISIC_8041130,dermoscopic,600,450,28678,
ISIC_8042747,dermoscopic,600,450,49694,
ISIC_8042886,dermoscopic,600,450,33782,
ISIC_8042946,clinical: close-up,600,450,30452,
ISIC_8044922,clinical: close-up,600,450,45389,
ISIC_8046525,clinical: close-up,600,450,39990,
ISIC_8050539,clinical: close-up,600,450,44040,
ISIC_8052182,clinical: close-up,600,450,36222,
ISIC_8052679,clinical: close-up,600,450,37202,
ISIC_8052859,dermoscopic,600,450,26998,
ISIC_8053804,dermoscopic,600,450,38869,
ISIC_8054114,clinical: close-up,600,450,43453,
ISIC_8054499,dermoscopic,600,450,25540,
ISIC_8056101,dermoscopic,600,450,28892,
ISIC_8056158,dermoscopic,600,450,30372,
ISIC_8058034,dermoscopic,600,450,35681,
ISIC_8059473,dermoscopic,600,450,28029,
ISIC_8060479,dermoscopic,600,450,27229,
ISIC_8060774,clinical: close-up,600,450,37882,
ISIC_8063764,clinical: close-up,600,450,43479,
ISIC_8064335,clinical: close-up,600,450,42920,
ISIC_8064864,clinical: close-up,600,450,43962,
ISIC_8068358,dermoscopic,600,450,36023,
ISIC_8068926,dermoscopic,600,450,13950,
ISIC_8069305,clinical: close-up,600,450,35832,
ISIC_8070587,clinical: close-up,600,450,31043,
ISIC_8071918,dermoscopic,600,450,30450,
ISIC_8072870,dermoscopic,600,450,23865,
ISIC_8073921,clinical: close-up,600,450,55287,
ISIC_8078817,clinical: close-up,600,450,46702,
ISIC_8079388,clinical: close-up,600,450,22113,
ISIC_8079552,dermoscopic,600,450,23836,
ISIC_8079864,dermoscopic,600,450,29693,
ISIC_8082083,dermoscopic,600,450,30705,
ISIC_8088100,clinical: close-up,600,450,50628,
ISIC_8089680,clinical: close-up,600,450,27801,
ISIC_8090800,dermoscopic,600,450,27275,
ISIC_8092373,dermoscopic,600,450,27491,
ISIC_8095870,clinical: close-up,600,450,44302,
ISIC_8096488,dermoscopic,600,450,21846,
ISIC_8096941,clinical: close-up,600,450,38994,
ISIC_8097656,clinical: close-up,600,450,38915,
ISIC_8097741,dermoscopic,600,450,26228,
ISIC_8098167,dermoscopic,600,450,22167,
ISIC_8098771,dermoscopic,600,450,43845,
ISIC_8099059,clinical: close-up,600,450,52436,
ISIC_8102692,dermoscopic,600,450,28422,
ISIC_8103067,dermoscopic,600,450,23088,
ISIC_8104170,clinical: close-up,600,450,42221,
ISIC_8107179,clinical: close-up,600,450,47754,
ISIC_8107716,clinical: close-up,600,450,30508,
ISIC_8108965,clinical: close-up,600,450,46647,
ISIC_8109519,dermoscopic,600,450,26377,
ISIC_8111688,dermoscopic,600,450,25247,
ISIC_8112188,dermoscopic,600,450,32619,
ISIC_8112445,clinical: close-up,600,450,28165,
ISIC_8113702,clinical: close-up,600,450,33305,
ISIC_8114137,dermoscopic,600,450,24125,
ISIC_8114381,clinical: close-up,600,450,46413,
ISIC_8117173,clinical: close-up,600,450,33415,
ISIC_8117883,clinical: close-up,600,450,47117,
ISIC_8118009,dermoscopic,600,450,29685,
ISIC_8119167,dermoscopic,600,450,24517,
ISIC_8119943,clinical: close-up,600,450,36293,
ISIC_8120806,clinical: close-up,600,450,33849,
ISIC_8120877,clinical: close-up,600,450,38199,
ISIC_8120902,dermoscopic,600,450,33451,
ISIC_8121619,dermoscopic,600,450,23029,
ISIC_8124386,clinical: close-up,600,450,43973,
ISIC_8124598,clinical: close-up,600,450,41018,
ISIC_8126703,dermoscopic,600,450,35986,
ISIC_8127734,dermoscopic,600,450,28184,
ISIC_8129640,dermoscopic,600,450,29099,
ISIC_8131794,clinical: close-up,600,450,42778,
ISIC_8132785,clinical: close-up,600,450,37713,
ISIC_8133362,clinical: close-up,600,450,26760,
ISIC_8133623,dermoscopic,600,450,17382,
ISIC_8134181,dermoscopic,600,450,24084,
ISIC_8137029,dermoscopic,600,450,20546,
ISIC_8137954,dermoscopic,600,450,28245,
ISIC_8138627,dermoscopic,600,450,29217,
ISIC_8138760,clinical: close-up,600,450,49871,
ISIC_8139051,clinical: close-up,600,450,43576,
ISIC_8143135,dermoscopic,600,450,27053,
ISIC_8144790,clinical: close-up,600,450,32201,
ISIC_8145727,dermoscopic,600,450,19282,
ISIC_8145823,dermoscopic,600,450,26214,
ISIC_8147299,clinical: close-up,600,450,43749,
ISIC_8149219,clinical: close-up,600,450,23593,
ISIC_8150619,clinical: close-up,600,450,50273,
ISIC_8151340,clinical: close-up,600,450,37483,
ISIC_8151706,dermoscopic,600,450,29501,
ISIC_8152761,dermoscopic,600,450,24319,
ISIC_8153849,dermoscopic,600,450,32826,
ISIC_8153909,clinical: close-up,600,450,28677,
ISIC_8154140,dermoscopic,600,450,15737,
ISIC_8154669,dermoscopic,600,450,27937,
ISIC_8158325,dermoscopic,600,450,15961,
ISIC_8158738,dermoscopic,600,450,29945,
ISIC_8159044,clinical: close-up,600,450,39109,
ISIC_8159052,dermoscopic,600,450,18055,
ISIC_8160587,clinical: close-up,600,450,29785,
ISIC_8160849,clinical: close-up,600,450,42110,
ISIC_8165089,clinical: close-up,600,450,41686,
ISIC_8167281,clinical: close-up,600,450,46877,
ISIC_8168496,dermoscopic,600,450,26993,
ISIC_8171205,clinical: close-up,600,450,24491,
ISIC_8171211,clinical: close-up,600,450,39175,
ISIC_8171632,dermoscopic,600,450,27677,
ISIC_8171954,clinical: close-up,600,450,37709,
ISIC_8172746,clinical: close-up,600,450,42624,
ISIC_8172800,clinical: close-up,600,450,52627,
ISIC_8175420,clinical: close-up,600,450,49161,
ISIC_8176738,clinical: close-up,600,450,45325,
ISIC_8176795,dermoscopic,600,450,29797,
ISIC_8177696,dermoscopic,600,450,24268,
ISIC_8178501,dermoscopic,600,450,20855,
ISIC_8178616,clinical: close-up,600,450,22384,
ISIC_8178956,clinical: close-up,600,450,34501,
ISIC_8179634,dermoscopic,600,450,27844,
ISIC_8180126,clinical: close-up,600,450,48552,
ISIC_8180214,dermoscopic,600,450,23567,
ISIC_8180766,dermoscopic,600,450,20113,
ISIC_8183159,dermoscopic,600,450,26604,
ISIC_8184315,dermoscopic,600,450,27844,
ISIC_8184627,clinical: close-up,600,450,39804,
ISIC_8186312,clinical: close-up,600,450,43920,
ISIC_8186630,dermoscopic,600,450,24453,
ISIC_8188045,clinical: close-up,600,450,33241,
ISIC_8190843,dermoscopic,600,450,23778,
ISIC_8191013,dermoscopic,600,450,22631,
ISIC_8191999,dermoscopic,600,450,23309,
ISIC_8193005,dermoscopic,600,450,26447,
ISIC_8193858,clinical: close-up,600,450,56843,
ISIC_8195300,clinical: close-up,600,450,36714,
ISIC_8195612,dermoscopic,600,450,27380,
ISIC_8195917,dermoscopic,600,450,24727,
ISIC_8197317,dermoscopic,600,450,28293,
ISIC_8197778,clinical: close-up,600,450,44097,
ISIC_8198425,clinical: close-up,600,450,43589,
ISIC_8198645,clinical: close-up,600,450,25438,
ISIC_8199024,dermoscopic,600,450,32025,
ISIC_8202730,clinical: close-up,600,450,32717,
ISIC_8204527,dermoscopic,600,450,44486,
ISIC_8206552,dermoscopic,600,450,18499,
ISIC_8207675,clinical: close-up,600,450,46276,
ISIC_8209412,clinical: close-up,600,450,38706,
ISIC_8210069,clinical: close-up,600,450,38490,
ISIC_8212322,clinical: close-up,600,450,50688,
ISIC_8216271,clinical: close-up,600,450,38178,
ISIC_8216483,clinical: close-up,600,450,24742,
ISIC_8216653,dermoscopic,600,450,30171,
ISIC_8218617,dermoscopic,600,450,31824,
ISIC_8220140,clinical: close-up,600,450,32038,
ISIC_8223664,dermoscopic,600,450,35952,
ISIC_8223761,dermoscopic,600,450,32937,
ISIC_8224925,clinical: close-up,600,450,43696,
ISIC_8225481,clinical: close-up,600,450,37756,
ISIC_8225518,clinical: close-up,600,450,38749,
ISIC_8226322,dermoscopic,600,450,36591,
ISIC_8226503,clinical: close-up,600,450,25383,
ISIC_8229493,dermoscopic,600,450,19988,
ISIC_8229738,clinical: close-up,600,450,34077,
ISIC_8231124,clinical: close-up,600,450,40585,
ISIC_8231148,clinical: close-up,600,450,58002,
ISIC_8231201,clinical: close-up,600,450,33803,
ISIC_8231437,dermoscopic,600,450,26007,
ISIC_8232296,clinical: close-up,600,450,30569,
ISIC_8234371,dermoscopic,600,450,32486,
ISIC_8234709,dermoscopic,600,450,28901,
ISIC_8234989,clinical: close-up,600,450,41152,
ISIC_8236388,dermoscopic,600,450,19109,
ISIC_8236818,clinical: close-up,600,450,39472,
ISIC_8237625,clinical: close-up,600,450,27322,
ISIC_8238316,dermoscopic,600,450,24247,
ISIC_8239142,clinical: close-up,600,450,34650,
ISIC_8239177,dermoscopic,600,450,35761,
ISIC_8240527,dermoscopic,600,450,20798,
ISIC_8243063,clinical: close-up,600,450,32243,
ISIC_8243525,dermoscopic,600,450,45873,
ISIC_8243847,clinical: close-up,600,450,31938,
ISIC_8244439,dermoscopic,600,450,28322,
ISIC_8245171,clinical: close-up,600,450,41761,
ISIC_8247362,clinical: close-up,600,450,35987,
ISIC_8247705,clinical: close-up,600,450,35000,
ISIC_8249583,clinical: close-up,600,450,35395,
ISIC_8251123,dermoscopic,600,450,24039,
ISIC_8251827,dermoscopic,600,450,20432,
ISIC_8251905,clinical: close-up,600,450,25196,
ISIC_8253140,clinical: close-up,600,450,21141,
ISIC_8253705,dermoscopic,600,450,25503,
ISIC_8254014,dermoscopic,600,450,26625,
ISIC_8254063,dermoscopic,600,450,35957,
ISIC_8254778,clinical: close-up,600,450,46022,
ISIC_8255125,dermoscopic,600,450,21161,
ISIC_8255479,clinical: close-up,600,450,38736,
ISIC_8256353,dermoscopic,600,450,32779,
ISIC_8256652,clinical: close-up,600,450,40466,
ISIC_8257388,dermoscopic,600,450,20376,
ISIC_8257972,dermoscopic,600,450,30876,
ISIC_8260085,dermoscopic,600,450,21630,
ISIC_8260302,dermoscopic,600,450,31019,
ISIC_8260534,dermoscopic,600,450,27628,
ISIC_8260850,dermoscopic,600,450,25706,
ISIC_8261347,dermoscopic,600,450,30964,
ISIC_8263244,dermoscopic,600,450,40965,
ISIC_8268102,clinical: close-up,600,450,30210,
ISIC_8268192,dermoscopic,600,450,22535,
ISIC_8268969,dermoscopic,600,450,31613,
ISIC_8271657,clinical: close-up,600,450,42087,
ISIC_8271684,dermoscopic,600,450,25419,
ISIC_8271995,clinical: close-up,600,450,39951,
ISIC_8273914,clinical: close-up,600,450,49547,
ISIC_8274052,dermoscopic,600,450,23727,
ISIC_8274376,dermoscopic,600,450,23817,
ISIC_8274729,clinical: close-up,600,450,34626,
ISIC_8274863,dermoscopic,600,450,27592,
ISIC_8278794,clinical: close-up,600,450,45331,
ISIC_8280602,dermoscopic,600,450,34091,
ISIC_8281265,dermoscopic,600,450,30854,
ISIC_8283268,clinical: close-up,600,450,37538,
ISIC_8283280,dermoscopic,600,450,21022,
ISIC_8284395,clinical: close-up,600,450,54000,
ISIC_8285122,dermoscopic,600,450,32251,
ISIC_8285513,clinical: close-up,600,450,40305,
ISIC_8285845,dermoscopic,600,450,15510,
ISIC_8285958,dermoscopic,600,450,24328,
ISIC_8287342,clinical: close-up,600,450,32986,
ISIC_8287609,clinical: close-up,600,450,51213,
ISIC_8288141,dermoscopic,600,450,25038,
ISIC_8288213,clinical: close-up,600,450,50530,
ISIC_8291456,dermoscopic,600,450,29795,
ISIC_8292493,dermoscopic,600,450,30752,
ISIC_8292731,clinical: close-up,600,450,57833,
ISIC_8292872,dermoscopic,600,450,23661,
ISIC_8293339,clinical: close-up,600,450,51025,
ISIC_8293683,dermoscopic,600,450,33641,
ISIC_8293828,dermoscopic,600,450,25691,
ISIC_8294897,dermoscopic,600,450,23428,
ISIC_8295638,clinical: close-up,600,450,44481,
ISIC_8301701,clinical: close-up,600,450,33328,
ISIC_8302244,clinical: close-up,600,450,47188,
ISIC_8302743,dermoscopic,600,450,25155,
ISIC_8304179,clinical: close-up,600,450,41714,
ISIC_8305576,dermoscopic,600,450,27971,
ISIC_8305748,dermoscopic,600,450,23350,
ISIC_8307786,dermoscopic,600,450,26673,
ISIC_8308325,dermoscopic,600,450,48964,
ISIC_8309358,dermoscopic,600,450,28038,
ISIC_8310935,dermoscopic,600,450,32175,
ISIC_8311956,clinical: close-up,600,450,44956,
ISIC_8312363,dermoscopic,600,450,23272,
ISIC_8313343,dermoscopic,600,450,23061,
ISIC_8314749,dermoscopic,600,450,26767,
ISIC_8318126,dermoscopic,600,450,27394,
ISIC_8318215,clinical: close-up,600,450,69419,
ISIC_8319384,dermoscopic,600,450,35335,
ISIC_8322623,dermoscopic,600,450,17859,
ISIC_8323623,clinical: close-up,600,450,34435,
ISIC_8324594,dermoscopic,600,450,23486,
ISIC_8324607,clinical: close-up,600,450,34085,
ISIC_8325885,clinical: close-up,600,450,33181,
ISIC_8325963,dermoscopic,600,450,21223,
ISIC_8326686,clinical: close-up,600,450,32631,
ISIC_8327585,dermoscopic,600,450,26980,
ISIC_8328022,clinical: close-up,600,450,34413,
ISIC_8329990,dermoscopic,600,450,45341,
ISIC_8330638,clinical: close-up,600,450,40603,
ISIC_8331574,dermoscopic,600,450,23998,
ISIC_8332020,dermoscopic,600,450,26831,
ISIC_8333805,clinical: close-up,600,450,36158,
ISIC_8334167,dermoscopic,600,450,17426,
ISIC_8334297,dermoscopic,600,450,34469,
ISIC_8337677,clinical: close-up,600,450,49471,
ISIC_8338464,dermoscopic,600,450,24635,
ISIC_8338783,clinical: close-up,600,450,40831,
ISIC_8339130,clinical: close-up,600,450,37853,
ISIC_8339862,clinical: close-up,600,450,43571,
ISIC_8339912,clinical: close-up,600,450,49843,
ISIC_8339951,dermoscopic,600,450,32135,
ISIC_8340872,dermoscopic,600,450,30752,
ISIC_8341598,dermoscopic,600,450,27924,
ISIC_8342006,clinical: close-up,600,450,27896,
ISIC_8344038,clinical: close-up,600,450,51768,
ISIC_8344146,dermoscopic,600,450,33266,
ISIC_8344818,dermoscopic,600,450,23892,
ISIC_8344886,dermoscopic,600,450,25640,
ISIC_8345526,dermoscopic,600,450,31258,
ISIC_8346017,clinical: close-up,600,450,33762,
ISIC_8346382,clinical: close-up,600,450,38965,
ISIC_8349783,clinical: close-up,600,450,52161,
ISIC_8349907,clinical: close-up,600,450,36098,
ISIC_8350291,clinical: close-up,600,450,43054,
ISIC_8350480,clinical: close-up,600,450,44538,
ISIC_8350498,clinical: close-up,600,450,43741,
ISIC_8350851,dermoscopic,600,450,21529,
ISIC_8351733,clinical: close-up,600,450,33843,
ISIC_8352723,dermoscopic,600,450,30628,
ISIC_8353499,dermoscopic,600,450,23086,
ISIC_8354428,clinical: close-up,600,450,46126,
ISIC_8355069,dermoscopic,600,450,23407,
ISIC_8355956,clinical: close-up,600,450,44449,
ISIC_8356317,dermoscopic,600,450,42805,
ISIC_8356432,dermoscopic,600,450,26923,
ISIC_8356711,dermoscopic,600,450,24525,
ISIC_8356776,dermoscopic,600,450,23810,
ISIC_8357175,clinical: close-up,600,450,47950,
ISIC_8357891,clinical: close-up,600,450,50177,
ISIC_8358187,clinical: close-up,600,450,11822,
ISIC_8358325,clinical: close-up,600,450,34499,
ISIC_8358859,clinical: close-up,600,450,40742,
ISIC_8361691,dermoscopic,600,450,26581,
ISIC_8361955,dermoscopic,600,450,31646,
ISIC_8362273,dermoscopic,600,450,30344,
ISIC_8362681,dermoscopic,600,450,24994,
ISIC_8363273,clinical: close-up,600,450,41661,
ISIC_8365405,dermoscopic,600,450,24278,
ISIC_8365952,clinical: close-up,600,450,43998,
ISIC_8366050,clinical: close-up,600,450,22212,
ISIC_8366447,dermoscopic,600,450,31479,
ISIC_8366620,clinical: close-up,600,450,35258,
ISIC_8366863,dermoscopic,600,450,21224,
ISIC_8367084,dermoscopic,600,450,28476,
ISIC_8367579,clinical: close-up,600,450,54325,
ISIC_8368960,dermoscopic,600,450,25861,
ISIC_8370666,dermoscopic,600,450,25465,
ISIC_8372143,clinical: close-up,600,450,43111,
ISIC_8372465,dermoscopic,600,450,26268,
ISIC_8372539,clinical: close-up,600,450,38115,
ISIC_8373214,dermoscopic,600,450,31883,
ISIC_8373898,clinical: close-up,600,450,46911,
ISIC_8374389,clinical: close-up,600,450,36072,
ISIC_8375466,clinical: close-up,600,450,32355,
ISIC_8375920,clinical: close-up,600,450,35237,
ISIC_8376145,clinical: close-up,600,450,40161,
ISIC_8376392,clinical: close-up,600,450,37806,
ISIC_8376889,clinical: close-up,600,450,34388,
ISIC_8377707,dermoscopic,600,450,27360,
ISIC_8379217,clinical: close-up,600,450,37200,
ISIC_8379235,dermoscopic,600,450,38164,
ISIC_8381176,dermoscopic,600,450,28158,
ISIC_8381434,clinical: close-up,600,450,38692,
ISIC_8381606,dermoscopic,600,450,18431,
ISIC_8383673,clinical: close-up,600,450,40935,
ISIC_8383870,clinical: close-up,600,450,36518,
ISIC_8385396,dermoscopic,600,450,17535,
ISIC_8385616,dermoscopic,600,450,27063,
ISIC_8385854,clinical: close-up,600,450,47743,
ISIC_8387069,clinical: close-up,600,450,43051,
ISIC_8389918,dermoscopic,600,450,28036,
ISIC_8390104,dermoscopic,600,450,29073,
ISIC_8390299,clinical: close-up,600,450,43155,
ISIC_8390476,clinical: close-up,600,450,15818,
ISIC_8391328,dermoscopic,600,450,18052,
ISIC_8392439,dermoscopic,600,450,24689,
ISIC_8394448,clinical: close-up,600,450,29957,
ISIC_8397636,clinical: close-up,600,450,51829,
ISIC_8400472,dermoscopic,600,450,25058,
ISIC_8401508,clinical: close-up,600,450,41549,
ISIC_8402218,clinical: close-up,600,450,31302,
ISIC_8402813,dermoscopic,600,450,21810,
ISIC_8402952,clinical: close-up,600,450,52654,
ISIC_8403731,clinical: close-up,600,450,41789,
ISIC_8403829,dermoscopic,600,450,37889,
ISIC_8405549,dermoscopic,600,450,35020,
ISIC_8405809,dermoscopic,600,450,30913,
ISIC_8407534,dermoscopic,600,450,32066,
ISIC_8408499,clinical: close-up,600,450,23775,
ISIC_8410138,clinical: close-up,600,450,45314,
ISIC_8410820,dermoscopic,600,450,28933,
ISIC_8410845,clinical: close-up,600,450,26625,
ISIC_8410933,dermoscopic,600,450,15215,
ISIC_8413819,dermoscopic,600,450,18238,
ISIC_8414183,clinical: close-up,600,450,32508,
ISIC_8414442,clinical: close-up,600,450,27584,
ISIC_8414527,clinical: close-up,600,450,43711,
ISIC_8416462,dermoscopic,600,450,21997,
ISIC_8417980,clinical: close-up,600,450,50429,
ISIC_8419172,dermoscopic,600,450,30624,
ISIC_8419830,clinical: close-up,600,450,35607,
ISIC_8420285,dermoscopic,600,450,24433,
ISIC_8421484,dermoscopic,600,450,20958,
ISIC_8424294,clinical: close-up,600,450,32127,
ISIC_8424804,clinical: close-up,600,450,60921,
ISIC_8426219,dermoscopic,600,450,20040,
ISIC_8429141,clinical: close-up,600,450,42510,
ISIC_8429175,clinical: close-up,600,450,45334,
ISIC_8430655,dermoscopic,600,450,27005,
ISIC_8431081,clinical: close-up,600,450,33264,
ISIC_8431346,dermoscopic,600,450,23236,
ISIC_8431410,clinical: close-up,600,450,45437,
ISIC_8433656,dermoscopic,600,450,20874,
ISIC_8435693,dermoscopic,600,450,23474,
ISIC_8436161,clinical: close-up,600,450,33413,
ISIC_8436376,dermoscopic,600,450,26305,
ISIC_8436767,dermoscopic,600,450,42107,
ISIC_8437510,dermoscopic,600,450,30970,
ISIC_8438197,clinical: close-up,600,450,40964,
ISIC_8438291,dermoscopic,600,450,20667,
ISIC_8439407,dermoscopic,600,450,17486,
ISIC_8441087,clinical: close-up,600,450,39036,
ISIC_8443235,clinical: close-up,600,450,47990,
ISIC_8443887,clinical: close-up,600,450,58293,
ISIC_8446097,clinical: close-up,600,450,44597,
ISIC_8446431,dermoscopic,600,450,28246,
ISIC_8446505,dermoscopic,600,450,27524,
ISIC_8448006,dermoscopic,600,450,24173,
ISIC_8448143,clinical: close-up,600,450,31657,
ISIC_8450508,dermoscopic,600,450,17742,
ISIC_8450877,dermoscopic,600,450,19367,
ISIC_8452965,dermoscopic,600,450,23997,
ISIC_8453550,clinical: close-up,600,450,36136,
ISIC_8455179,dermoscopic,600,450,30942,
ISIC_8457294,clinical: close-up,600,450,49944,
ISIC_8457494,dermoscopic,600,450,42974,
ISIC_8457619,dermoscopic,600,450,23263,
ISIC_8458042,clinical: close-up,600,450,30796,
ISIC_8458255,clinical: close-up,600,450,42855,
ISIC_8458699,clinical: close-up,600,450,37458,
ISIC_8459726,clinical: close-up,600,450,56691,
ISIC_8461400,clinical: close-up,600,450,45375,
ISIC_8462138,dermoscopic,600,450,23250,
ISIC_8462208,dermoscopic,600,450,27026,
ISIC_8462237,dermoscopic,600,450,35888,
ISIC_8463692,clinical: close-up,600,450,45995,
ISIC_8463837,dermoscopic,600,450,21784,
ISIC_8467445,clinical: close-up,600,450,42463,
ISIC_8468152,dermoscopic,600,450,20029,
ISIC_8468747,clinical: close-up,600,450,43757,
ISIC_8469156,dermoscopic,600,450,31377,
ISIC_8470224,dermoscopic,600,450,21455,
ISIC_8470753,clinical: close-up,600,450,25199,
ISIC_8472106,dermoscopic,600,450,33011,
ISIC_8472225,dermoscopic,600,450,21314,
ISIC_8472745,dermoscopic,600,450,37941,
ISIC_8473068,clinical: close-up,600,450,51012,
ISIC_8473871,clinical: close-up,600,450,51264,
ISIC_8476500,clinical: close-up,600,450,35974,
ISIC_8478651,clinical: close-up,600,450,36910,
ISIC_8479393,clinical: close-up,600,450,40010,
ISIC_8479950,clinical: close-up,600,450,38613,
ISIC_8483047,dermoscopic,600,450,21841,
ISIC_8483821,clinical: close-up,600,450,43248,
ISIC_8483907,dermoscopic,600,450,27841,
ISIC_8483915,clinical: close-up,600,450,43881,
ISIC_8484419,clinical: close-up,600,450,25880,
ISIC_8485230,clinical: close-up,600,450,60312,
ISIC_8487958,clinical: close-up,600,450,38491,
ISIC_8488027,dermoscopic,600,450,24433,
ISIC_8491813,dermoscopic,600,450,27334,
ISIC_8491981,clinical: close-up,600,450,26193,
ISIC_8492315,clinical: close-up,600,450,30358,
ISIC_8494727,dermoscopic,600,450,27601,
ISIC_8495209,clinical: close-up,600,450,40376,
ISIC_8495426,dermoscopic,600,450,16085,
ISIC_8497007,clinical: close-up,600,450,45364,
ISIC_8498076,dermoscopic,600,450,28177,
ISIC_8499730,clinical: close-up,600,450,45627,
ISIC_8499977,clinical: close-up,600,450,50086,
ISIC_8500215,dermoscopic,600,450,26341,
ISIC_8500794,dermoscopic,600,450,21660,
ISIC_8501407,dermoscopic,600,450,31321,
ISIC_8505283,dermoscopic,600,450,19756,
ISIC_8508207,dermoscopic,600,450,30910,
ISIC_8508919,clinical: close-up,600,450,43944,
ISIC_8509634,dermoscopic,600,450,22846,
ISIC_8509874,dermoscopic,600,450,26524,
ISIC_8509933,clinical: close-up,600,450,47564,
ISIC_8511040,dermoscopic,600,450,23066,
ISIC_8511101,clinical: close-up,600,450,24664,
ISIC_8513973,dermoscopic,600,450,22663,
ISIC_8516115,dermoscopic,600,450,34581,
ISIC_8517056,dermoscopic,600,450,18552,
ISIC_8518612,clinical: close-up,600,450,28925,
ISIC_8520875,clinical: close-up,600,450,63417,
ISIC_8521879,dermoscopic,600,450,32970,
ISIC_8525569,clinical: close-up,600,450,43647,
ISIC_8525598,clinical: close-up,600,450,49503,
ISIC_8525826,dermoscopic,600,450,28828,
ISIC_8527678,clinical: close-up,600,450,21593,
ISIC_8528097,clinical: close-up,600,450,36925,
ISIC_8528570,dermoscopic,600,450,19269,
ISIC_8528718,dermoscopic,600,450,20061,
ISIC_8528760,dermoscopic,600,450,28829,
ISIC_8529932,clinical: close-up,600,450,24181,
ISIC_8531002,clinical: close-up,600,450,44067,
ISIC_8531625,clinical: close-up,600,450,35119,
ISIC_8532508,dermoscopic,600,450,32187,
ISIC_8532648,dermoscopic,600,450,29486,
ISIC_8533186,clinical: close-up,600,450,33620,
ISIC_8534089,dermoscopic,600,450,20690,
ISIC_8537600,clinical: close-up,600,450,33222,
ISIC_8537605,clinical: close-up,600,450,44162,
ISIC_8541890,dermoscopic,600,450,19990,
ISIC_8541956,dermoscopic,600,450,20158,
ISIC_8542319,clinical: close-up,600,450,37059,
ISIC_8543046,dermoscopic,600,450,23968,
ISIC_8544097,dermoscopic,600,450,30271,
ISIC_8544988,dermoscopic,600,450,31001,
ISIC_8545101,clinical: close-up,600,450,34605,
ISIC_8545164,dermoscopic,600,450,22986,
ISIC_8545769,clinical: close-up,600,450,50908,
ISIC_8546307,dermoscopic,600,450,28720,
ISIC_8546677,clinical: close-up,600,450,36526,
ISIC_8547720,clinical: close-up,600,450,29423,
ISIC_8549775,dermoscopic,600,450,27912,
ISIC_8550132,clinical: close-up,600,450,27187,
ISIC_8550133,clinical: close-up,600,450,33293,
ISIC_8551756,dermoscopic,600,450,23039,
ISIC_8552530,clinical: close-up,600,450,34730,
ISIC_8553734,dermoscopic,600,450,37265,
ISIC_8554900,dermoscopic,600,450,25674,
ISIC_8554994,dermoscopic,600,450,28185,
ISIC_8556393,dermoscopic,600,450,26953,
ISIC_8556689,clinical: close-up,600,450,40935,
ISIC_8558562,dermoscopic,600,450,25591,
ISIC_8558850,dermoscopic,600,450,24670,
ISIC_8558990,clinical: close-up,600,450,45308,
ISIC_8559278,dermoscopic,600,450,23255,
ISIC_8561066,dermoscopic,600,450,26418,
ISIC_8561129,clinical: close-up,600,450,42296,
ISIC_8562787,dermoscopic,600,450,26235,
ISIC_8563004,clinical: close-up,600,450,58691,
ISIC_8563013,clinical: close-up,600,450,33360,
ISIC_8564627,dermoscopic,600,450,21235,
ISIC_8565468,clinical: close-up,600,450,50580,
ISIC_8565474,dermoscopic,600,450,20743,
ISIC_8566440,dermoscopic,600,450,31519,
ISIC_8570261,clinical: close-up,600,450,45871,
ISIC_8572463,dermoscopic,600,450,30302,
ISIC_8572592,clinical: close-up,600,450,41137,
ISIC_8573497,dermoscopic,600,450,18347,
ISIC_8577350,dermoscopic,600,450,26532,
ISIC_8577597,dermoscopic,600,450,26428,
ISIC_8577913,clinical: close-up,600,450,52861,
ISIC_8580681,clinical: close-up,600,450,32294,
ISIC_8584528,dermoscopic,600,450,15112,
ISIC_8586056,dermoscopic,600,450,28451,
ISIC_8588817,clinical: close-up,600,450,40366,
ISIC_8591122,dermoscopic,600,450,30714,
ISIC_8593738,dermoscopic,600,450,23282,
ISIC_8596125,clinical: close-up,600,450,31446,
ISIC_8597782,clinical: close-up,600,450,41711,
ISIC_8597788,clinical: close-up,600,450,34802,
ISIC_8597919,clinical: close-up,600,450,46962,
ISIC_8598339,clinical: close-up,600,450,46421,
ISIC_8599510,clinical: close-up,600,450,31441,
ISIC_8599807,dermoscopic,600,450,30103,
ISIC_8600102,dermoscopic,600,450,20040,
ISIC_8601570,dermoscopic,600,450,24649,
ISIC_8603109,dermoscopic,600,450,19304,
ISIC_8603749,dermoscopic,600,450,31040,
ISIC_8604423,clinical: close-up,600,450,45252,
ISIC_8604474,dermoscopic,600,450,42888,
ISIC_8604662,dermoscopic,600,450,26103,
ISIC_8606881,dermoscopic,600,450,24143,
ISIC_8609184,dermoscopic,600,450,25467,
ISIC_8611718,clinical: close-up,600,450,52688,
ISIC_8612060,dermoscopic,600,450,23770,
ISIC_8612251,dermoscopic,600,450,17792,
ISIC_8612934,clinical: close-up,600,450,34929,
ISIC_8613107,clinical: close-up,600,450,43782,
ISIC_8613265,dermoscopic,600,450,22120,
ISIC_8614302,dermoscopic,600,450,25981,
ISIC_8614567,dermoscopic,600,450,23745,
ISIC_8614640,dermoscopic,600,450,22553,
ISIC_8615296,dermoscopic,600,450,20470,
ISIC_8615408,clinical: close-up,600,450,39617,
ISIC_8615694,dermoscopic,600,450,29361,
ISIC_8616033,dermoscopic,600,450,24504,
ISIC_8616397,clinical: close-up,600,450,40753,
ISIC_8617896,clinical: close-up,600,450,44465,
ISIC_8618352,dermoscopic,600,450,23729,
ISIC_8619333,clinical: close-up,600,450,22640,
ISIC_8619763,dermoscopic,600,450,22926,
ISIC_8620082,dermoscopic,600,450,31909,
ISIC_8620236,dermoscopic,600,450,29522,
ISIC_8621381,dermoscopic,600,450,23156,
ISIC_8622558,dermoscopic,600,450,40146,
ISIC_8623171,clinical: close-up,600,450,30935,
ISIC_8623479,clinical: close-up,600,450,27448,
ISIC_8626277,dermoscopic,600,450,33347,
ISIC_8626292,clinical: close-up,600,450,37332,
ISIC_8627295,dermoscopic,600,450,26378,
ISIC_8627581,dermoscopic,600,450,29021,
ISIC_8631635,clinical: close-up,600,450,54400,
ISIC_8633121,dermoscopic,600,450,31841,
ISIC_8635663,dermoscopic,600,450,32654,
ISIC_8635734,clinical: close-up,600,450,22272,
ISIC_8636984,clinical: close-up,600,450,41954,
ISIC_8638879,clinical: close-up,600,450,23737,
ISIC_8638964,clinical: close-up,600,450,72707,
ISIC_8639067,clinical: close-up,600,450,16868,
ISIC_8639708,dermoscopic,600,450,32630,
ISIC_8641274,clinical: close-up,600,450,39994,
ISIC_8641404,clinical: close-up,600,450,35857,
ISIC_8641712,clinical: close-up,600,450,32959,
ISIC_8642318,dermoscopic,600,450,27933,
ISIC_8642522,dermoscopic,600,450,28797,
ISIC_8643100,dermoscopic,600,450,29300,
ISIC_8644031,clinical: close-up,600,450,27343,
ISIC_8644033,clinical: close-up,600,450,34406,
ISIC_8645743,clinical: close-up,600,450,48000,
ISIC_8646399,dermoscopic,600,450,27167,
ISIC_8646764,clinical: close-up,600,450,33187,
ISIC_8647252,clinical: close-up,600,450,33016,
ISIC_8647858,dermoscopic,600,450,24150,
ISIC_8648920,clinical: close-up,600,450,30857,
ISIC_8649350,dermoscopic,600,450,21452,
ISIC_8649670,clinical: close-up,600,450,46279,
ISIC_8649825,clinical: close-up,600,450,34177,
ISIC_8650160,dermoscopic,600,450,21567,
ISIC_8650326,dermoscopic,600,450,27546,
ISIC_8650757,clinical: close-up,600,450,39342,
ISIC_8652712,clinical: close-up,600,450,44458,
ISIC_8653825,dermoscopic,600,450,28648,
ISIC_8654948,clinical: close-up,600,450,34368,
ISIC_8657483,dermoscopic,600,450,29703,
ISIC_8657995,dermoscopic,600,450,26000,
ISIC_8659657,dermoscopic,600,450,42570,
ISIC_8660074,dermoscopic,600,450,29056,
ISIC_8660210,dermoscopic,600,450,32223,
ISIC_8660310,clinical: close-up,600,450,34545,
ISIC_8660432,clinical: close-up,600,450,48977,
ISIC_8662550,dermoscopic,600,450,37756,
ISIC_8662604,dermoscopic,600,450,19514,
ISIC_8663511,clinical: close-up,600,450,18399,
ISIC_8664926,clinical: close-up,600,450,63203,
ISIC_8667734,dermoscopic,600,450,24166,
ISIC_8667960,dermoscopic,600,450,27637,
ISIC_8668469,clinical: close-up,600,450,45203,
ISIC_8668491,dermoscopic,600,450,20698,
ISIC_8668865,dermoscopic,600,450,29592,
ISIC_8668985,dermoscopic,600,450,19931,
ISIC_8669887,clinical: close-up,600,450,33107,
ISIC_8669932,clinical: close-up,600,450,74068,
ISIC_8670753,clinical: close-up,600,450,34619,
ISIC_8672327,clinical: close-up,600,450,23866,
ISIC_8673290,dermoscopic,600,450,21118,
ISIC_8673829,clinical: close-up,600,450,34091,
ISIC_8674267,clinical: close-up,600,450,44357,
ISIC_8674473,clinical: close-up,600,450,52060,
ISIC_8675305,dermoscopic,600,450,22824,
ISIC_8678580,clinical: close-up,600,450,43353,
ISIC_8678969,dermoscopic,600,450,28173,
ISIC_8680621,clinical: close-up,600,450,24908,
ISIC_8680973,clinical: close-up,600,450,45546,
ISIC_8684025,clinical: close-up,600,450,17607,
ISIC_8684482,dermoscopic,600,450,23355,
ISIC_8685078,clinical: close-up,600,450,38329,
ISIC_8685453,dermoscopic,600,450,21244,
ISIC_8686696,dermoscopic,600,450,23353,
ISIC_8687339,clinical: close-up,600,450,34874,
ISIC_8687675,dermoscopic,600,450,32755,
ISIC_8689886,clinical: close-up,600,450,38462,
ISIC_8690049,clinical: close-up,600,450,31267,
ISIC_8690116,dermoscopic,600,450,23349,
ISIC_8691098,dermoscopic,600,450,23928,
ISIC_8693307,dermoscopic,600,450,29949,
ISIC_8693433,clinical: close-up,600,450,47237,
ISIC_8694246,clinical: close-up,600,450,38589,
ISIC_8695042,dermoscopic,600,450,16622,
ISIC_8695319,clinical: close-up,600,450,41611,
ISIC_8695455,dermoscopic,600,450,20461,
ISIC_8696381,dermoscopic,600,450,20310,
ISIC_8696938,clinical: close-up,600,450,45228,
ISIC_8697607,dermoscopic,600,450,33985,
ISIC_8698177,dermoscopic,600,450,21502,
ISIC_8698202,clinical: close-up,600,450,39402,
ISIC_8698547,dermoscopic,600,450,30432,
ISIC_8699233,dermoscopic,600,450,19937,
ISIC_8699706,dermoscopic,600,450,26312,
ISIC_8701104,dermoscopic,600,450,22089,
ISIC_8701249,clinical: close-up,600,450,54007,
ISIC_8701478,dermoscopic,600,450,34489,
ISIC_8703747,clinical: close-up,600,450,50772,
ISIC_8703792,dermoscopic,600,450,21953,
ISIC_8704127,dermoscopic,600,450,40205,
ISIC_8704436,dermoscopic,600,450,23004,
ISIC_8705648,dermoscopic,600,450,33302,
ISIC_8707635,dermoscopic,600,450,23480,
ISIC_8707995,clinical: close-up,600,450,43445,
ISIC_8708228,dermoscopic,600,450,24046,
ISIC_8709148,clinical: close-up,600,450,41360,
ISIC_8710450,dermoscopic,600,450,25035,
ISIC_8712502,dermoscopic,600,450,26498,
ISIC_8713886,clinical: close-up,600,450,48888,
ISIC_8714957,dermoscopic,600,450,23029,
ISIC_8715446,dermoscopic,600,450,29953,
ISIC_8715920,clinical: close-up,600,450,54431,
ISIC_8717771,dermoscopic,600,450,35861,
ISIC_8718627,dermoscopic,600,450,25837,
ISIC_8720890,clinical: close-up,600,450,42589,
ISIC_8721730,clinical: close-up,600,450,47409,
ISIC_8722421,clinical: close-up,600,450,38864,
ISIC_8722591,clinical: close-up,600,450,39403,
ISIC_8723086,dermoscopic,600,450,29178,
ISIC_8723221,dermoscopic,600,450,24608,
ISIC_8723719,dermoscopic,600,450,22218,
ISIC_8724627,clinical: close-up,600,450,33922,
ISIC_8726132,dermoscopic,600,450,24308,
ISIC_8730307,clinical: close-up,600,450,29931,
ISIC_8731377,dermoscopic,600,450,25005,
ISIC_8731413,dermoscopic,600,450,29192,
ISIC_8731964,dermoscopic,600,450,25711,
ISIC_8732830,clinical: close-up,600,450,44462,
ISIC_8733906,clinical: close-up,600,450,36507,
ISIC_8734016,dermoscopic,600,450,37725,
ISIC_8734969,clinical: close-up,600,450,36770,
ISIC_8736820,dermoscopic,600,450,31743,
ISIC_8737266,clinical: close-up,600,450,33229,
ISIC_8738126,dermoscopic,600,450,23539,
ISIC_8740093,clinical: close-up,600,450,40195,
ISIC_8740405,clinical: close-up,600,450,41670,
ISIC_8741300,clinical: close-up,600,450,38455,
ISIC_8741674,dermoscopic,600,450,28942,
ISIC_8743028,dermoscopic,600,450,27323,
ISIC_8744116,dermoscopic,600,450,24111,
ISIC_8744831,clinical: close-up,600,450,30669,
ISIC_8745129,dermoscopic,600,450,26052,
ISIC_8745325,clinical: close-up,600,450,49550,
ISIC_8745622,clinical: close-up,600,450,65476,
ISIC_8745861,clinical: close-up,600,450,41074,
ISIC_8746170,dermoscopic,600,450,21729,
ISIC_8746569,clinical: close-up,600,450,35331,
ISIC_8746740,dermoscopic,600,450,31908,
ISIC_8748477,clinical: close-up,600,450,51775,
ISIC_8748525,clinical: close-up,600,450,45226,
ISIC_8749451,clinical: close-up,600,450,57266,
ISIC_8750253,dermoscopic,600,450,40002,
ISIC_8753280,clinical: close-up,600,450,41674,
ISIC_8754137,clinical: close-up,600,450,23815,
ISIC_8754259,dermoscopic,600,450,24090,
ISIC_8755727,dermoscopic,600,450,21835,
ISIC_8758280,clinical: close-up,600,450,47142,
ISIC_8759215,dermoscopic,600,450,23965,
ISIC_8759947,dermoscopic,600,450,22575,
ISIC_8760881,dermoscopic,600,450,25824,
ISIC_8762355,dermoscopic,600,450,39285,
ISIC_8764700,clinical: close-up,600,450,45341,
ISIC_8766762,dermoscopic,600,450,18216,
ISIC_8767141,clinical: close-up,600,450,44836,
ISIC_8768212,clinical: close-up,600,450,35916,
ISIC_8768360,clinical: close-up,600,450,58416,
ISIC_8768573,clinical: close-up,600,450,47680,
ISIC_8768858,clinical: close-up,600,450,31871,
ISIC_8769047,dermoscopic,600,450,21671,
ISIC_8769148,clinical: close-up,600,450,34434,
ISIC_8771153,clinical: close-up,600,450,42363,
ISIC_8771453,dermoscopic,600,450,35087,
ISIC_8771667,clinical: close-up,600,450,38209,
ISIC_8772140,clinical: close-up,600,450,23959,
ISIC_8774868,dermoscopic,600,450,37328,
ISIC_8776361,dermoscopic,600,450,24197,
ISIC_8776447,clinical: close-up,600,450,35889,
ISIC_8776679,dermoscopic,600,450,15149,
ISIC_8776793,dermoscopic,600,450,30016,
ISIC_8778268,clinical: close-up,600,450,54674,
ISIC_8778674,dermoscopic,600,450,27017,
ISIC_8779998,clinical: close-up,600,450,34215,
ISIC_8782095,dermoscopic,600,450,29030,
ISIC_8782205,clinical: close-up,600,450,40869,
ISIC_8782299,dermoscopic,600,450,30844,
ISIC_8782993,clinical: close-up,600,450,41541,
ISIC_8783624,dermoscopic,600,450,40416,
ISIC_8785987,clinical: close-up,600,450,40317,
ISIC_8786035,dermoscopic,600,450,32293,
ISIC_8786149,clinical: close-up,600,450,42832,
ISIC_8787301,dermoscopic,600,450,25161,
ISIC_8788388,clinical: close-up,600,450,46412,
ISIC_8788500,clinical: close-up,600,450,51842,
ISIC_8789412,dermoscopic,600,450,33409,
ISIC_8790740,dermoscopic,600,450,15200,
ISIC_8790878,dermoscopic,600,450,20702,
ISIC_8790887,dermoscopic,600,450,27104,
ISIC_8791057,dermoscopic,600,450,21212,
ISIC_8791911,clinical: close-up,600,450,37186,
ISIC_8793103,clinical: close-up,600,450,46854,
ISIC_8793131,clinical: close-up,600,450,39323,
ISIC_8793565,dermoscopic,600,450,31159,
ISIC_8793718,dermoscopic,600,450,32373,
ISIC_8793818,clinical: close-up,600,450,37485,
ISIC_8800271,dermoscopic,600,450,27839,
ISIC_8800634,clinical: close-up,600,450,33223,
ISIC_8802957,dermoscopic,600,450,30116,
ISIC_8803389,clinical: close-up,600,450,43316,
ISIC_8804250,dermoscopic,600,450,27699,
ISIC_8805390,dermoscopic,600,450,22397,
ISIC_8807238,clinical: close-up,600,450,33872,
ISIC_8808076,dermoscopic,600,450,20992,
ISIC_8810193,clinical: close-up,600,450,45358,
ISIC_8810868,dermoscopic,600,450,22840,
ISIC_8810920,dermoscopic,600,450,22200,
ISIC_8811262,clinical: close-up,600,450,34742,
ISIC_8812260,dermoscopic,600,450,16788,
ISIC_8815245,dermoscopic,600,450,30172,
ISIC_8815594,dermoscopic,600,450,42104,
ISIC_8815763,clinical: close-up,600,450,43756,
ISIC_8816075,dermoscopic,600,450,40639,
ISIC_8816242,dermoscopic,600,450,33895,
ISIC_8816308,clinical: close-up,600,450,21177,
ISIC_8818884,clinical: close-up,600,450,57010,
ISIC_8820732,clinical: close-up,600,450,35736,
ISIC_8821083,clinical: close-up,600,450,51506,
ISIC_8821690,clinical: close-up,600,450,41649,
ISIC_8823892,dermoscopic,600,450,24969,
ISIC_8825637,dermoscopic,600,450,23232,
ISIC_8826493,clinical: close-up,600,450,40176,
ISIC_8827860,clinical: close-up,600,450,45155,
ISIC_8828083,clinical: close-up,600,450,31905,
ISIC_8828944,clinical: close-up,600,450,69341,
ISIC_8829523,dermoscopic,600,450,24308,
ISIC_8830091,dermoscopic,600,450,54314,
ISIC_8830166,dermoscopic,600,450,16993,
ISIC_8830503,clinical: close-up,600,450,47601,
ISIC_8830776,clinical: close-up,600,450,39242,
ISIC_8830839,dermoscopic,600,450,35006,
ISIC_8832464,clinical: close-up,600,450,26441,
ISIC_8832798,clinical: close-up,600,450,49074,
ISIC_8832843,dermoscopic,600,450,24544,
ISIC_8833451,clinical: close-up,600,450,46504,
ISIC_8834324,clinical: close-up,600,450,41276,
ISIC_8837131,dermoscopic,600,450,27479,
ISIC_8839205,dermoscopic,600,450,21108,
ISIC_8839329,dermoscopic,600,450,31926,
ISIC_8839444,clinical: close-up,600,450,36067,
ISIC_8839494,dermoscopic,600,450,32847,
ISIC_8840511,dermoscopic,600,450,24780,
ISIC_8842467,clinical: close-up,600,450,50455,
ISIC_8843104,dermoscopic,600,450,32643,
ISIC_8843537,dermoscopic,600,450,18896,
ISIC_8845800,clinical: close-up,600,450,31496,
ISIC_8846211,clinical: close-up,600,450,44352,
ISIC_8846554,dermoscopic,600,450,19204,
ISIC_8846852,clinical: close-up,600,450,45002,
ISIC_8847230,clinical: close-up,600,450,40499,
ISIC_8849386,clinical: close-up,600,450,41759,
ISIC_8850071,dermoscopic,600,450,30448,
ISIC_8851360,clinical: close-up,600,450,41304,
ISIC_8851382,clinical: close-up,600,450,35903,
ISIC_8853941,clinical: close-up,600,450,34032,
ISIC_8854712,dermoscopic,600,450,28354,
ISIC_8856766,clinical: close-up,600,450,29409,
ISIC_8857322,dermoscopic,600,450,24065,
ISIC_8858231,clinical: close-up,600,450,38383,
ISIC_8858434,clinical: close-up,600,450,43459,
ISIC_8858676,dermoscopic,600,450,36431,
ISIC_8860235,dermoscopic,600,450,22974,
ISIC_8860890,clinical: close-up,600,450,39878,
ISIC_8861411,clinical: close-up,600,450,38169,
ISIC_8862307,dermoscopic,600,450,22753,
ISIC_8862763,clinical: close-up,600,450,37178,
ISIC_8863147,dermoscopic,600,450,20447,
ISIC_8863788,clinical: close-up,600,450,41508,
ISIC_8865829,clinical: close-up,600,450,24508,
ISIC_8866895,clinical: close-up,600,450,38193,
ISIC_8867010,clinical: close-up,600,450,71302,
ISIC_8868003,clinical: close-up,600,450,54584,
ISIC_8868188,clinical: close-up,600,450,30946,
ISIC_8868777,dermoscopic,600,450,29735,
ISIC_8869199,clinical: close-up,600,450,53948,
ISIC_8870190,dermoscopic,600,450,34289,
ISIC_8870317,dermoscopic,600,450,38094,
ISIC_8870441,dermoscopic,600,450,24926,
ISIC_8872336,dermoscopic,600,450,31973,
ISIC_8873365,dermoscopic,600,450,25611,
ISIC_8874166,dermoscopic,600,450,31980,
ISIC_8876204,clinical: close-up,600,450,37683,
ISIC_8876261,dermoscopic,600,450,30490,
ISIC_8877039,dermoscopic,600,450,34853,
ISIC_8878792,clinical: close-up,600,450,22775,
ISIC_8879305,clinical: close-up,600,450,40120,
ISIC_8879612,clinical: close-up,600,450,43063,
ISIC_8880430,dermoscopic,600,450,24402,
ISIC_8880596,dermoscopic,600,450,22863,
ISIC_8880696,clinical: close-up,600,450,43966,
ISIC_8882028,clinical: close-up,600,450,40321,
ISIC_8882107,dermoscopic,600,450,29395,
ISIC_8882696,dermoscopic,600,450,19087,
ISIC_8883053,dermoscopic,600,450,31470,
ISIC_8883217,dermoscopic,600,450,32184,
ISIC_8884437,clinical: close-up,600,450,32069,
ISIC_8890260,clinical: close-up,600,450,47262,
ISIC_8890680,dermoscopic,600,450,29796,
ISIC_8893011,clinical: close-up,600,450,39227,
ISIC_8894147,dermoscopic,600,450,20498,
ISIC_8894733,clinical: close-up,600,450,51003,
ISIC_8894857,dermoscopic,600,450,27266,
ISIC_8895392,clinical: close-up,600,450,30285,
ISIC_8895973,clinical: close-up,600,450,48655,
ISIC_8897421,clinical: close-up,600,450,53785,
ISIC_8897741,dermoscopic,600,450,25374,
ISIC_8898024,clinical: close-up,600,450,39460,
ISIC_8898114,clinical: close-up,600,450,47260,
ISIC_8898285,clinical: close-up,600,450,54498,
ISIC_8898499,clinical: close-up,600,450,40520,
ISIC_8898820,dermoscopic,600,450,37845,
ISIC_8898834,clinical: close-up,600,450,59424,
ISIC_8899125,dermoscopic,600,450,32228,
ISIC_8899246,clinical: close-up,600,450,46478,
ISIC_8899493,clinical: close-up,600,450,62180,
ISIC_8899742,clinical: close-up,600,450,37827,
ISIC_8900097,dermoscopic,600,450,25937,
ISIC_8903447,clinical: close-up,600,450,41751,
ISIC_8904388,dermoscopic,600,450,48792,
ISIC_8904796,dermoscopic,600,450,18461,
ISIC_8905603,dermoscopic,600,450,32418,
ISIC_8906358,dermoscopic,600,450,24268,
ISIC_8907397,clinical: close-up,600,450,46452,
ISIC_8908980,clinical: close-up,600,450,41059,
ISIC_8910720,clinical: close-up,600,450,28593,
ISIC_8911152,clinical: close-up,600,450,32419,
ISIC_8912166,dermoscopic,600,450,28948,
ISIC_8912227,clinical: close-up,600,450,38918,
ISIC_8913904,clinical: close-up,600,450,45524,
ISIC_8914881,clinical: close-up,600,450,35639,
ISIC_8914963,dermoscopic,600,450,18456,
ISIC_8914970,dermoscopic,600,450,26593,
ISIC_8915033,clinical: close-up,600,450,33934,
ISIC_8916536,clinical: close-up,600,450,55924,
ISIC_8917612,clinical: close-up,600,450,46984,
ISIC_8918247,dermoscopic,600,450,26058,
ISIC_8919169,dermoscopic,600,450,31363,
ISIC_8919899,clinical: close-up,600,450,33927,
ISIC_8921695,dermoscopic,600,450,47365,
ISIC_8921737,clinical: close-up,600,450,24340,
ISIC_8922165,dermoscopic,600,450,15273,
ISIC_8922391,clinical: close-up,600,450,36908,
ISIC_8923256,dermoscopic,600,450,27299,
ISIC_8925555,dermoscopic,600,450,30469,
ISIC_8929392,clinical: close-up,600,450,22055,
ISIC_8929684,dermoscopic,600,450,29283,
ISIC_8930739,clinical: close-up,600,450,40062,
ISIC_8932533,dermoscopic,600,450,30202,
ISIC_8932910,clinical: close-up,600,450,43006,
ISIC_8933142,clinical: close-up,600,450,41376,
ISIC_8933202,clinical: close-up,600,450,34643,
ISIC_8934759,dermoscopic,600,450,27534,
ISIC_8935612,clinical: close-up,600,450,31846,
ISIC_8935869,clinical: close-up,600,450,37330,
ISIC_8937601,clinical: close-up,600,450,57172,
ISIC_8938866,dermoscopic,600,450,33053,
ISIC_8939939,dermoscopic,600,450,16756,
ISIC_8942026,dermoscopic,600,450,23142,
ISIC_8942421,clinical: close-up,600,450,51632,
ISIC_8943266,clinical: close-up,600,450,42108,
ISIC_8943375,dermoscopic,600,450,23090,
ISIC_8943527,dermoscopic,600,450,24661,
ISIC_8944107,dermoscopic,600,450,17883,
ISIC_8945348,dermoscopic,600,450,26561,
ISIC_8945633,dermoscopic,600,450,24023,
ISIC_8946169,dermoscopic,600,450,37616,
ISIC_8946719,dermoscopic,600,450,31432,
ISIC_8947312,dermoscopic,600,450,21789,
ISIC_8947496,clinical: close-up,600,450,37701,
ISIC_8949217,clinical: close-up,600,450,36544,
ISIC_8949240,clinical: close-up,600,450,46837,
ISIC_8949610,clinical: close-up,600,450,31329,
ISIC_8951479,dermoscopic,600,450,27132,
ISIC_8951979,clinical: close-up,600,450,27025,
ISIC_8952365,dermoscopic,600,450,19570,
ISIC_8953004,clinical: close-up,600,450,32072,
ISIC_8953290,clinical: close-up,600,450,33122,
ISIC_8953643,dermoscopic,600,450,26814,
ISIC_8954124,dermoscopic,600,450,24425,
ISIC_8955200,dermoscopic,600,450,35117,
ISIC_8960889,dermoscopic,600,450,24096,
ISIC_8961614,dermoscopic,600,450,26344,
ISIC_8963623,clinical: close-up,600,450,46103,
ISIC_8966831,clinical: close-up,600,450,49836,
ISIC_8969175,dermoscopic,600,450,27229,
ISIC_8969336,clinical: close-up,600,450,35344,
ISIC_8970659,clinical: close-up,600,450,38229,
ISIC_8972926,dermoscopic,600,450,36754,
ISIC_8973952,dermoscopic,600,450,31990,
ISIC_8975655,dermoscopic,600,450,28512,
ISIC_8976041,dermoscopic,600,450,14992,
ISIC_8976859,dermoscopic,600,450,17752,
ISIC_8977223,dermoscopic,600,450,25766,
ISIC_8977908,dermoscopic,600,450,24380,
ISIC_8977962,dermoscopic,600,450,36463,
ISIC_8978224,clinical: close-up,600,450,33303,
ISIC_8979429,clinical: close-up,600,450,33971,
ISIC_8979552,clinical: close-up,600,450,50723,
ISIC_8979849,dermoscopic,600,450,28915,
ISIC_8980636,clinical: close-up,600,450,40688,
ISIC_8980999,dermoscopic,600,450,32657,
ISIC_8981300,dermoscopic,600,450,25323,
ISIC_8981897,dermoscopic,600,450,22535,
ISIC_8982555,clinical: close-up,600,450,48671,
ISIC_8984053,clinical: close-up,600,450,43205,
ISIC_8984180,dermoscopic,600,450,20729,
ISIC_8984287,clinical: close-up,600,450,39522,
ISIC_8989132,clinical: close-up,600,450,35093,
ISIC_8989885,clinical: close-up,600,450,42665,
ISIC_8990576,clinical: close-up,600,450,45223,
ISIC_8992188,clinical: close-up,600,450,52290,
ISIC_8992800,clinical: close-up,600,450,19907,
ISIC_8993296,clinical: close-up,600,450,34164,
ISIC_8994952,dermoscopic,600,450,28314,
ISIC_8995161,dermoscopic,600,450,23953,
ISIC_8997026,clinical: close-up,600,450,38327,
ISIC_9000883,dermoscopic,600,450,30153,
ISIC_9001139,clinical: close-up,600,450,28194,
ISIC_9001368,dermoscopic,600,450,19779,
ISIC_9001724,clinical: close-up,600,450,30661,
ISIC_9001735,dermoscopic,600,450,29717,
ISIC_9002119,dermoscopic,600,450,27200,
ISIC_9002358,dermoscopic,600,450,52940,
ISIC_9003113,dermoscopic,600,450,31986,
ISIC_9004284,clinical: close-up,600,450,39077,
ISIC_9004415,clinical: close-up,600,450,37211,
ISIC_9005222,clinical: close-up,600,450,42613,
ISIC_9005347,dermoscopic,600,450,29107,
ISIC_9006317,clinical: close-up,600,450,19755,
ISIC_9007301,dermoscopic,600,450,24556,
ISIC_9008854,clinical: close-up,600,450,36684,
ISIC_9011764,dermoscopic,600,450,32232,
ISIC_9011999,clinical: close-up,600,450,38625,
ISIC_9014235,dermoscopic,600,450,26954,
ISIC_9017680,dermoscopic,600,450,31838,
ISIC_9018538,clinical: close-up,600,450,37288,
ISIC_9018696,dermoscopic,600,450,24011,
ISIC_9019095,clinical: close-up,600,450,34283,
ISIC_9019664,dermoscopic,600,450,25524,
ISIC_9020314,dermoscopic,600,450,25433,
ISIC_9022996,clinical: close-up,600,450,38363,
ISIC_9023174,clinical: close-up,600,450,54059,
ISIC_9024518,clinical: close-up,600,450,46944,
ISIC_9025095,dermoscopic,600,450,18111,
ISIC_9026609,clinical: close-up,600,450,33916,
ISIC_9026654,clinical: close-up,600,450,49011,
ISIC_9026907,clinical: close-up,600,450,35620,
ISIC_9026951,dermoscopic,600,450,24192,
ISIC_9030298,clinical: close-up,600,450,47031,
ISIC_9030826,dermoscopic,600,450,23496,
ISIC_9034449,clinical: close-up,600,450,57510,
ISIC_9035644,dermoscopic,600,450,20647,
ISIC_9038494,dermoscopic,600,450,24231,
ISIC_9039481,clinical: close-up,600,450,34344,
ISIC_9039736,clinical: close-up,600,450,41843,
ISIC_9041525,dermoscopic,600,450,24540,
ISIC_9043368,clinical: close-up,600,450,41390,
ISIC_9043374,clinical: close-up,600,450,43972,
ISIC_9044867,clinical: close-up,600,450,47410,
ISIC_9045023,clinical: close-up,600,450,38869,
ISIC_9046790,clinical: close-up,600,450,48389,
ISIC_9047747,dermoscopic,600,450,28222,
ISIC_9047853,clinical: close-up,600,450,45450,
ISIC_9048474,clinical: close-up,600,450,38577,
ISIC_9048808,clinical: close-up,600,450,46307,
ISIC_9051035,clinical: close-up,600,450,27944,
ISIC_9051937,dermoscopic,600,450,24238,
ISIC_9052310,clinical: close-up,600,450,54460,
ISIC_9053541,dermoscopic,600,450,29704,
ISIC_9054883,clinical: close-up,600,450,38324,
ISIC_9055167,clinical: close-up,600,450,38808,
ISIC_9055179,dermoscopic,600,450,28440,
ISIC_9055453,clinical: close-up,600,450,46767,
ISIC_9055556,dermoscopic,600,450,29583,
ISIC_9056629,clinical: close-up,600,450,41343,
ISIC_9057655,dermoscopic,600,450,24060,
ISIC_9058731,clinical: close-up,600,450,28750,
ISIC_9059079,clinical: close-up,600,450,50762,
ISIC_9059867,clinical: close-up,600,450,40089,
ISIC_9060041,dermoscopic,600,450,25072,
ISIC_9060326,clinical: close-up,600,450,30166,
ISIC_9060487,clinical: close-up,600,450,53067,
ISIC_9061574,clinical: close-up,600,450,42825,
ISIC_9061787,clinical: close-up,600,450,30896,
ISIC_9062645,clinical: close-up,600,450,47622,
ISIC_9063581,dermoscopic,600,450,38669,
ISIC_9064266,dermoscopic,600,450,23294,
ISIC_9064583,dermoscopic,600,450,28525,
ISIC_9067523,dermoscopic,600,450,22264,
ISIC_9067935,clinical: close-up,600,450,42584,
ISIC_9069540,clinical: close-up,600,450,34227,
ISIC_9071975,dermoscopic,600,450,24766,
ISIC_9072692,clinical: close-up,600,450,41699,
ISIC_9073117,clinical: close-up,600,450,54272,
ISIC_9073665,dermoscopic,600,450,35024,
ISIC_9073880,clinical: close-up,600,450,51616,
ISIC_9074070,clinical: close-up,600,450,38339,
ISIC_9074196,clinical: close-up,600,450,37827,
ISIC_9074776,clinical: close-up,600,450,42910,
ISIC_9075056,clinical: close-up,600,450,40117,
ISIC_9075808,dermoscopic,600,450,36599,
ISIC_9076466,clinical: close-up,600,450,50595,
ISIC_9076757,clinical: close-up,600,450,47480,
ISIC_9076994,clinical: close-up,600,450,58516,
ISIC_9078579,clinical: close-up,600,450,34618,
ISIC_9078796,clinical: close-up,600,450,42857,
ISIC_9079428,clinical: close-up,600,450,38732,
ISIC_9080829,dermoscopic,600,450,28074,
ISIC_9083944,clinical: close-up,600,450,49874,
ISIC_9084000,dermoscopic,600,450,26853,
ISIC_9084534,dermoscopic,600,450,23494,
ISIC_9088580,clinical: close-up,600,450,31191,
ISIC_9090562,dermoscopic,600,450,29961,
ISIC_9091739,clinical: close-up,600,450,33182,
ISIC_9092057,dermoscopic,600,450,22957,
ISIC_9093424,dermoscopic,600,450,22013,
ISIC_9094964,clinical: close-up,600,450,43191,
ISIC_9096776,clinical: close-up,600,450,28485,
ISIC_9098536,clinical: close-up,600,450,25405,
ISIC_9098662,clinical: close-up,600,450,55389,
ISIC_9098782,dermoscopic,600,450,26150,
ISIC_9098981,dermoscopic,600,450,30608,
ISIC_9099090,dermoscopic,600,450,24044,
ISIC_9100425,clinical: close-up,600,450,38501,
ISIC_9100704,clinical: close-up,600,450,20952,
ISIC_9101382,clinical: close-up,600,450,47010,
ISIC_9101809,dermoscopic,600,450,26326,
ISIC_9102029,clinical: close-up,600,450,20007,
ISIC_9103397,dermoscopic,600,450,20488,
ISIC_9103398,clinical: close-up,600,450,45662,
ISIC_9104095,dermoscopic,600,450,26226,
ISIC_9105114,dermoscopic,600,450,26776,
ISIC_9105300,clinical: close-up,600,450,31370,
ISIC_9105996,clinical: close-up,600,450,24848,
ISIC_9107434,clinical: close-up,600,450,47170,
ISIC_9107874,clinical: close-up,600,450,38811,
ISIC_9107881,clinical: close-up,600,450,67078,
ISIC_9111814,dermoscopic,600,450,28485,
ISIC_9112089,clinical: close-up,600,450,41936,
ISIC_9113111,clinical: close-up,600,450,34694,
ISIC_9114285,clinical: close-up,600,450,52528,
ISIC_9114356,clinical: close-up,600,450,31203,
ISIC_9115621,clinical: close-up,600,450,42500,
ISIC_9115886,dermoscopic,600,450,29808,
ISIC_9116454,clinical: close-up,600,450,41759,
ISIC_9116920,clinical: close-up,600,450,45287,
ISIC_9118088,clinical: close-up,600,450,36600,
ISIC_9118975,clinical: close-up,600,450,47957,
ISIC_9120690,dermoscopic,600,450,33267,
ISIC_9120905,dermoscopic,600,450,28927,
ISIC_9121967,clinical: close-up,600,450,44434,
ISIC_9124673,clinical: close-up,600,450,31547,
ISIC_9125091,clinical: close-up,600,450,37537,
ISIC_9126529,dermoscopic,600,450,27847,
ISIC_9127714,clinical: close-up,600,450,16249,
ISIC_9129820,dermoscopic,600,450,31043,
ISIC_9129838,clinical: close-up,600,450,55789,
ISIC_9130589,clinical: close-up,600,450,38807,
ISIC_9131247,dermoscopic,600,450,31693,
ISIC_9132006,dermoscopic,600,450,30972,
ISIC_9132204,dermoscopic,600,450,23975,
ISIC_9132828,dermoscopic,600,450,29409,
ISIC_9134607,clinical: close-up,600,450,47551,
ISIC_9135081,clinical: close-up,600,450,42844,
ISIC_9136213,clinical: close-up,600,450,49974,
ISIC_9136283,dermoscopic,600,450,37815,
ISIC_9137740,dermoscopic,600,450,14015,
ISIC_9138708,dermoscopic,600,450,25046,
ISIC_9139090,dermoscopic,600,450,27870,
ISIC_9139162,clinical: close-up,600,450,29471,
ISIC_9140116,dermoscopic,600,450,23763,
ISIC_9140582,dermoscopic,600,450,20305,
ISIC_9140869,clinical: close-up,600,450,19095,
ISIC_9140973,clinical: close-up,600,450,44096,
ISIC_9141788,dermoscopic,600,450,29363,
ISIC_9142036,dermoscopic,600,450,23950,
ISIC_9144494,clinical: close-up,600,450,38637,
ISIC_9144551,clinical: close-up,600,450,46984,
ISIC_9144877,dermoscopic,600,450,30796,
ISIC_9145770,dermoscopic,600,450,31293,
ISIC_9147502,dermoscopic,600,450,23037,
ISIC_9147605,clinical: close-up,600,450,38420,
ISIC_9148166,clinical: close-up,600,450,43261,
ISIC_9148837,dermoscopic,600,450,22771,
ISIC_9149555,clinical: close-up,600,450,28493,
ISIC_9149605,clinical: close-up,600,450,40468,
ISIC_9151156,clinical: close-up,600,450,55178,
ISIC_9152345,dermoscopic,600,450,27675,
ISIC_9153141,dermoscopic,600,450,19855,
ISIC_9153724,dermoscopic,600,450,22574,
ISIC_9155060,clinical: close-up,600,450,15250,
ISIC_9155561,clinical: close-up,600,450,52890,
ISIC_9156050,clinical: close-up,600,450,33669,
ISIC_9156154,dermoscopic,600,450,28133,
ISIC_9157592,dermoscopic,600,450,19048,
ISIC_9159202,dermoscopic,600,450,36408,
ISIC_9159246,dermoscopic,600,450,25267,
ISIC_9161347,clinical: close-up,600,450,41389,
ISIC_9161483,dermoscopic,600,450,30219,
ISIC_9161612,dermoscopic,600,450,28211,
ISIC_9163561,dermoscopic,600,450,19637,
ISIC_9164586,clinical: close-up,600,450,43509,
ISIC_9165967,clinical: close-up,600,450,40294,
ISIC_9166927,clinical: close-up,600,450,39282,
ISIC_9167637,clinical: close-up,600,450,35687,
ISIC_9170556,dermoscopic,600,450,33434,
ISIC_9171491,clinical: close-up,600,450,33951,
ISIC_9171793,dermoscopic,600,450,26749,
ISIC_9172274,dermoscopic,600,450,22354,
ISIC_9172622,clinical: close-up,600,450,18368,
ISIC_9173490,clinical: close-up,600,450,45866,
ISIC_9173896,clinical: close-up,600,450,30198,
ISIC_9174580,dermoscopic,600,450,24332,
ISIC_9175575,dermoscopic,600,450,24351,
ISIC_9176060,clinical: close-up,600,450,42906,
ISIC_9176784,clinical: close-up,600,450,55302,
ISIC_9177006,clinical: close-up,600,450,41587,
ISIC_9177146,clinical: close-up,600,450,50738,
ISIC_9178156,clinical: close-up,600,450,43143,
ISIC_9178763,dermoscopic,600,450,19620,
ISIC_9179044,dermoscopic,600,450,29762,
ISIC_9179636,clinical: close-up,600,450,42424,
ISIC_9179884,dermoscopic,600,450,25350,
ISIC_9180125,dermoscopic,600,450,26521,
ISIC_9180642,dermoscopic,600,450,29000,
ISIC_9181159,dermoscopic,600,450,23635,
ISIC_9182531,dermoscopic,600,450,31318,
ISIC_9183026,clinical: close-up,600,450,48503,
ISIC_9183794,dermoscopic,600,450,35027,
ISIC_9185835,dermoscopic,600,450,28213,
ISIC_9186111,dermoscopic,600,450,41453,
ISIC_9186927,clinical: close-up,600,450,22695,
ISIC_9187182,dermoscopic,600,450,27921,
ISIC_9188614,dermoscopic,600,450,31491,
ISIC_9188713,dermoscopic,600,450,21743,
ISIC_9191650,clinical: close-up,600,450,20867,
ISIC_9191957,clinical: close-up,600,450,33045,
ISIC_9192620,dermoscopic,600,450,24894,
ISIC_9195108,dermoscopic,600,450,17656,
ISIC_9196525,dermoscopic,600,450,30772,
ISIC_9197238,clinical: close-up,600,450,41908,
ISIC_9198253,clinical: close-up,600,450,51513,
ISIC_9198446,clinical: close-up,600,450,36275,
ISIC_9199020,dermoscopic,600,450,19692,
ISIC_9200112,clinical: close-up,600,450,34077,
ISIC_9203716,clinical: close-up,600,450,34306,
ISIC_9204575,clinical: close-up,600,450,38136,
ISIC_9204844,dermoscopic,600,450,23934,
ISIC_9205905,clinical: close-up,600,450,42003,
ISIC_9206416,clinical: close-up,600,450,31397,
ISIC_9206516,dermoscopic,600,450,22650,
ISIC_9206660,dermoscopic,600,450,34067,
ISIC_9206757,clinical: close-up,600,450,29086,
ISIC_9207099,dermoscopic,600,450,22715,
ISIC_9207862,clinical: close-up,600,450,45247,
ISIC_9208623,clinical: close-up,600,450,45746,
ISIC_9209191,clinical: close-up,600,450,41259,
ISIC_9209368,clinical: close-up,600,450,37724,
ISIC_9209458,dermoscopic,600,450,37316,
ISIC_9210156,clinical: close-up,600,450,33718,
ISIC_9212173,dermoscopic,600,450,24088,
ISIC_9212791,clinical: close-up,600,450,36252,
ISIC_9213644,clinical: close-up,600,450,41675,
ISIC_9214947,dermoscopic,600,450,26882,
ISIC_9215935,dermoscopic,600,450,24637,
ISIC_9216457,dermoscopic,600,450,24363,
ISIC_9216543,clinical: close-up,600,450,35628,
ISIC_9216609,dermoscopic,600,450,22980,
ISIC_9218783,dermoscopic,600,450,20604,
ISIC_9219836,clinical: close-up,600,450,15212,
ISIC_9221083,clinical: close-up,600,450,34095,
ISIC_9221495,clinical: close-up,600,450,45987,
ISIC_9222540,dermoscopic,600,450,39424,
ISIC_9222858,clinical: close-up,600,450,46642,
ISIC_9223565,clinical: close-up,600,450,36112,
ISIC_9225022,clinical: close-up,600,450,43134,
ISIC_9225499,clinical: close-up,600,450,48668,
ISIC_9225788,clinical: close-up,600,450,39092,
ISIC_9226737,dermoscopic,600,450,26501,
ISIC_9227283,dermoscopic,600,450,21225,
ISIC_9227362,dermoscopic,600,450,27034,
ISIC_9227379,clinical: close-up,600,450,38466,
ISIC_9231306,dermoscopic,600,450,26323,
ISIC_9231756,clinical: close-up,600,450,45244,
ISIC_9232517,dermoscopic,600,450,18760,
ISIC_9232753,dermoscopic,600,450,21437,
ISIC_9233052,clinical: close-up,600,450,30252,
ISIC_9233649,clinical: close-up,600,450,36027,
ISIC_9236022,clinical: close-up,600,450,43217,
ISIC_9236121,clinical: close-up,600,450,46460,
ISIC_9237488,clinical: close-up,600,450,38870,
ISIC_9239028,clinical: close-up,600,450,48224,
ISIC_9239381,clinical: close-up,600,450,42451,
ISIC_9239978,dermoscopic,600,450,24708,
ISIC_9240332,clinical: close-up,600,450,45492,
ISIC_9242872,dermoscopic,600,450,22225,
ISIC_9247586,dermoscopic,600,450,28255,
ISIC_9249196,dermoscopic,600,450,29237,
ISIC_9250445,clinical: close-up,600,450,39237,
ISIC_9250721,dermoscopic,600,450,18582,
ISIC_9250781,dermoscopic,600,450,21565,
ISIC_9250861,clinical: close-up,600,450,49918,
ISIC_9250989,dermoscopic,600,450,31796,
ISIC_9251635,clinical: close-up,600,450,56271,
ISIC_9253237,clinical: close-up,600,450,46537,
ISIC_9254169,clinical: close-up,600,450,39841,
ISIC_9254710,dermoscopic,600,450,28251,
ISIC_9255011,clinical: close-up,600,450,51659,
ISIC_9255133,dermoscopic,600,450,23498,
ISIC_9255385,clinical: close-up,600,450,19651,
ISIC_9255841,dermoscopic,600,450,25574,
ISIC_9256618,dermoscopic,600,450,22592,
ISIC_9256840,clinical: close-up,600,450,38685,
ISIC_9257390,clinical: close-up,600,450,47658,
ISIC_9258545,clinical: close-up,600,450,37222,
ISIC_9258794,clinical: close-up,600,450,33995,
ISIC_9259846,clinical: close-up,600,450,48237,
ISIC_9260804,clinical: close-up,600,450,36611,
ISIC_9261011,clinical: close-up,600,450,64387,
ISIC_9261289,clinical: close-up,600,450,77910,
ISIC_9261403,clinical: close-up,600,450,41763,
ISIC_9262459,dermoscopic,600,450,23179,
ISIC_9263681,clinical: close-up,600,450,39380,
ISIC_9263753,dermoscopic,600,450,29832,
ISIC_9264413,clinical: close-up,600,450,46624,
ISIC_9265386,dermoscopic,600,450,28904,
ISIC_9266057,dermoscopic,600,450,26302,
ISIC_9267602,dermoscopic,600,450,44037,
ISIC_9267796,dermoscopic,600,450,38278,
ISIC_9268464,dermoscopic,600,450,24097,
ISIC_9268987,dermoscopic,600,450,42171,
ISIC_9269238,clinical: close-up,600,450,51972,
ISIC_9270547,clinical: close-up,600,450,40758,
ISIC_9271327,dermoscopic,600,450,30633,
ISIC_9271454,clinical: close-up,600,450,41820,
ISIC_9272344,clinical: close-up,600,450,39210,
ISIC_9272970,clinical: close-up,600,450,27640,
ISIC_9274292,dermoscopic,600,450,21680,
ISIC_9275120,dermoscopic,600,450,21305,
ISIC_9276683,clinical: close-up,600,450,37229,
ISIC_9276715,dermoscopic,600,450,27096,
ISIC_9276741,clinical: close-up,600,450,52840,
ISIC_9276884,dermoscopic,600,450,29544,
ISIC_9276888,clinical: close-up,600,450,50046,
ISIC_9276896,dermoscopic,600,450,29985,
ISIC_9277601,dermoscopic,600,450,27278,
ISIC_9278360,dermoscopic,600,450,26980,
ISIC_9280380,clinical: close-up,600,450,52925,
ISIC_9280729,dermoscopic,600,450,26284,
ISIC_9281043,dermoscopic,600,450,42343,
ISIC_9285071,clinical: close-up,600,450,25853,
ISIC_9285148,clinical: close-up,600,450,36536,
ISIC_9285479,clinical: close-up,600,450,43225,
ISIC_9286506,dermoscopic,600,450,24822,
ISIC_9286963,dermoscopic,600,450,27434,
ISIC_9287993,dermoscopic,600,450,22692,
ISIC_9290704,dermoscopic,600,450,21840,
ISIC_9290748,dermoscopic,600,450,26790,
ISIC_9294596,clinical: close-up,600,450,45860,
ISIC_9294763,dermoscopic,600,450,31365,
ISIC_9296037,clinical: close-up,600,450,36476,
ISIC_9296237,dermoscopic,600,450,29842,
ISIC_9297122,clinical: close-up,600,450,52498,
ISIC_9297268,dermoscopic,600,450,17367,
ISIC_9301982,clinical: close-up,600,450,53978,
ISIC_9304429,dermoscopic,600,450,24103,
ISIC_9304458,clinical: close-up,600,450,41148,
ISIC_9308029,clinical: close-up,600,450,31959,
ISIC_9308744,clinical: close-up,600,450,42530,
ISIC_9309251,clinical: close-up,600,450,21561,
ISIC_9310034,clinical: close-up,600,450,40966,
ISIC_9310359,clinical: close-up,600,450,35163,
ISIC_9310886,clinical: close-up,600,450,48853,
ISIC_9311925,clinical: close-up,600,450,37812,
ISIC_9312353,clinical: close-up,600,450,41382,
ISIC_9312951,clinical: close-up,600,450,33607,
ISIC_9313746,dermoscopic,600,450,31074,
ISIC_9314032,clinical: close-up,600,450,36351,
ISIC_9314416,dermoscopic,600,450,18658,
ISIC_9314612,clinical: close-up,600,450,38255,
ISIC_9314988,dermoscopic,600,450,53308,
ISIC_9315615,clinical: close-up,600,450,41433,
ISIC_9316561,clinical: close-up,600,450,18538,
ISIC_9316861,dermoscopic,600,450,28233,
ISIC_9317486,dermoscopic,600,450,37428,
ISIC_9317670,dermoscopic,600,450,18797,
ISIC_9318888,clinical: close-up,600,450,36691,
ISIC_9319124,dermoscopic,600,450,27260,
ISIC_9320577,clinical: close-up,600,450,28921,
ISIC_9320989,clinical: close-up,600,450,47281,
ISIC_9321127,clinical: close-up,600,450,44373,
ISIC_9322304,clinical: close-up,600,450,40633,
ISIC_9323438,dermoscopic,600,450,31651,
ISIC_9325289,clinical: close-up,600,450,40080,
ISIC_9326688,clinical: close-up,600,450,27915,
ISIC_9329600,dermoscopic,600,450,32522,
ISIC_9332272,dermoscopic,600,450,31809,
ISIC_9333834,dermoscopic,600,450,17497,
ISIC_9334393,dermoscopic,600,450,45330,
ISIC_9336484,clinical: close-up,600,450,32938,
ISIC_9336765,dermoscopic,600,450,35904,
ISIC_9336915,clinical: close-up,600,450,46475,
ISIC_9338271,clinical: close-up,600,450,38148,
ISIC_9338482,dermoscopic,600,450,35232,
ISIC_9339729,clinical: close-up,600,450,46257,
ISIC_9340414,dermoscopic,600,450,40389,
ISIC_9342357,dermoscopic,600,450,35457,
ISIC_9342460,clinical: close-up,600,450,34263,
ISIC_9344767,clinical: close-up,600,450,45899,
ISIC_9345667,dermoscopic,600,450,35517,
ISIC_9346486,clinical: close-up,600,450,39528,
ISIC_9347140,clinical: close-up,600,450,48954,
ISIC_9348273,dermoscopic,600,450,25160,
ISIC_9350105,dermoscopic,600,450,22888,
ISIC_9351886,dermoscopic,600,450,23312,
ISIC_9353865,dermoscopic,600,450,21884,
ISIC_9354948,dermoscopic,600,450,29583,
ISIC_9355799,clinical: close-up,600,450,46259,
ISIC_9356329,dermoscopic,600,450,22564,
ISIC_9357735,dermoscopic,600,450,29891,
ISIC_9360308,clinical: close-up,600,450,42883,
ISIC_9361398,dermoscopic,600,450,26764,
ISIC_9365663,dermoscopic,600,450,24767,
ISIC_9365835,clinical: close-up,600,450,68338,
ISIC_9369364,clinical: close-up,600,450,47619,
ISIC_9369610,clinical: close-up,600,450,33804,
ISIC_9370126,dermoscopic,600,450,29886,
ISIC_9375501,clinical: close-up,600,450,39556,
ISIC_9376271,clinical: close-up,600,450,56248,
ISIC_9376579,clinical: close-up,600,450,36465,
ISIC_9379057,dermoscopic,600,450,28395,
ISIC_9379186,clinical: close-up,600,450,27275,
ISIC_9379796,clinical: close-up,600,450,59046,
ISIC_9380419,dermoscopic,600,450,31514,
ISIC_9382183,clinical: close-up,600,450,32342,
ISIC_9382791,clinical: close-up,600,450,37023,
ISIC_9383853,clinical: close-up,600,450,39970,
ISIC_9384262,clinical: close-up,600,450,41980,
ISIC_9384345,dermoscopic,600,450,29805,
ISIC_9388783,clinical: close-up,600,450,38403,
ISIC_9389123,clinical: close-up,600,450,38123,
ISIC_9390065,dermoscopic,600,450,22972,
ISIC_9390488,dermoscopic,600,450,45451,
ISIC_9390664,dermoscopic,600,450,21042,
ISIC_9390963,dermoscopic,600,450,27071,
ISIC_9392092,dermoscopic,600,450,33294,
ISIC_9392128,clinical: close-up,600,450,39109,
ISIC_9392626,dermoscopic,600,450,28980,
ISIC_9394962,clinical: close-up,600,450,51790,
ISIC_9399207,dermoscopic,600,450,27624,
ISIC_9399586,dermoscopic,600,450,23623,
ISIC_9399711,dermoscopic,600,450,20380,
ISIC_9400088,clinical: close-up,600,450,59246,
ISIC_9400150,dermoscopic,600,450,27253,
ISIC_9400307,dermoscopic,600,450,35529,
ISIC_9400517,clinical: close-up,600,450,24858,
ISIC_9401538,clinical: close-up,600,450,37307,
ISIC_9401613,clinical: close-up,600,450,34678,
ISIC_9403836,dermoscopic,600,450,18816,
ISIC_9404018,dermoscopic,600,450,24302,
ISIC_9404484,dermoscopic,600,450,34129,
ISIC_9406973,dermoscopic,600,450,38397,
ISIC_9408905,dermoscopic,600,450,19238,
ISIC_9410235,dermoscopic,600,450,31834,
ISIC_9410557,clinical: close-up,600,450,53666,
ISIC_9411450,dermoscopic,600,450,20546,
ISIC_9411600,clinical: close-up,600,450,40377,
ISIC_9415828,dermoscopic,600,450,30023,
ISIC_9415992,dermoscopic,600,450,25230,
ISIC_9416518,clinical: close-up,600,450,34210,
ISIC_9419736,dermoscopic,600,450,51460,
ISIC_9420912,clinical: close-up,600,450,42457,
ISIC_9420991,clinical: close-up,600,450,30178,
ISIC_9421756,dermoscopic,600,450,21449,
ISIC_9422230,dermoscopic,600,450,25815,
ISIC_9422255,clinical: close-up,600,450,38020,
ISIC_9423469,dermoscopic,600,450,31073,
ISIC_9423923,clinical: close-up,600,450,26662,
ISIC_9424114,clinical: close-up,600,450,38079,
ISIC_9424882,dermoscopic,600,450,22585,
ISIC_9426065,dermoscopic,600,450,22207,
ISIC_9426194,clinical: close-up,600,450,35400,
ISIC_9426683,clinical: close-up,600,450,40135,
ISIC_9427744,dermoscopic,600,450,21370,
ISIC_9428829,dermoscopic,600,450,28518,
ISIC_9430710,clinical: close-up,600,450,36686,
ISIC_9430903,clinical: close-up,600,450,31553,
ISIC_9432372,clinical: close-up,600,450,52848,
ISIC_9434832,dermoscopic,600,450,24390,
ISIC_9436084,dermoscopic,600,450,31345,
ISIC_9441092,clinical: close-up,600,450,54515,
ISIC_9441749,clinical: close-up,600,450,45432,
ISIC_9442170,clinical: close-up,600,450,47465,
ISIC_9442868,dermoscopic,600,450,35268,
ISIC_9443293,clinical: close-up,600,450,35135,
ISIC_9443349,clinical: close-up,600,450,56800,
ISIC_9444018,clinical: close-up,600,450,46385,
ISIC_9445672,dermoscopic,600,450,23199,
ISIC_9446110,clinical: close-up,600,450,69284,
ISIC_9447454,dermoscopic,600,450,40109,
ISIC_9447530,dermoscopic,600,450,22576,
ISIC_9450429,dermoscopic,600,450,25343,
ISIC_9451191,dermoscopic,600,450,22270,
ISIC_9451700,clinical: close-up,600,450,41994,
ISIC_9451867,dermoscopic,600,450,23603,
ISIC_9452345,dermoscopic,600,450,32814,
ISIC_9454462,clinical: close-up,600,450,23959,
ISIC_9455367,dermoscopic,600,450,31909,
ISIC_9457442,clinical: close-up,600,450,32354,
ISIC_9460306,clinical: close-up,600,450,20015,
ISIC_9460407,clinical: close-up,600,450,55839,
ISIC_9460959,dermoscopic,600,450,24350,
ISIC_9465394,clinical: close-up,600,450,43258,
ISIC_9467067,clinical: close-up,600,450,35001,
ISIC_9467983,dermoscopic,600,450,19250,
ISIC_9468404,dermoscopic,600,450,26884,
ISIC_9468437,dermoscopic,600,450,21209,
ISIC_9470013,clinical: close-up,600,450,37959,
ISIC_9471648,dermoscopic,600,450,25447,
ISIC_9471674,clinical: close-up,600,450,42473,
ISIC_9472474,dermoscopic,600,450,26678,
ISIC_9472574,dermoscopic,600,450,36046,
ISIC_9473743,dermoscopic,600,450,34230,
ISIC_9474028,dermoscopic,600,450,25482,
ISIC_9474451,clinical: close-up,600,450,32371,
ISIC_9475776,dermoscopic,600,450,32367,
ISIC_9476389,dermoscopic,600,450,32978,
ISIC_9477090,dermoscopic,600,450,24257,
ISIC_9478252,clinical: close-up,600,450,35419,
ISIC_9479710,dermoscopic,600,450,21733,
ISIC_9480680,clinical: close-up,600,450,48725,
ISIC_9483103,dermoscopic,600,450,23322,
ISIC_9483507,dermoscopic,600,450,32372,
ISIC_9484284,clinical: close-up,600,450,51169,
ISIC_9485513,clinical: close-up,600,450,46097,
ISIC_9486029,clinical: close-up,600,450,43675,
ISIC_9486866,dermoscopic,600,450,32961,
ISIC_9487423,clinical: close-up,600,450,50070,
ISIC_9487621,clinical: close-up,600,450,38096,
ISIC_9488743,dermoscopic,600,450,31395,
ISIC_9488771,clinical: close-up,600,450,30027,
ISIC_9488866,clinical: close-up,600,450,42505,
ISIC_9489767,clinical: close-up,600,450,35575,
ISIC_9489971,clinical: close-up,600,450,37861,
ISIC_9490027,dermoscopic,600,450,31558,
ISIC_9490906,dermoscopic,600,450,25790,
ISIC_9491707,dermoscopic,600,450,25893,
ISIC_9492806,clinical: close-up,600,450,41510,
ISIC_9492928,dermoscopic,600,450,30863,
ISIC_9495791,clinical: close-up,600,450,39449,
ISIC_9496310,dermoscopic,600,450,26626,
ISIC_9497071,clinical: close-up,600,450,51493,
ISIC_9497415,dermoscopic,600,450,28932,
ISIC_9501224,dermoscopic,600,450,32904,
ISIC_9501706,dermoscopic,600,450,19027,
ISIC_9501753,dermoscopic,600,450,24357,
ISIC_9502415,dermoscopic,600,450,29093,
ISIC_9503013,dermoscopic,600,450,36530,
ISIC_9504198,dermoscopic,600,450,33438,
ISIC_9506376,dermoscopic,600,450,24260,
ISIC_9507615,dermoscopic,600,450,24976,
ISIC_9508038,clinical: close-up,600,450,48079,
ISIC_9508636,dermoscopic,600,450,30565,
ISIC_9509446,dermoscopic,600,450,41038,
ISIC_9509837,dermoscopic,600,450,24839,
ISIC_9510334,clinical: close-up,600,450,44559,
ISIC_9512295,clinical: close-up,600,450,27237,
ISIC_9512371,dermoscopic,600,450,25776,
ISIC_9512388,dermoscopic,600,450,28823,
ISIC_9512917,clinical: close-up,600,450,28707,
ISIC_9513437,clinical: close-up,600,450,41395,
ISIC_9513919,clinical: close-up,600,450,46853,
ISIC_9518414,dermoscopic,600,450,31251,
ISIC_9519122,dermoscopic,600,450,31468,
ISIC_9519917,dermoscopic,600,450,32686,
ISIC_9521072,dermoscopic,600,450,31445,
ISIC_9521117,dermoscopic,600,450,23317,
ISIC_9521190,clinical: close-up,600,450,40995,
ISIC_9521421,dermoscopic,600,450,30817,
ISIC_9521441,dermoscopic,600,450,19904,
ISIC_9521548,dermoscopic,600,450,26234,
ISIC_9521675,dermoscopic,600,450,29097,
ISIC_9522896,clinical: close-up,600,450,26048,
ISIC_9523126,dermoscopic,600,450,25196,
ISIC_9524858,clinical: close-up,600,450,54092,
ISIC_9525008,clinical: close-up,600,450,34861,
ISIC_9526087,dermoscopic,600,450,38240,
ISIC_9528430,clinical: close-up,600,450,40957,
ISIC_9528989,clinical: close-up,600,450,22157,
ISIC_9529544,clinical: close-up,600,450,47019,
ISIC_9529664,clinical: close-up,600,450,36323,
ISIC_9531073,clinical: close-up,600,450,37099,
ISIC_9531638,clinical: close-up,600,450,37322,
ISIC_9532043,clinical: close-up,600,450,46578,
ISIC_9532049,dermoscopic,600,450,22450,
ISIC_9532297,clinical: close-up,600,450,38249,
ISIC_9532907,clinical: close-up,600,450,31979,
ISIC_9534817,clinical: close-up,600,450,46507,
ISIC_9535614,clinical: close-up,600,450,52145,
ISIC_9536837,dermoscopic,600,450,22463,
ISIC_9536932,dermoscopic,600,450,33741,
ISIC_9540648,dermoscopic,600,450,30404,
ISIC_9540789,dermoscopic,600,450,25682,
ISIC_9541260,clinical: close-up,600,450,40149,
ISIC_9541448,dermoscopic,600,450,26893,
ISIC_9542991,dermoscopic,600,450,29480,
ISIC_9543736,clinical: close-up,600,450,31275,
ISIC_9543805,dermoscopic,600,450,30339,
ISIC_9543842,dermoscopic,600,450,23177,
ISIC_9544557,clinical: close-up,600,450,32889,
ISIC_9545117,clinical: close-up,600,450,57664,
ISIC_9546161,clinical: close-up,600,450,35173,
ISIC_9546201,clinical: close-up,600,450,43315,
ISIC_9546309,dermoscopic,600,450,26019,
ISIC_9546496,clinical: close-up,600,450,23129,
ISIC_9546502,dermoscopic,600,450,34617,
ISIC_9547201,clinical: close-up,600,450,40087,
ISIC_9547255,dermoscopic,600,450,46427,
ISIC_9547421,clinical: close-up,600,450,15068,
ISIC_9548799,clinical: close-up,600,450,26316,
ISIC_9549096,dermoscopic,600,450,29055,
ISIC_9550550,clinical: close-up,600,450,37599,
ISIC_9551475,clinical: close-up,600,450,55657,
ISIC_9552131,clinical: close-up,600,450,35300,
ISIC_9552444,dermoscopic,600,450,25040,
ISIC_9552881,clinical: close-up,600,450,41219,
ISIC_9553909,dermoscopic,600,450,23282,
ISIC_9558332,dermoscopic,600,450,24971,
ISIC_9559910,clinical: close-up,600,450,44256,
ISIC_9560522,clinical: close-up,600,450,22876,
ISIC_9560548,dermoscopic,600,450,20870,
ISIC_9560618,dermoscopic,600,450,20518,
ISIC_9560662,clinical: close-up,600,450,33587,
ISIC_9561756,dermoscopic,600,450,25682,
ISIC_9562051,dermoscopic,600,450,26766,
ISIC_9562131,clinical: close-up,600,450,35322,
ISIC_9562167,clinical: close-up,600,450,62712,
ISIC_9566384,dermoscopic,600,450,27187,
ISIC_9566444,dermoscopic,600,450,29120,
ISIC_9566721,dermoscopic,600,450,28601,
ISIC_9568205,clinical: close-up,600,450,45935,
ISIC_9568577,dermoscopic,600,450,31953,
ISIC_9569670,dermoscopic,600,450,18697,
ISIC_9569749,dermoscopic,600,450,23834,
ISIC_9570026,clinical: close-up,600,450,46934,
ISIC_9570770,dermoscopic,600,450,28679,
ISIC_9570959,dermoscopic,600,450,27603,
ISIC_9571815,dermoscopic,600,450,33902,
ISIC_9571862,dermoscopic,600,450,25468,
ISIC_9572021,dermoscopic,600,450,29807,
ISIC_9572075,dermoscopic,600,450,22200,
ISIC_9573010,dermoscopic,600,450,30666,
ISIC_9574838,clinical: close-up,600,450,34673,
ISIC_9577015,clinical: close-up,600,450,26729,
ISIC_9578110,dermoscopic,600,450,37176,
ISIC_9579385,clinical: close-up,600,450,43953,
ISIC_9579576,dermoscopic,600,450,37522,
ISIC_9579888,dermoscopic,600,450,31709,
ISIC_9581030,clinical: close-up,600,450,43644,
ISIC_9581647,dermoscopic,600,450,30148,
ISIC_9581881,clinical: close-up,600,450,39370,
ISIC_9583399,dermoscopic,600,450,33904,
ISIC_9584529,dermoscopic,600,450,33199,
ISIC_9584532,clinical: close-up,600,450,29151,
ISIC_9586593,clinical: close-up,600,450,53382,
ISIC_9586937,dermoscopic,600,450,22244,
ISIC_9586991,dermoscopic,600,450,33805,
ISIC_9587078,dermoscopic,600,450,23216,
ISIC_9587230,clinical: close-up,600,450,29351,
ISIC_9587357,clinical: close-up,600,450,28136,
ISIC_9588100,clinical: close-up,600,450,41223,
ISIC_9588487,dermoscopic,600,450,36007,
ISIC_9589099,dermoscopic,600,450,29472,
ISIC_9589958,clinical: close-up,600,450,42851,
ISIC_9590640,clinical: close-up,600,450,41422,
ISIC_9592132,dermoscopic,600,450,29563,
ISIC_9592403,clinical: close-up,600,450,51358,
ISIC_9592877,clinical: close-up,600,450,42658,
ISIC_9593683,dermoscopic,600,450,44642,
ISIC_9594263,dermoscopic,600,450,27808,
ISIC_9594679,dermoscopic,600,450,24154,
ISIC_9594918,dermoscopic,600,450,29841,
ISIC_9596173,dermoscopic,600,450,25992,
ISIC_9596244,clinical: close-up,600,450,28406,
ISIC_9596637,clinical: close-up,600,450,30398,
ISIC_9597152,dermoscopic,600,450,21144,
ISIC_9597858,dermoscopic,600,450,31786,
ISIC_9598235,clinical: close-up,600,450,40242,
ISIC_9598621,dermoscopic,600,450,23509,
ISIC_9599992,dermoscopic,600,450,29504,
ISIC_9601345,clinical: close-up,600,450,30469,
ISIC_9606854,clinical: close-up,600,450,35423,
ISIC_9608161,dermoscopic,600,450,39320,
ISIC_9609356,clinical: close-up,600,450,37331,
ISIC_9611209,dermoscopic,600,450,38571,
ISIC_9611388,dermoscopic,600,450,29464,
ISIC_9612446,dermoscopic,600,450,23459,
ISIC_9612761,dermoscopic,600,450,41071,
ISIC_9613721,dermoscopic,600,450,17886,
ISIC_9614509,dermoscopic,600,450,29613,
ISIC_9614578,clinical: close-up,600,450,46785,
ISIC_9614625,clinical: close-up,600,450,32079,
ISIC_9614715,clinical: close-up,600,450,36352,
ISIC_9617606,clinical: close-up,600,450,33759,
ISIC_9619047,clinical: close-up,600,450,45118,
ISIC_9625234,clinical: close-up,600,450,37960,
ISIC_9625758,dermoscopic,600,450,26122,
ISIC_9625853,clinical: close-up,600,450,32700,
ISIC_9626996,clinical: close-up,600,450,83517,
ISIC_9627212,clinical: close-up,600,450,32613,
ISIC_9627432,clinical: close-up,600,450,33662,
ISIC_9627594,dermoscopic,600,450,24131,
ISIC_9627993,clinical: close-up,600,450,37957,
ISIC_9629029,dermoscopic,600,450,27492,
ISIC_9629139,clinical: close-up,600,450,55477,
ISIC_9630006,dermoscopic,600,450,18535,
ISIC_9634842,clinical: close-up,600,450,38950,
ISIC_9636152,clinical: close-up,600,450,45700,
ISIC_9639067,dermoscopic,600,450,26522,
ISIC_9639952,clinical: close-up,600,450,43914,
ISIC_9640662,dermoscopic,600,450,16411,
ISIC_9640973,clinical: close-up,600,450,26962,
ISIC_9641063,dermoscopic,600,450,31093,
ISIC_9641700,clinical: close-up,600,450,47246,
ISIC_9641825,dermoscopic,600,450,36703,
ISIC_9641859,dermoscopic,600,450,20885,
ISIC_9642154,clinical: close-up,600,450,23048,
ISIC_9642724,dermoscopic,600,450,21027,
ISIC_9642927,clinical: close-up,600,450,28242,
ISIC_9642936,clinical: close-up,600,450,44558,
ISIC_9643087,clinical: close-up,600,450,43923,
ISIC_9643914,dermoscopic,600,450,21210,
ISIC_9648502,clinical: close-up,600,450,47168,
ISIC_9648773,dermoscopic,600,450,25658,
ISIC_9649323,dermoscopic,600,450,19086,
ISIC_9650544,dermoscopic,600,450,24426,
ISIC_9650776,clinical: close-up,600,450,39430,
ISIC_9651478,clinical: close-up,600,450,31147,
ISIC_9656292,clinical: close-up,600,450,39963,
ISIC_9658127,clinical: close-up,600,450,42061,
ISIC_9658944,dermoscopic,600,450,35661,
ISIC_9660882,clinical: close-up,600,450,37682,
ISIC_9661422,dermoscopic,600,450,25598,
ISIC_9661702,dermoscopic,600,450,22553,
ISIC_9662237,clinical: close-up,600,450,31925,
ISIC_9663937,dermoscopic,600,450,25401,
ISIC_9666538,dermoscopic,600,450,26047,
ISIC_9666922,clinical: close-up,600,450,29976,
ISIC_9668142,dermoscopic,600,450,28526,
ISIC_9668453,clinical: close-up,600,450,32857,
ISIC_9668533,dermoscopic,600,450,23314,
ISIC_9668892,dermoscopic,600,450,37695,
ISIC_9669577,dermoscopic,600,450,22360,
ISIC_9670100,clinical: close-up,600,450,44824,
ISIC_9673021,clinical: close-up,600,450,35442,
ISIC_9674469,dermoscopic,600,450,41607,
ISIC_9676478,clinical: close-up,600,450,41996,
ISIC_9676659,clinical: close-up,600,450,32482,
ISIC_9676972,clinical: close-up,600,450,41646,
ISIC_9677476,dermoscopic,600,450,26823,
ISIC_9679124,clinical: close-up,600,450,43773,
ISIC_9679564,clinical: close-up,600,450,39221,
ISIC_9680458,dermoscopic,600,450,31379,
ISIC_9682195,clinical: close-up,600,450,41428,
ISIC_9683086,dermoscopic,600,450,40242,
ISIC_9685756,dermoscopic,600,450,26640,
ISIC_9685758,dermoscopic,600,450,22234,
ISIC_9686538,dermoscopic,600,450,27232,
ISIC_9688065,dermoscopic,600,450,20358,
ISIC_9688192,dermoscopic,600,450,41225,
ISIC_9690596,clinical: close-up,600,450,40738,
ISIC_9691123,clinical: close-up,600,450,42240,
ISIC_9693001,dermoscopic,600,450,26630,
ISIC_9693456,dermoscopic,600,450,27225,
ISIC_9693802,dermoscopic,600,450,29564,
ISIC_9693907,clinical: close-up,600,450,64801,
ISIC_9696099,dermoscopic,600,450,18787,
ISIC_9696815,clinical: close-up,600,450,29542,
ISIC_9697273,dermoscopic,600,450,34178,
ISIC_9700218,dermoscopic,600,450,24462,
ISIC_9701048,dermoscopic,600,450,48619,
ISIC_9702862,clinical: close-up,600,450,30110,
ISIC_9703128,clinical: close-up,600,450,56630,
ISIC_9703510,dermoscopic,600,450,33786,
ISIC_9704524,dermoscopic,600,450,37112,
ISIC_9704742,clinical: close-up,600,450,42836,
ISIC_9705765,clinical: close-up,600,450,36099,
ISIC_9706057,clinical: close-up,600,450,31545,
ISIC_9706117,dermoscopic,600,450,22997,
ISIC_9706184,clinical: close-up,600,450,31322,
ISIC_9708493,dermoscopic,600,450,20545,
ISIC_9708941,clinical: close-up,600,450,36737,
ISIC_9710618,dermoscopic,600,450,21290,
ISIC_9710909,dermoscopic,600,450,26829,
ISIC_9712861,dermoscopic,600,450,32908,
ISIC_9713038,dermoscopic,600,450,28738,
ISIC_9714916,dermoscopic,600,450,29768,
ISIC_9718735,clinical: close-up,600,450,29671,
ISIC_9718756,clinical: close-up,600,450,32804,
ISIC_9719495,clinical: close-up,600,450,31597,
ISIC_9719634,dermoscopic,600,450,24529,
ISIC_9720285,clinical: close-up,600,450,32124,
ISIC_9721840,dermoscopic,600,450,22515,
ISIC_9725159,clinical: close-up,600,450,30599,
ISIC_9725243,clinical: close-up,600,450,28485,
ISIC_9725650,clinical: close-up,600,450,45470,
ISIC_9726099,clinical: close-up,600,450,50074,
ISIC_9726153,clinical: close-up,600,450,31326,
ISIC_9728651,clinical: close-up,600,450,39086,
ISIC_9728749,dermoscopic,600,450,28681,
ISIC_9730737,clinical: close-up,600,450,43504,
ISIC_9733625,dermoscopic,600,450,46669,
ISIC_9735316,dermoscopic,600,450,40456,
ISIC_9735329,clinical: close-up,600,450,22640,
ISIC_9735403,clinical: close-up,600,450,33055,
ISIC_9736851,dermoscopic,600,450,21613,
ISIC_9737054,dermoscopic,600,450,32856,
ISIC_9738040,dermoscopic,600,450,28513,
ISIC_9738298,clinical: close-up,600,450,22137,
ISIC_9739600,clinical: close-up,600,450,57539,
ISIC_9739946,clinical: close-up,600,450,31772,
ISIC_9740592,dermoscopic,600,450,29781,
ISIC_9742404,dermoscopic,600,450,36943,
ISIC_9744084,dermoscopic,600,450,25264,
ISIC_9745273,clinical: close-up,600,450,29059,
ISIC_9747479,clinical: close-up,600,450,40801,
ISIC_9747544,clinical: close-up,600,450,41011,
ISIC_9749130,dermoscopic,600,450,25576,
ISIC_9750600,dermoscopic,600,450,23982,
ISIC_9755138,dermoscopic,600,450,26419,
ISIC_9755301,clinical: close-up,600,450,46932,
ISIC_9756261,clinical: close-up,600,450,43588,
ISIC_9756715,clinical: close-up,600,450,39055,
ISIC_9756777,clinical: close-up,600,450,35634,
ISIC_9756878,dermoscopic,600,450,24095,
ISIC_9757709,dermoscopic,600,450,30159,
ISIC_9759173,dermoscopic,600,450,41381,
ISIC_9759381,clinical: close-up,600,450,41658,
ISIC_9760671,clinical: close-up,600,450,24279,
ISIC_9761409,clinical: close-up,600,450,41768,
ISIC_9762915,clinical: close-up,600,450,33300,
ISIC_9766600,dermoscopic,600,450,27751,
ISIC_9767663,clinical: close-up,600,450,37317,
ISIC_9769821,clinical: close-up,600,450,34360,
ISIC_9770798,clinical: close-up,600,450,36491,
ISIC_9774070,clinical: close-up,600,450,46647,
ISIC_9774801,dermoscopic,600,450,21889,
ISIC_9776077,clinical: close-up,600,450,47797,
ISIC_9776410,clinical: close-up,600,450,36205,
ISIC_9776738,clinical: close-up,600,450,62798,
ISIC_9777242,clinical: close-up,600,450,50755,
ISIC_9777580,dermoscopic,600,450,28577,
ISIC_9777954,dermoscopic,600,450,67372,
ISIC_9778028,clinical: close-up,600,450,30833,
ISIC_9778651,dermoscopic,600,450,26984,
ISIC_9780121,clinical: close-up,600,450,34754,
ISIC_9784837,clinical: close-up,600,450,27958,
ISIC_9785301,clinical: close-up,600,450,43489,
ISIC_9786685,clinical: close-up,600,450,26873,
ISIC_9788437,clinical: close-up,600,450,43555,
ISIC_9790247,clinical: close-up,600,450,47712,
ISIC_9790523,clinical: close-up,600,450,28331,
ISIC_9790773,dermoscopic,600,450,23928,
ISIC_9791119,dermoscopic,600,450,26057,
ISIC_9792283,dermoscopic,600,450,32543,
ISIC_9792479,clinical: close-up,600,450,59693,
ISIC_9794743,clinical: close-up,600,450,38931,
ISIC_9796777,dermoscopic,600,450,23187,
ISIC_9797265,clinical: close-up,600,450,48153,
ISIC_9798470,clinical: close-up,600,450,37759,
ISIC_9800865,clinical: close-up,600,450,48950,
ISIC_9801308,clinical: close-up,600,450,39561,
ISIC_9802157,dermoscopic,600,450,23128,
ISIC_9802702,clinical: close-up,600,450,34705,
ISIC_9802963,clinical: close-up,600,450,41297,
ISIC_9803465,dermoscopic,600,450,55131,
ISIC_9804365,clinical: close-up,600,450,59390,
ISIC_9807651,clinical: close-up,600,450,33569,
ISIC_9807754,dermoscopic,600,450,32129,
ISIC_9809278,clinical: close-up,600,450,46553,
ISIC_9809345,dermoscopic,600,450,31265,
ISIC_9809557,dermoscopic,600,450,38882,
ISIC_9810068,clinical: close-up,600,450,43790,
ISIC_9810739,clinical: close-up,600,450,41718,
ISIC_9812075,clinical: close-up,600,450,36236,
ISIC_9812459,clinical: close-up,600,450,34739,
ISIC_9812504,clinical: close-up,600,450,22777,
ISIC_9814001,clinical: close-up,600,450,22898,
ISIC_9814156,dermoscopic,600,450,34734,
ISIC_9814738,dermoscopic,600,450,21259,
ISIC_9815182,dermoscopic,600,450,28292,
ISIC_9815898,clinical: close-up,600,450,35526,
ISIC_9816160,dermoscopic,600,450,42040,
ISIC_9816264,dermoscopic,600,450,24297,
ISIC_9816395,dermoscopic,600,450,32425,
ISIC_9818203,dermoscopic,600,450,28938,
ISIC_9818689,clinical: close-up,600,450,53856,
ISIC_9818964,clinical: close-up,600,450,55499,
ISIC_9820266,dermoscopic,600,450,26544,
ISIC_9820396,clinical: close-up,600,450,49584,
ISIC_9820560,clinical: close-up,600,450,39873,
ISIC_9821910,dermoscopic,600,450,22053,
ISIC_9822543,dermoscopic,600,450,39022,
ISIC_9823894,dermoscopic,600,450,14505,
ISIC_9824186,dermoscopic,600,450,23790,
ISIC_9824409,dermoscopic,600,450,25040,
ISIC_9826023,clinical: close-up,600,450,46395,
ISIC_9826365,clinical: close-up,600,450,41517,
ISIC_9826615,dermoscopic,600,450,37114,
ISIC_9828047,clinical: close-up,600,450,23296,
ISIC_9828103,clinical: close-up,600,450,39411,
ISIC_9829558,clinical: close-up,600,450,47720,
ISIC_9831096,clinical: close-up,600,450,35373,
ISIC_9831775,clinical: close-up,600,450,27191,
ISIC_9832572,clinical: close-up,600,450,60867,
ISIC_9832783,clinical: close-up,600,450,35734,
ISIC_9833026,clinical: close-up,600,450,53636,
ISIC_9841903,dermoscopic,600,450,27948,
ISIC_9842192,dermoscopic,600,450,24682,
ISIC_9843002,clinical: close-up,600,450,35252,
ISIC_9845346,dermoscopic,600,450,17908,
ISIC_9846502,clinical: close-up,600,450,30113,
ISIC_9846956,clinical: close-up,600,450,58314,
ISIC_9848425,clinical: close-up,600,450,52429,
ISIC_9849120,dermoscopic,600,450,25130,
ISIC_9850235,dermoscopic,600,450,35161,
ISIC_9850344,clinical: close-up,600,450,40473,
ISIC_9850356,clinical: close-up,600,450,43706,
ISIC_9850628,clinical: close-up,600,450,59330,
ISIC_9852855,clinical: close-up,600,450,43062,
ISIC_9853363,dermoscopic,600,450,25058,
ISIC_9857002,dermoscopic,600,450,35267,
ISIC_9859487,clinical: close-up,600,450,54226,
ISIC_9860654,clinical: close-up,600,450,41999,
ISIC_9861310,dermoscopic,600,450,27164,
ISIC_9862532,dermoscopic,600,450,19068,
ISIC_9864702,dermoscopic,600,450,28796,
ISIC_9865547,clinical: close-up,600,450,33652,
ISIC_9866460,dermoscopic,600,450,27140,
ISIC_9867644,dermoscopic,600,450,20643,
ISIC_9871721,clinical: close-up,600,450,40298,
ISIC_9873401,clinical: close-up,600,450,28824,
ISIC_9873782,clinical: close-up,600,450,41104,
ISIC_9875123,dermoscopic,600,450,25686,
ISIC_9875364,dermoscopic,600,450,30090,
ISIC_9875968,dermoscopic,600,450,26061,
ISIC_9878811,clinical: close-up,600,450,38077,
ISIC_9878841,clinical: close-up,600,450,48543,
ISIC_9879446,clinical: close-up,600,450,43375,
ISIC_9881436,dermoscopic,600,450,38972,
ISIC_9882842,clinical: close-up,600,450,39864,
ISIC_9884445,clinical: close-up,600,450,38604,
ISIC_9886033,clinical: close-up,600,450,30930,
ISIC_9886316,clinical: close-up,600,450,43739,
ISIC_9886654,dermoscopic,600,450,23927,
ISIC_9886748,dermoscopic,600,450,26220,
ISIC_9886919,clinical: close-up,600,450,39417,
ISIC_9886925,clinical: close-up,600,450,39786,
ISIC_9887877,dermoscopic,600,450,24960,
ISIC_9890207,clinical: close-up,600,450,35836,
ISIC_9890254,dermoscopic,600,450,21867,
ISIC_9890480,dermoscopic,600,450,29282,
ISIC_9890732,clinical: close-up,600,450,32917,
ISIC_9891275,dermoscopic,600,450,19182,
ISIC_9892179,dermoscopic,600,450,21953,
ISIC_9892393,clinical: close-up,600,450,39710,
ISIC_9892615,dermoscopic,600,450,28916,
ISIC_9893445,dermoscopic,600,450,23004,
ISIC_9894744,clinical: close-up,600,450,34419,
ISIC_9895318,dermoscopic,600,450,23900,
ISIC_9896110,dermoscopic,600,450,32330,
ISIC_9896318,clinical: close-up,600,450,44110,
ISIC_9896561,dermoscopic,600,450,25004,
ISIC_9896977,dermoscopic,600,450,22994,
ISIC_9899180,clinical: close-up,600,450,49622,
ISIC_9899763,clinical: close-up,600,450,31304,
ISIC_9900027,dermoscopic,600,450,29334,
ISIC_9900723,dermoscopic,600,450,26884,
ISIC_9901858,clinical: close-up,600,450,44084,
ISIC_9903464,clinical: close-up,600,450,51245,
ISIC_9905593,dermoscopic,600,450,34853,
ISIC_9909273,dermoscopic,600,450,27784,
ISIC_9909368,clinical: close-up,600,450,41947,
ISIC_9909995,clinical: close-up,600,450,31759,
ISIC_9912332,dermoscopic,600,450,27952,
ISIC_9915322,clinical: close-up,600,450,46801,
ISIC_9915349,clinical: close-up,600,450,39089,
ISIC_9915675,clinical: close-up,600,450,53916,
ISIC_9916112,dermoscopic,600,450,18727,
ISIC_9916568,clinical: close-up,600,450,31829,
ISIC_9918302,dermoscopic,600,450,38571,
ISIC_9918967,clinical: close-up,600,450,40264,
ISIC_9921386,clinical: close-up,600,450,21455,
ISIC_9922427,clinical: close-up,600,450,34913,
ISIC_9922993,dermoscopic,600,450,45130,
ISIC_9923124,clinical: close-up,600,450,35546,
ISIC_9923880,clinical: close-up,600,450,49492,
ISIC_9925039,clinical: close-up,600,450,52777,
ISIC_9925307,dermoscopic,600,450,24301,
ISIC_9925921,clinical: close-up,600,450,29380,
ISIC_9927143,clinical: close-up,600,450,54236,
ISIC_9927174,dermoscopic,600,450,25255,
ISIC_9929712,clinical: close-up,600,450,46118,
ISIC_9929733,dermoscopic,600,450,33200,
ISIC_9931617,dermoscopic,600,450,38126,
ISIC_9931935,dermoscopic,600,450,26859,
ISIC_9932255,clinical: close-up,600,450,53044,
ISIC_9932307,clinical: close-up,600,450,75676,
ISIC_9933283,clinical: close-up,600,450,46869,
ISIC_9934612,dermoscopic,600,450,31073,
ISIC_9936601,clinical: close-up,600,450,26765,
ISIC_9938958,dermoscopic,600,450,27033,
ISIC_9939897,dermoscopic,600,450,37708,
ISIC_9940061,dermoscopic,600,450,34039,
ISIC_9940495,dermoscopic,600,450,27397,
ISIC_9940509,clinical: close-up,600,450,43295,
ISIC_9941177,clinical: close-up,600,450,23777,
ISIC_9944257,dermoscopic,600,450,31324,
ISIC_9944485,dermoscopic,600,450,28062,
ISIC_9945084,dermoscopic,600,450,52688,
ISIC_9945188,dermoscopic,600,450,33336,
ISIC_9945392,dermoscopic,600,450,38697,
ISIC_9945604,dermoscopic,600,450,17989,
ISIC_9945680,dermoscopic,600,450,24246,
ISIC_9950919,clinical: close-up,600,450,33586,
ISIC_9951312,clinical: close-up,600,450,39594,
ISIC_9951505,clinical: close-up,600,450,52559,
ISIC_9954496,dermoscopic,600,450,25791,
ISIC_9955193,clinical: close-up,600,450,47323,
ISIC_9956546,clinical: close-up,600,450,42567,
ISIC_9956878,clinical: close-up,600,450,17349,
ISIC_9961570,dermoscopic,600,450,23205,
ISIC_9961928,clinical: close-up,600,450,31970,
ISIC_9963933,clinical: close-up,600,450,26735,
ISIC_9965584,clinical: close-up,600,450,41322,
ISIC_9966328,clinical: close-up,600,450,39189,
ISIC_9966733,dermoscopic,600,450,20375,
ISIC_9968131,clinical: close-up,600,450,42574,
ISIC_9969311,clinical: close-up,600,450,51950,
ISIC_9971064,dermoscopic,600,450,19977,
ISIC_9973095,clinical: close-up,600,450,46882,
ISIC_9973379,dermoscopic,600,450,27596,
ISIC_9973864,dermoscopic,600,450,21430,
ISIC_9974916,clinical: close-up,600,450,41238,
ISIC_9976872,clinical: close-up,600,450,42906,
ISIC_9977374,dermoscopic,600,450,27648,
ISIC_9978058,dermoscopic,600,450,18029,
ISIC_9979190,dermoscopic,600,450,24378,
ISIC_9981611,clinical: close-up,600,450,44746,
ISIC_9982272,dermoscopic,600,450,15061,
ISIC_9983655,clinical: close-up,600,450,17932,
ISIC_9985358,clinical: close-up,600,450,34561,
ISIC_9986730,dermoscopic,600,450,28468,
ISIC_9987344,clinical: close-up,600,450,27021,
ISIC_9987696,dermoscopic,600,450,20194,
ISIC_9987719,dermoscopic,600,450,24429,
ISIC_9989178,clinical: close-up,600,450,25424,
ISIC_9989889,dermoscopic,600,450,26687,
ISIC_9991793,clinical: close-up,600,450,38031,
ISIC_9992299,dermoscopic,600,450,18459,
ISIC_9992648,dermoscopic,600,450,21669,
ISIC_9994191,dermoscopic,600,450,23766,
ISIC_9995425,dermoscopic,600,450,33312,
ISIC_9995871,dermoscopic,600,450,23436,
ISIC_9995901,clinical: close-up,600,450,37778,
ISIC_9997661,dermoscopic,600,450,31677,
ISIC_9998198,clinical: close-up,600,450,32372,
ISIC_9998927,clinical: close-up,600,450,32635,
ISIC_9999151,clinical: close-up,600,450,40147,
